pk_woo_id,status,operation_key,operation_description,operation_type,operation_subtype,operation_order,priority_score,duration,duration_unit,confirmed_work,confirmed_work_unit,required_skill_desc,predecessor_operation_key,order_basic_start_date,order_basic_end_date,operation_scheduled_start,operation_scheduled_end,fk_assigned_technician_id,asset_status,asset_description,asset_criticality,asset_address_street,asset_address_door,asset_address_post_code,asset_address_city,asset_address_region,customer_description,is_corrective,duration_minutes
132,To do,Preventive-monthly-1,Safety Systems Check,Preventive,monthly,1,3,"30,0",Minutes,"0,0",Minutes,"Inspector Junior, Inspector Senior",,4/11/2024,8/11/2024,,,,In service,Asset Description 1,Good,Rue de la Loi,16.0,1000.0,Brussels,Brussels,Customer 1,0,30
133,To do,Preventive-monthly-2,Structural and Mechanical Inspection,Preventive,monthly,2,3,"30,0",Minutes,"0,0",Minutes,"Inspector Junior, Inspector Senior",15.0,4/11/2024,8/11/2024,,,,In service,Asset Description 1,Good,Rue de la Loi,16.0,1000.0,Brussels,Brussels,Customer 1,0,30
134,To do,Preventive-monthly-3,Electrical and Control Systems Examination,Preventive,monthly,3,3,"30,0",Minutes,"0,0",Minutes,"Inspector Junior, Inspector Senior",16.0,4/11/2024,8/11/2024,,,,In service,Asset Description 1,Good,Rue de la Loi,16.0,1000.0,Brussels,Brussels,Customer 1,0,30
135,To do,Preventive-monthly-4,Performance and Load Testing,Preventive,monthly,4,3,"50,0",Minutes,"0,0",Minutes,"Inspector Junior, Inspector Senior",17.0,4/11/2024,8/11/2024,,,,In service,Asset Description 1,Good,Rue de la Loi,16.0,1000.0,Brussels,Brussels,Customer 1,0,50
136,To do,Preventive-monthly-5,Documentation and Compliance Verification,Preventive,monthly,5,3,"10,0",Minutes,"0,0",Minutes,"Inspector Junior, Inspector Senior",18.0,4/11/2024,8/11/2024,,,,In service,Asset Description 1,Good,Rue de la Loi,16.0,1000.0,Brussels,Brussels,Customer 1,0,10
137,To do,Corrective-Breakdown-1,Secure the Area,Corrective,Breakdown,1,1,"15,0",Minutes,"0,0",Minutes,"Electrician, Mecanician, Inspector Senior",,,,,,,In service,Asset Description 2,Adequate,Avenue Louise,50.0,1050.0,Brussels,Brussels,Customer 1,1,15
138,To do,Corrective-Breakdown-2,Preliminary Inspection,Corrective,Breakdown,2,1,"20,0",Minutes,"0,0",Minutes,"Electrician, Mecanician, Inspector Senior",1.0,,,,,,In service,Asset Description 2,Adequate,Avenue Louise,50.0,1050.0,Brussels,Brussels,Customer 1,1,20
139,To do,Corrective-Breakdown-3,Diagnostics and Troubleshooting,Corrective,Breakdown,3,1,"1,0",Hours,"0,0",Minutes,"Electrician, Mecanician, Inspector Senior",2.0,,,,,,In service,Asset Description 2,Adequate,Avenue Louise,50.0,1050.0,Brussels,Brussels,Customer 1,1,60
140,To do,Corrective-Breakdown-4,Component Repair or Replacement,Corrective,Breakdown,4,1,"1,0",Hours,"0,0",Minutes,"Electrician, Mecanician, Inspector Senior",3.0,,,,,,In service,Asset Description 2,Adequate,Avenue Louise,50.0,1050.0,Brussels,Brussels,Customer 1,1,60
141,To do,Corrective-Breakdown-7,Post-Repair Adjustments,Corrective,Breakdown,7,1,"20,0",Minutes,"0,0",Minutes,"Electrician, Mecanician, Inspector Senior",6.0,,,,,,In service,Asset Description 2,Adequate,Avenue Louise,50.0,1050.0,Brussels,Brussels,Customer 1,1,20
142,To do,Corrective-Breakdown-5,Control System Reset,Corrective,Breakdown,5,1,"30,0",Minutes,"0,0",Minutes,"Electrician, Mecanician, Inspector Senior",4.0,,,,,,In service,Asset Description 2,Adequate,Avenue Louise,50.0,1050.0,Brussels,Brussels,Customer 1,1,30
143,To do,Corrective-Breakdown-6,Detailed Testing and Validation,Corrective,Breakdown,6,1,"45,0",Minutes,"0,0",Minutes,"Electrician, Mecanician, Inspector Senior",5.0,,,,,,In service,Asset Description 2,Adequate,Avenue Louise,50.0,1050.0,Brussels,Brussels,Customer 1,1,45
144,To do,Corrective-Breakdown-8,System Cleanup and Safety Checks,Corrective,Breakdown,8,1,"15,0",Minutes,"0,0",Minutes,"Electrician, Mecanician, Inspector Senior",7.0,,,,,,In service,Asset Description 2,Adequate,Avenue Louise,50.0,1050.0,Brussels,Brussels,Customer 1,1,15
145,To do,Corrective-Breakdown-10,Restore Service,Corrective,Breakdown,10,1,"15,0",Minutes,"0,0",Minutes,"Electrician, Mecanician, Inspector Senior",21.0,,,,,,In service,Asset Description 2,Adequate,Avenue Louise,50.0,1050.0,Brussels,Brussels,Customer 1,1,15
146,To do,Corrective-Breakdown-9,Documentation and Reporting,Corrective,Breakdown,9,1,"20,0",Minutes,"0,0",Minutes,"Electrician, Mecanician, Inspector Senior",20.0,,,,,,In service,Asset Description 2,Adequate,Avenue Louise,50.0,1050.0,Brussels,Brussels,Customer 1,1,20
147,To do,Corrective-Low-1,Diagnostics and Troubleshooting,Corrective,Low,1,4,"30,0",Minutes,"0,0",Minutes,"Electrician, Mecanician, Inspector Junior, Inspector Senior",,,,,,,In service,Asset Description 3,Bad,Chaussée de Waterloo,200.0,1060.0,Brussels,Brussels,Customer 1,1,30
148,To do,Corrective-Low-2,Component Repair and Replacement,Corrective,Low,2,4,"1,0",Hours,"0,0",Minutes,"Electrician, Mecanician, Inspector Junior, Inspector Senior",8.0,,,,,,In service,Asset Description 3,Bad,Chaussée de Waterloo,200.0,1060.0,Brussels,Brussels,Customer 1,1,60
149,To do,Corrective-Low-3,Control System Checks,Corrective,Low,3,4,"5,0",Minutes,"0,0",Minutes,"Electrician, Mecanician, Inspector Junior, Inspector Senior",9.0,,,,,,In service,Asset Description 3,Bad,Chaussée de Waterloo,200.0,1060.0,Brussels,Brussels,Customer 1,1,5
150,To do,Corrective-Low-4,Testing and Validation,Corrective,Low,4,4,"5,0",Minutes,"0,0",Minutes,"Electrician, Mecanician, Inspector Junior, Inspector Senior",10.0,,,,,,In service,Asset Description 3,Bad,Chaussée de Waterloo,200.0,1060.0,Brussels,Brussels,Customer 1,1,5
151,To do,Corrective-Low-5,Documentation and Reporting,Corrective,Low,5,4,"5,0",Minutes,"0,0",Minutes,"Electrician, Mecanician, Inspector Junior, Inspector Senior",11.0,,,,,,In service,Asset Description 3,Bad,Chaussée de Waterloo,200.0,1060.0,Brussels,Brussels,Customer 1,1,5
152,To do,Corrective-Low-6,Post-Maintenance Adjustments,Corrective,Low,6,4,"5,0",Minutes,"0,0",Minutes,"Electrician, Mecanician, Inspector Junior, Inspector Senior",12.0,,,,,,In service,Asset Description 3,Bad,Chaussée de Waterloo,200.0,1060.0,Brussels,Brussels,Customer 1,1,5
153,To do,Corrective-Low-7,System Cleanup and Safety Checks,Corrective,Low,7,4,"10,0",Minutes,"0,0",Minutes,"Electrician, Mecanician, Inspector Junior, Inspector Senior",13.0,,,,,,In service,Asset Description 3,Bad,Chaussée de Waterloo,200.0,1060.0,Brussels,Brussels,Customer 1,1,10
333,To do,Preventive-monthly-1,Safety Systems Check,Preventive,monthly,1,3,"30,0",Minutes,"0,0",Minutes,"Inspector Junior, Inspector Senior",,4/11/2024,8/11/2024,,,,In service,Asset Description 4,Adequate,Rue Victor Hugo,100.0,1030.0,Brussels,Brussels,Customer 1,0,30
334,To do,Preventive-monthly-2,Structural and Mechanical Inspection,Preventive,monthly,2,3,"30,0",Minutes,"0,0",Minutes,"Inspector Junior, Inspector Senior",15.0,4/11/2024,8/11/2024,,,,In service,Asset Description 4,Adequate,Rue Victor Hugo,100.0,1030.0,Brussels,Brussels,Customer 1,0,30
335,To do,Preventive-monthly-3,Electrical and Control Systems Examination,Preventive,monthly,3,3,"30,0",Minutes,"0,0",Minutes,"Inspector Junior, Inspector Senior",16.0,4/11/2024,8/11/2024,,,,In service,Asset Description 4,Adequate,Rue Victor Hugo,100.0,1030.0,Brussels,Brussels,Customer 1,0,30
336,To do,Preventive-monthly-4,Performance and Load Testing,Preventive,monthly,4,3,"50,0",Minutes,"0,0",Minutes,"Inspector Junior, Inspector Senior",17.0,4/11/2024,8/11/2024,,,,In service,Asset Description 4,Adequate,Rue Victor Hugo,100.0,1030.0,Brussels,Brussels,Customer 1,0,50
337,To do,Preventive-monthly-5,Documentation and Compliance Verification,Preventive,monthly,5,3,"10,0",Minutes,"0,0",Minutes,"Inspector Junior, Inspector Senior",18.0,4/11/2024,8/11/2024,,,,In service,Asset Description 4,Adequate,Rue Victor Hugo,100.0,1030.0,Brussels,Brussels,Customer 1,0,10
338,To do,Preventive-monthly-1,Safety Systems Check,Preventive,monthly,1,3,"30,0",Minutes,"0,0",Minutes,"Inspector Junior, Inspector Senior",,4/11/2024,8/11/2024,,,,In service,Asset Description 5,Good,Avenue de Tervueren,150.0,1150.0,Brussels,Brussels,Customer 1,0,30
339,To do,Preventive-monthly-2,Structural and Mechanical Inspection,Preventive,monthly,2,3,"30,0",Minutes,"0,0",Minutes,"Inspector Junior, Inspector Senior",15.0,4/11/2024,8/11/2024,,,,In service,Asset Description 5,Good,Avenue de Tervueren,150.0,1150.0,Brussels,Brussels,Customer 1,0,30
340,To do,Preventive-monthly-3,Electrical and Control Systems Examination,Preventive,monthly,3,3,"30,0",Minutes,"0,0",Minutes,"Inspector Junior, Inspector Senior",16.0,4/11/2024,8/11/2024,,,,In service,Asset Description 5,Good,Avenue de Tervueren,150.0,1150.0,Brussels,Brussels,Customer 1,0,30
341,To do,Preventive-monthly-4,Performance and Load Testing,Preventive,monthly,4,3,"50,0",Minutes,"0,0",Minutes,"Inspector Junior, Inspector Senior",17.0,4/11/2024,8/11/2024,,,,In service,Asset Description 5,Good,Avenue de Tervueren,150.0,1150.0,Brussels,Brussels,Customer 1,0,50
342,To do,Preventive-monthly-5,Documentation and Compliance Verification,Preventive,monthly,5,3,"10,0",Minutes,"0,0",Minutes,"Inspector Junior, Inspector Senior",18.0,4/11/2024,8/11/2024,,,,In service,Asset Description 5,Good,Avenue de Tervueren,150.0,1150.0,Brussels,Brussels,Customer 1,0,10
328,To do,Preventive-monthly-1,Safety Systems Check,Preventive,monthly,1,3,"30,0",Minutes,"0,0",Minutes,"Inspector Junior, Inspector Senior",,4/11/2024,8/11/2024,,,,In service,Asset Description 6,Good,Boulevard Lambermont,300.0,1030.0,Brussels,Brussels,Customer 2,0,30
329,To do,Preventive-monthly-2,Structural and Mechanical Inspection,Preventive,monthly,2,3,"30,0",Minutes,"0,0",Minutes,"Inspector Junior, Inspector Senior",15.0,4/11/2024,8/11/2024,,,,In service,Asset Description 6,Good,Boulevard Lambermont,300.0,1030.0,Brussels,Brussels,Customer 2,0,30
330,To do,Preventive-monthly-3,Electrical and Control Systems Examination,Preventive,monthly,3,3,"30,0",Minutes,"0,0",Minutes,"Inspector Junior, Inspector Senior",16.0,4/11/2024,8/11/2024,,,,In service,Asset Description 6,Good,Boulevard Lambermont,300.0,1030.0,Brussels,Brussels,Customer 2,0,30
331,To do,Preventive-monthly-4,Performance and Load Testing,Preventive,monthly,4,3,"50,0",Minutes,"0,0",Minutes,"Inspector Junior, Inspector Senior",17.0,4/11/2024,8/11/2024,,,,In service,Asset Description 6,Good,Boulevard Lambermont,300.0,1030.0,Brussels,Brussels,Customer 2,0,50
332,To do,Preventive-monthly-5,Documentation and Compliance Verification,Preventive,monthly,5,3,"10,0",Minutes,"0,0",Minutes,"Inspector Junior, Inspector Senior",18.0,4/11/2024,8/11/2024,,,,In service,Asset Description 6,Good,Boulevard Lambermont,300.0,1030.0,Brussels,Brussels,Customer 2,0,10
323,To do,Preventive-monthly-1,Safety Systems Check,Preventive,monthly,1,3,"30,0",Minutes,"0,0",Minutes,"Inspector Junior, Inspector Senior",,4/11/2024,8/11/2024,,,,In service,Asset Description 7,Adequate,Rue de la Station,5.0,1080.0,Brussels,Brussels,Customer 2,0,30
324,To do,Preventive-monthly-2,Structural and Mechanical Inspection,Preventive,monthly,2,3,"30,0",Minutes,"0,0",Minutes,"Inspector Junior, Inspector Senior",15.0,4/11/2024,8/11/2024,,,,In service,Asset Description 7,Adequate,Rue de la Station,5.0,1080.0,Brussels,Brussels,Customer 2,0,30
325,To do,Preventive-monthly-3,Electrical and Control Systems Examination,Preventive,monthly,3,3,"30,0",Minutes,"0,0",Minutes,"Inspector Junior, Inspector Senior",16.0,4/11/2024,8/11/2024,,,,In service,Asset Description 7,Adequate,Rue de la Station,5.0,1080.0,Brussels,Brussels,Customer 2,0,30
326,To do,Preventive-monthly-4,Performance and Load Testing,Preventive,monthly,4,3,"50,0",Minutes,"0,0",Minutes,"Inspector Junior, Inspector Senior",17.0,4/11/2024,8/11/2024,,,,In service,Asset Description 7,Adequate,Rue de la Station,5.0,1080.0,Brussels,Brussels,Customer 2,0,50
327,To do,Preventive-monthly-5,Documentation and Compliance Verification,Preventive,monthly,5,3,"10,0",Minutes,"0,0",Minutes,"Inspector Junior, Inspector Senior",18.0,4/11/2024,8/11/2024,,,,In service,Asset Description 7,Adequate,Rue de la Station,5.0,1080.0,Brussels,Brussels,Customer 2,0,10
318,To do,Preventive-monthly-1,Safety Systems Check,Preventive,monthly,1,3,"30,0",Minutes,"0,0",Minutes,"Inspector Junior, Inspector Senior",,11/11/2024,15/11/2024,,,,In service,Asset Description 8,Adequate,Avenue Charles Quint,25.0,1082.0,Brussels,Brussels,Customer 3,0,30
319,To do,Preventive-monthly-2,Structural and Mechanical Inspection,Preventive,monthly,2,3,"30,0",Minutes,"0,0",Minutes,"Inspector Junior, Inspector Senior",15.0,11/11/2024,15/11/2024,,,,In service,Asset Description 8,Adequate,Avenue Charles Quint,25.0,1082.0,Brussels,Brussels,Customer 3,0,30
320,To do,Preventive-monthly-3,Electrical and Control Systems Examination,Preventive,monthly,3,3,"30,0",Minutes,"0,0",Minutes,"Inspector Junior, Inspector Senior",16.0,11/11/2024,15/11/2024,,,,In service,Asset Description 8,Adequate,Avenue Charles Quint,25.0,1082.0,Brussels,Brussels,Customer 3,0,30
321,To do,Preventive-monthly-4,Performance and Load Testing,Preventive,monthly,4,3,"50,0",Minutes,"0,0",Minutes,"Inspector Junior, Inspector Senior",17.0,11/11/2024,15/11/2024,,,,In service,Asset Description 8,Adequate,Avenue Charles Quint,25.0,1082.0,Brussels,Brussels,Customer 3,0,50
322,To do,Preventive-monthly-5,Documentation and Compliance Verification,Preventive,monthly,5,3,"10,0",Minutes,"0,0",Minutes,"Inspector Junior, Inspector Senior",18.0,11/11/2024,15/11/2024,,,,In service,Asset Description 8,Adequate,Avenue Charles Quint,25.0,1082.0,Brussels,Brussels,Customer 3,0,10
313,To do,Preventive-monthly-1,Safety Systems Check,Preventive,monthly,1,3,"30,0",Minutes,"0,0",Minutes,"Inspector Junior, Inspector Senior",,4/11/2024,8/11/2024,,,,In service,Asset Description 9,Bad,Rue de l'Église,10.0,1081.0,Brussels,Brussels,Customer 4,0,30
314,To do,Preventive-monthly-2,Structural and Mechanical Inspection,Preventive,monthly,2,3,"30,0",Minutes,"0,0",Minutes,"Inspector Junior, Inspector Senior",15.0,4/11/2024,8/11/2024,,,,In service,Asset Description 9,Bad,Rue de l'Église,10.0,1081.0,Brussels,Brussels,Customer 4,0,30
315,To do,Preventive-monthly-3,Electrical and Control Systems Examination,Preventive,monthly,3,3,"30,0",Minutes,"0,0",Minutes,"Inspector Junior, Inspector Senior",16.0,4/11/2024,8/11/2024,,,,In service,Asset Description 9,Bad,Rue de l'Église,10.0,1081.0,Brussels,Brussels,Customer 4,0,30
316,To do,Preventive-monthly-4,Performance and Load Testing,Preventive,monthly,4,3,"50,0",Minutes,"0,0",Minutes,"Inspector Junior, Inspector Senior",17.0,4/11/2024,8/11/2024,,,,In service,Asset Description 9,Bad,Rue de l'Église,10.0,1081.0,Brussels,Brussels,Customer 4,0,50
317,To do,Preventive-monthly-5,Documentation and Compliance Verification,Preventive,monthly,5,3,"10,0",Minutes,"0,0",Minutes,"Inspector Junior, Inspector Senior",18.0,4/11/2024,8/11/2024,,,,In service,Asset Description 9,Bad,Rue de l'Église,10.0,1081.0,Brussels,Brussels,Customer 4,0,10
308,To do,Preventive-monthly-1,Safety Systems Check,Preventive,monthly,1,3,"30,0",Minutes,"0,0",Minutes,"Inspector Junior, Inspector Senior",,4/11/2024,8/11/2024,,,,In service,Asset Description 10,Adequate,Chaussée de Gand,400.0,1080.0,Brussels,Brussels,Customer 5,0,30
309,To do,Preventive-monthly-2,Structural and Mechanical Inspection,Preventive,monthly,2,3,"30,0",Minutes,"0,0",Minutes,"Inspector Junior, Inspector Senior",15.0,4/11/2024,8/11/2024,,,,In service,Asset Description 10,Adequate,Chaussée de Gand,400.0,1080.0,Brussels,Brussels,Customer 5,0,30
310,To do,Preventive-monthly-3,Electrical and Control Systems Examination,Preventive,monthly,3,3,"30,0",Minutes,"0,0",Minutes,"Inspector Junior, Inspector Senior",16.0,4/11/2024,8/11/2024,,,,In service,Asset Description 10,Adequate,Chaussée de Gand,400.0,1080.0,Brussels,Brussels,Customer 5,0,30
311,To do,Preventive-monthly-4,Performance and Load Testing,Preventive,monthly,4,3,"50,0",Minutes,"0,0",Minutes,"Inspector Junior, Inspector Senior",17.0,4/11/2024,8/11/2024,,,,In service,Asset Description 10,Adequate,Chaussée de Gand,400.0,1080.0,Brussels,Brussels,Customer 5,0,50
312,To do,Preventive-monthly-5,Documentation and Compliance Verification,Preventive,monthly,5,3,"10,0",Minutes,"0,0",Minutes,"Inspector Junior, Inspector Senior",18.0,4/11/2024,8/11/2024,,,,In service,Asset Description 10,Adequate,Chaussée de Gand,400.0,1080.0,Brussels,Brussels,Customer 5,0,10
154,To do,Corrective-Low-1,Diagnostics and Troubleshooting,Corrective,Low,1,4,"30,0",Minutes,"0,0",Minutes,"Electrician, Mecanician, Inspector Junior, Inspector Senior",,,,,,,In service,Asset Description 11,Adequate,Rue de la Paix,15.0,1140.0,Brussels,Brussels,Customer 1,1,30
155,To do,Corrective-Low-2,Component Repair and Replacement,Corrective,Low,2,4,"1,0",Hours,"0,0",Minutes,"Electrician, Mecanician, Inspector Junior, Inspector Senior",8.0,,,,,,In service,Asset Description 11,Adequate,Rue de la Paix,15.0,1140.0,Brussels,Brussels,Customer 1,1,60
156,To do,Corrective-Low-3,Control System Checks,Corrective,Low,3,4,"5,0",Minutes,"0,0",Minutes,"Electrician, Mecanician, Inspector Junior, Inspector Senior",9.0,,,,,,In service,Asset Description 11,Adequate,Rue de la Paix,15.0,1140.0,Brussels,Brussels,Customer 1,1,5
157,To do,Corrective-Low-4,Testing and Validation,Corrective,Low,4,4,"5,0",Minutes,"0,0",Minutes,"Electrician, Mecanician, Inspector Junior, Inspector Senior",10.0,,,,,,In service,Asset Description 11,Adequate,Rue de la Paix,15.0,1140.0,Brussels,Brussels,Customer 1,1,5
158,To do,Corrective-Low-5,Documentation and Reporting,Corrective,Low,5,4,"5,0",Minutes,"0,0",Minutes,"Electrician, Mecanician, Inspector Junior, Inspector Senior",11.0,,,,,,In service,Asset Description 11,Adequate,Rue de la Paix,15.0,1140.0,Brussels,Brussels,Customer 1,1,5
159,To do,Corrective-Low-6,Post-Maintenance Adjustments,Corrective,Low,6,4,"5,0",Minutes,"0,0",Minutes,"Electrician, Mecanician, Inspector Junior, Inspector Senior",12.0,,,,,,In service,Asset Description 11,Adequate,Rue de la Paix,15.0,1140.0,Brussels,Brussels,Customer 1,1,5
160,To do,Corrective-Low-7,System Cleanup and Safety Checks,Corrective,Low,7,4,"10,0",Minutes,"0,0",Minutes,"Electrician, Mecanician, Inspector Junior, Inspector Senior",13.0,,,,,,In service,Asset Description 11,Adequate,Rue de la Paix,15.0,1140.0,Brussels,Brussels,Customer 1,1,10
161,To do,Corrective-Low-1,Diagnostics and Troubleshooting,Corrective,Low,1,4,"30,0",Minutes,"0,0",Minutes,"Electrician, Mecanician, Inspector Junior, Inspector Senior",,,,,,,In service,Asset Description 12,Good,Avenue des Cerisiers,20.0,1200.0,Brussels,Brussels,Customer 1,1,30
162,To do,Corrective-Low-2,Component Repair and Replacement,Corrective,Low,2,4,"1,0",Hours,"0,0",Minutes,"Electrician, Mecanician, Inspector Junior, Inspector Senior",8.0,,,,,,In service,Asset Description 12,Good,Avenue des Cerisiers,20.0,1200.0,Brussels,Brussels,Customer 1,1,60
163,To do,Corrective-Low-3,Control System Checks,Corrective,Low,3,4,"5,0",Minutes,"0,0",Minutes,"Electrician, Mecanician, Inspector Junior, Inspector Senior",9.0,,,,,,In service,Asset Description 12,Good,Avenue des Cerisiers,20.0,1200.0,Brussels,Brussels,Customer 1,1,5
164,To do,Corrective-Low-4,Testing and Validation,Corrective,Low,4,4,"5,0",Minutes,"0,0",Minutes,"Electrician, Mecanician, Inspector Junior, Inspector Senior",10.0,,,,,,In service,Asset Description 12,Good,Avenue des Cerisiers,20.0,1200.0,Brussels,Brussels,Customer 1,1,5
165,To do,Corrective-Low-5,Documentation and Reporting,Corrective,Low,5,4,"5,0",Minutes,"0,0",Minutes,"Electrician, Mecanician, Inspector Junior, Inspector Senior",11.0,,,,,,In service,Asset Description 12,Good,Avenue des Cerisiers,20.0,1200.0,Brussels,Brussels,Customer 1,1,5
166,To do,Corrective-Low-6,Post-Maintenance Adjustments,Corrective,Low,6,4,"5,0",Minutes,"0,0",Minutes,"Electrician, Mecanician, Inspector Junior, Inspector Senior",12.0,,,,,,In service,Asset Description 12,Good,Avenue des Cerisiers,20.0,1200.0,Brussels,Brussels,Customer 1,1,5
167,To do,Corrective-Low-7,System Cleanup and Safety Checks,Corrective,Low,7,4,"10,0",Minutes,"0,0",Minutes,"Electrician, Mecanician, Inspector Junior, Inspector Senior",13.0,,,,,,In service,Asset Description 12,Good,Avenue des Cerisiers,20.0,1200.0,Brussels,Brussels,Customer 1,1,10
168,To do,Corrective-Low-1,Diagnostics and Troubleshooting,Corrective,Low,1,4,"30,0",Minutes,"0,0",Minutes,"Electrician, Mecanician, Inspector Junior, Inspector Senior",,,,,,,In service,Asset Description 13,Adequate,Rue de la Station,8.0,1210.0,Brussels,Brussels,Customer 1,1,30
169,To do,Corrective-Low-2,Component Repair and Replacement,Corrective,Low,2,4,"1,0",Hours,"0,0",Minutes,"Electrician, Mecanician, Inspector Junior, Inspector Senior",8.0,,,,,,In service,Asset Description 13,Adequate,Rue de la Station,8.0,1210.0,Brussels,Brussels,Customer 1,1,60
170,To do,Corrective-Low-3,Control System Checks,Corrective,Low,3,4,"5,0",Minutes,"0,0",Minutes,"Electrician, Mecanician, Inspector Junior, Inspector Senior",9.0,,,,,,In service,Asset Description 13,Adequate,Rue de la Station,8.0,1210.0,Brussels,Brussels,Customer 1,1,5
171,To do,Corrective-Low-4,Testing and Validation,Corrective,Low,4,4,"5,0",Minutes,"0,0",Minutes,"Electrician, Mecanician, Inspector Junior, Inspector Senior",10.0,,,,,,In service,Asset Description 13,Adequate,Rue de la Station,8.0,1210.0,Brussels,Brussels,Customer 1,1,5
172,To do,Corrective-Low-5,Documentation and Reporting,Corrective,Low,5,4,"5,0",Minutes,"0,0",Minutes,"Electrician, Mecanician, Inspector Junior, Inspector Senior",11.0,,,,,,In service,Asset Description 13,Adequate,Rue de la Station,8.0,1210.0,Brussels,Brussels,Customer 1,1,5
173,To do,Corrective-Low-6,Post-Maintenance Adjustments,Corrective,Low,6,4,"5,0",Minutes,"0,0",Minutes,"Electrician, Mecanician, Inspector Junior, Inspector Senior",12.0,,,,,,In service,Asset Description 13,Adequate,Rue de la Station,8.0,1210.0,Brussels,Brussels,Customer 1,1,5
174,To do,Corrective-Low-7,System Cleanup and Safety Checks,Corrective,Low,7,4,"10,0",Minutes,"0,0",Minutes,"Electrician, Mecanician, Inspector Junior, Inspector Senior",13.0,,,,,,In service,Asset Description 13,Adequate,Rue de la Station,8.0,1210.0,Brussels,Brussels,Customer 1,1,10
1337,To do,Corrective-Low-1,Diagnostics and Troubleshooting,Corrective,Low,1,4,"30,0",Minutes,"0,0",Minutes,"Electrician, Mecanician, Inspector Junior, Inspector Senior",,,,,,,In service,Asset Description 14,Good,Boulevard du Souverain,100.0,1160.0,Brussels,Brussels,Customer 1,1,30
1338,To do,Corrective-Low-2,Component Repair and Replacement,Corrective,Low,2,4,"1,0",Hours,"0,0",Minutes,"Electrician, Mecanician, Inspector Junior, Inspector Senior",8.0,,,,,,In service,Asset Description 14,Good,Boulevard du Souverain,100.0,1160.0,Brussels,Brussels,Customer 1,1,60
1339,To do,Corrective-Low-3,Control System Checks,Corrective,Low,3,4,"5,0",Minutes,"0,0",Minutes,"Electrician, Mecanician, Inspector Junior, Inspector Senior",9.0,,,,,,In service,Asset Description 14,Good,Boulevard du Souverain,100.0,1160.0,Brussels,Brussels,Customer 1,1,5
1340,To do,Corrective-Low-4,Testing and Validation,Corrective,Low,4,4,"5,0",Minutes,"0,0",Minutes,"Electrician, Mecanician, Inspector Junior, Inspector Senior",10.0,,,,,,In service,Asset Description 14,Good,Boulevard du Souverain,100.0,1160.0,Brussels,Brussels,Customer 1,1,5
1341,To do,Corrective-Low-5,Documentation and Reporting,Corrective,Low,5,4,"5,0",Minutes,"0,0",Minutes,"Electrician, Mecanician, Inspector Junior, Inspector Senior",11.0,,,,,,In service,Asset Description 14,Good,Boulevard du Souverain,100.0,1160.0,Brussels,Brussels,Customer 1,1,5
1342,To do,Corrective-Low-6,Post-Maintenance Adjustments,Corrective,Low,6,4,"5,0",Minutes,"0,0",Minutes,"Electrician, Mecanician, Inspector Junior, Inspector Senior",12.0,,,,,,In service,Asset Description 14,Good,Boulevard du Souverain,100.0,1160.0,Brussels,Brussels,Customer 1,1,5
1343,To do,Corrective-Low-7,System Cleanup and Safety Checks,Corrective,Low,7,4,"10,0",Minutes,"0,0",Minutes,"Electrician, Mecanician, Inspector Junior, Inspector Senior",13.0,,,,,,In service,Asset Description 14,Good,Boulevard du Souverain,100.0,1160.0,Brussels,Brussels,Customer 1,1,10
1344,To do,Corrective-Low-1,Diagnostics and Troubleshooting,Corrective,Low,1,4,"30,0",Minutes,"0,0",Minutes,"Electrician, Mecanician, Inspector Junior, Inspector Senior",,,,,,,In service,Asset Description 15,Bad,Rue de l'Hôtel des Monnaies,30.0,1060.0,Brussels,Brussels,Customer 1,1,30
1345,To do,Corrective-Low-2,Component Repair and Replacement,Corrective,Low,2,4,"1,0",Hours,"0,0",Minutes,"Electrician, Mecanician, Inspector Junior, Inspector Senior",8.0,,,,,,In service,Asset Description 15,Bad,Rue de l'Hôtel des Monnaies,30.0,1060.0,Brussels,Brussels,Customer 1,1,60
1346,To do,Corrective-Low-3,Control System Checks,Corrective,Low,3,4,"5,0",Minutes,"0,0",Minutes,"Electrician, Mecanician, Inspector Junior, Inspector Senior",9.0,,,,,,In service,Asset Description 15,Bad,Rue de l'Hôtel des Monnaies,30.0,1060.0,Brussels,Brussels,Customer 1,1,5
1347,To do,Corrective-Low-4,Testing and Validation,Corrective,Low,4,4,"5,0",Minutes,"0,0",Minutes,"Electrician, Mecanician, Inspector Junior, Inspector Senior",10.0,,,,,,In service,Asset Description 15,Bad,Rue de l'Hôtel des Monnaies,30.0,1060.0,Brussels,Brussels,Customer 1,1,5
1348,To do,Corrective-Low-5,Documentation and Reporting,Corrective,Low,5,4,"5,0",Minutes,"0,0",Minutes,"Electrician, Mecanician, Inspector Junior, Inspector Senior",11.0,,,,,,In service,Asset Description 15,Bad,Rue de l'Hôtel des Monnaies,30.0,1060.0,Brussels,Brussels,Customer 1,1,5
1349,To do,Corrective-Low-6,Post-Maintenance Adjustments,Corrective,Low,6,4,"5,0",Minutes,"0,0",Minutes,"Electrician, Mecanician, Inspector Junior, Inspector Senior",12.0,,,,,,In service,Asset Description 15,Bad,Rue de l'Hôtel des Monnaies,30.0,1060.0,Brussels,Brussels,Customer 1,1,5
1350,To do,Corrective-Low-7,System Cleanup and Safety Checks,Corrective,Low,7,4,"10,0",Minutes,"0,0",Minutes,"Electrician, Mecanician, Inspector Junior, Inspector Senior",13.0,,,,,,In service,Asset Description 15,Bad,Rue de l'Hôtel des Monnaies,30.0,1060.0,Brussels,Brussels,Customer 1,1,10
252,To do,Corrective-Low-1,Diagnostics and Troubleshooting,Corrective,Low,1,4,"30,0",Minutes,"0,0",Minutes,"Electrician, Mecanician, Inspector Junior, Inspector Senior",,,,,,,In service,Asset Description 16,Good,Avenue de la Couronne,50.0,1050.0,Brussels,Brussels,Customer 2,1,30
253,To do,Corrective-Low-2,Component Repair and Replacement,Corrective,Low,2,4,"1,0",Hours,"0,0",Minutes,"Electrician, Mecanician, Inspector Junior, Inspector Senior",8.0,,,,,,In service,Asset Description 16,Good,Avenue de la Couronne,50.0,1050.0,Brussels,Brussels,Customer 2,1,60
254,To do,Corrective-Low-3,Control System Checks,Corrective,Low,3,4,"5,0",Minutes,"0,0",Minutes,"Electrician, Mecanician, Inspector Junior, Inspector Senior",9.0,,,,,,In service,Asset Description 16,Good,Avenue de la Couronne,50.0,1050.0,Brussels,Brussels,Customer 2,1,5
255,To do,Corrective-Low-4,Testing and Validation,Corrective,Low,4,4,"5,0",Minutes,"0,0",Minutes,"Electrician, Mecanician, Inspector Junior, Inspector Senior",10.0,,,,,,In service,Asset Description 16,Good,Avenue de la Couronne,50.0,1050.0,Brussels,Brussels,Customer 2,1,5
256,To do,Corrective-Low-5,Documentation and Reporting,Corrective,Low,5,4,"5,0",Minutes,"0,0",Minutes,"Electrician, Mecanician, Inspector Junior, Inspector Senior",11.0,,,,,,In service,Asset Description 16,Good,Avenue de la Couronne,50.0,1050.0,Brussels,Brussels,Customer 2,1,5
257,To do,Corrective-Low-6,Post-Maintenance Adjustments,Corrective,Low,6,4,"5,0",Minutes,"0,0",Minutes,"Electrician, Mecanician, Inspector Junior, Inspector Senior",12.0,,,,,,In service,Asset Description 16,Good,Avenue de la Couronne,50.0,1050.0,Brussels,Brussels,Customer 2,1,5
258,To do,Corrective-Low-7,System Cleanup and Safety Checks,Corrective,Low,7,4,"10,0",Minutes,"0,0",Minutes,"Electrician, Mecanician, Inspector Junior, Inspector Senior",13.0,,,,,,In service,Asset Description 16,Good,Avenue de la Couronne,50.0,1050.0,Brussels,Brussels,Customer 2,1,10
259,To do,Corrective-Low-1,Diagnostics and Troubleshooting,Corrective,Low,1,4,"30,0",Minutes,"0,0",Minutes,"Electrician, Mecanician, Inspector Junior, Inspector Senior",,,,,,,In service,Asset Description 17,Bad,Rue de la Brasserie,60.0,1050.0,Brussels,Brussels,Customer 2,1,30
260,To do,Corrective-Low-2,Component Repair and Replacement,Corrective,Low,2,4,"1,0",Hours,"0,0",Minutes,"Electrician, Mecanician, Inspector Junior, Inspector Senior",8.0,,,,,,In service,Asset Description 17,Bad,Rue de la Brasserie,60.0,1050.0,Brussels,Brussels,Customer 2,1,60
261,To do,Corrective-Low-3,Control System Checks,Corrective,Low,3,4,"5,0",Minutes,"0,0",Minutes,"Electrician, Mecanician, Inspector Junior, Inspector Senior",9.0,,,,,,In service,Asset Description 17,Bad,Rue de la Brasserie,60.0,1050.0,Brussels,Brussels,Customer 2,1,5
262,To do,Corrective-Low-4,Testing and Validation,Corrective,Low,4,4,"5,0",Minutes,"0,0",Minutes,"Electrician, Mecanician, Inspector Junior, Inspector Senior",10.0,,,,,,In service,Asset Description 17,Bad,Rue de la Brasserie,60.0,1050.0,Brussels,Brussels,Customer 2,1,5
263,To do,Corrective-Low-5,Documentation and Reporting,Corrective,Low,5,4,"5,0",Minutes,"0,0",Minutes,"Electrician, Mecanician, Inspector Junior, Inspector Senior",11.0,,,,,,In service,Asset Description 17,Bad,Rue de la Brasserie,60.0,1050.0,Brussels,Brussels,Customer 2,1,5
264,To do,Corrective-Low-6,Post-Maintenance Adjustments,Corrective,Low,6,4,"5,0",Minutes,"0,0",Minutes,"Electrician, Mecanician, Inspector Junior, Inspector Senior",12.0,,,,,,In service,Asset Description 17,Bad,Rue de la Brasserie,60.0,1050.0,Brussels,Brussels,Customer 2,1,5
265,To do,Corrective-Low-7,System Cleanup and Safety Checks,Corrective,Low,7,4,"10,0",Minutes,"0,0",Minutes,"Electrician, Mecanician, Inspector Junior, Inspector Senior",13.0,,,,,,In service,Asset Description 17,Bad,Rue de la Brasserie,60.0,1050.0,Brussels,Brussels,Customer 2,1,10
245,To do,Corrective-Low-1,Diagnostics and Troubleshooting,Corrective,Low,1,4,"30,0",Minutes,"0,0",Minutes,"Electrician, Mecanician, Inspector Junior, Inspector Senior",,,,,,,In service,Asset Description 18,Good,Chaussée de Louvain,70.0,1210.0,Brussels,Brussels,Customer 3,1,30
246,To do,Corrective-Low-2,Component Repair and Replacement,Corrective,Low,2,4,"1,0",Hours,"0,0",Minutes,"Electrician, Mecanician, Inspector Junior, Inspector Senior",8.0,,,,,,In service,Asset Description 18,Good,Chaussée de Louvain,70.0,1210.0,Brussels,Brussels,Customer 3,1,60
247,To do,Corrective-Low-3,Control System Checks,Corrective,Low,3,4,"5,0",Minutes,"0,0",Minutes,"Electrician, Mecanician, Inspector Junior, Inspector Senior",9.0,,,,,,In service,Asset Description 18,Good,Chaussée de Louvain,70.0,1210.0,Brussels,Brussels,Customer 3,1,5
248,To do,Corrective-Low-4,Testing and Validation,Corrective,Low,4,4,"5,0",Minutes,"0,0",Minutes,"Electrician, Mecanician, Inspector Junior, Inspector Senior",10.0,,,,,,In service,Asset Description 18,Good,Chaussée de Louvain,70.0,1210.0,Brussels,Brussels,Customer 3,1,5
249,To do,Corrective-Low-5,Documentation and Reporting,Corrective,Low,5,4,"5,0",Minutes,"0,0",Minutes,"Electrician, Mecanician, Inspector Junior, Inspector Senior",11.0,,,,,,In service,Asset Description 18,Good,Chaussée de Louvain,70.0,1210.0,Brussels,Brussels,Customer 3,1,5
250,To do,Corrective-Low-6,Post-Maintenance Adjustments,Corrective,Low,6,4,"5,0",Minutes,"0,0",Minutes,"Electrician, Mecanician, Inspector Junior, Inspector Senior",12.0,,,,,,In service,Asset Description 18,Good,Chaussée de Louvain,70.0,1210.0,Brussels,Brussels,Customer 3,1,5
251,To do,Corrective-Low-7,System Cleanup and Safety Checks,Corrective,Low,7,4,"10,0",Minutes,"0,0",Minutes,"Electrician, Mecanician, Inspector Junior, Inspector Senior",13.0,,,,,,In service,Asset Description 18,Good,Chaussée de Louvain,70.0,1210.0,Brussels,Brussels,Customer 3,1,10
238,To do,Corrective-Low-1,Diagnostics and Troubleshooting,Corrective,Low,1,4,"30,0",Minutes,"0,0",Minutes,"Electrician, Mecanician, Inspector Junior, Inspector Senior",,,,,,,In service,Asset Description 19,Adequate,Rue de la Loi,200.0,1040.0,Brussels,Brussels,Customer 4,1,30
239,To do,Corrective-Low-2,Component Repair and Replacement,Corrective,Low,2,4,"1,0",Hours,"0,0",Minutes,"Electrician, Mecanician, Inspector Junior, Inspector Senior",8.0,,,,,,In service,Asset Description 19,Adequate,Rue de la Loi,200.0,1040.0,Brussels,Brussels,Customer 4,1,60
240,To do,Corrective-Low-3,Control System Checks,Corrective,Low,3,4,"5,0",Minutes,"0,0",Minutes,"Electrician, Mecanician, Inspector Junior, Inspector Senior",9.0,,,,,,In service,Asset Description 19,Adequate,Rue de la Loi,200.0,1040.0,Brussels,Brussels,Customer 4,1,5
241,To do,Corrective-Low-4,Testing and Validation,Corrective,Low,4,4,"5,0",Minutes,"0,0",Minutes,"Electrician, Mecanician, Inspector Junior, Inspector Senior",10.0,,,,,,In service,Asset Description 19,Adequate,Rue de la Loi,200.0,1040.0,Brussels,Brussels,Customer 4,1,5
242,To do,Corrective-Low-5,Documentation and Reporting,Corrective,Low,5,4,"5,0",Minutes,"0,0",Minutes,"Electrician, Mecanician, Inspector Junior, Inspector Senior",11.0,,,,,,In service,Asset Description 19,Adequate,Rue de la Loi,200.0,1040.0,Brussels,Brussels,Customer 4,1,5
243,To do,Corrective-Low-6,Post-Maintenance Adjustments,Corrective,Low,6,4,"5,0",Minutes,"0,0",Minutes,"Electrician, Mecanician, Inspector Junior, Inspector Senior",12.0,,,,,,In service,Asset Description 19,Adequate,Rue de la Loi,200.0,1040.0,Brussels,Brussels,Customer 4,1,5
244,To do,Corrective-Low-7,System Cleanup and Safety Checks,Corrective,Low,7,4,"10,0",Minutes,"0,0",Minutes,"Electrician, Mecanician, Inspector Junior, Inspector Senior",13.0,,,,,,In service,Asset Description 19,Adequate,Rue de la Loi,200.0,1040.0,Brussels,Brussels,Customer 4,1,10
303,To do,Preventive-monthly-1,Safety Systems Check,Preventive,monthly,1,3,"30,0",Minutes,"0,0",Minutes,"Inspector Junior, Inspector Senior",,4/11/2024,8/11/2024,,,,In service,Asset Description 20,Bad,Avenue de la Toison d'Or,12.0,1050.0,Brussels,Brussels,Customer 5,0,30
304,To do,Preventive-monthly-2,Structural and Mechanical Inspection,Preventive,monthly,2,3,"30,0",Minutes,"0,0",Minutes,"Inspector Junior, Inspector Senior",15.0,4/11/2024,8/11/2024,,,,In service,Asset Description 20,Bad,Avenue de la Toison d'Or,12.0,1050.0,Brussels,Brussels,Customer 5,0,30
305,To do,Preventive-monthly-3,Electrical and Control Systems Examination,Preventive,monthly,3,3,"30,0",Minutes,"0,0",Minutes,"Inspector Junior, Inspector Senior",16.0,4/11/2024,8/11/2024,,,,In service,Asset Description 20,Bad,Avenue de la Toison d'Or,12.0,1050.0,Brussels,Brussels,Customer 5,0,30
306,To do,Preventive-monthly-4,Performance and Load Testing,Preventive,monthly,4,3,"50,0",Minutes,"0,0",Minutes,"Inspector Junior, Inspector Senior",17.0,4/11/2024,8/11/2024,,,,In service,Asset Description 20,Bad,Avenue de la Toison d'Or,12.0,1050.0,Brussels,Brussels,Customer 5,0,50
307,To do,Preventive-monthly-5,Documentation and Compliance Verification,Preventive,monthly,5,3,"10,0",Minutes,"0,0",Minutes,"Inspector Junior, Inspector Senior",18.0,4/11/2024,8/11/2024,,,,In service,Asset Description 20,Bad,Avenue de la Toison d'Or,12.0,1050.0,Brussels,Brussels,Customer 5,0,10
298,To do,Preventive-monthly-1,Safety Systems Check,Preventive,monthly,1,3,"30,0",Minutes,"0,0",Minutes,"Inspector Junior, Inspector Senior",,11/11/2024,15/11/2024,,,,In service,Asset Description 21,Adequate,Rue de la Chapelle,5.0,1000.0,Brussels,Brussels,Customer 4,0,30
299,To do,Preventive-monthly-2,Structural and Mechanical Inspection,Preventive,monthly,2,3,"30,0",Minutes,"0,0",Minutes,"Inspector Junior, Inspector Senior",15.0,11/11/2024,15/11/2024,,,,In service,Asset Description 21,Adequate,Rue de la Chapelle,5.0,1000.0,Brussels,Brussels,Customer 4,0,30
300,To do,Preventive-monthly-3,Electrical and Control Systems Examination,Preventive,monthly,3,3,"30,0",Minutes,"0,0",Minutes,"Inspector Junior, Inspector Senior",16.0,11/11/2024,15/11/2024,,,,In service,Asset Description 21,Adequate,Rue de la Chapelle,5.0,1000.0,Brussels,Brussels,Customer 4,0,30
301,To do,Preventive-monthly-4,Performance and Load Testing,Preventive,monthly,4,3,"50,0",Minutes,"0,0",Minutes,"Inspector Junior, Inspector Senior",17.0,11/11/2024,15/11/2024,,,,In service,Asset Description 21,Adequate,Rue de la Chapelle,5.0,1000.0,Brussels,Brussels,Customer 4,0,50
302,To do,Preventive-monthly-5,Documentation and Compliance Verification,Preventive,monthly,5,3,"10,0",Minutes,"0,0",Minutes,"Inspector Junior, Inspector Senior",18.0,11/11/2024,15/11/2024,,,,In service,Asset Description 21,Adequate,Rue de la Chapelle,5.0,1000.0,Brussels,Brussels,Customer 4,0,10
276,To do,Preventive-monthly-1,Safety Systems Check,Preventive,monthly,1,3,"30,0",Minutes,"0,0",Minutes,"Inspector Junior, Inspector Senior",,4/11/2024,8/11/2024,,,,In service,Asset Description 22,Bad,Boulevard Anspach,24.0,1000.0,Brussels,Brussels,Customer 5,0,30
277,To do,Preventive-monthly-2,Structural and Mechanical Inspection,Preventive,monthly,2,3,"30,0",Minutes,"0,0",Minutes,"Inspector Junior, Inspector Senior",15.0,4/11/2024,8/11/2024,,,,In service,Asset Description 22,Bad,Boulevard Anspach,24.0,1000.0,Brussels,Brussels,Customer 5,0,30
278,To do,Preventive-monthly-3,Electrical and Control Systems Examination,Preventive,monthly,3,3,"30,0",Minutes,"0,0",Minutes,"Inspector Junior, Inspector Senior",16.0,4/11/2024,8/11/2024,,,,In service,Asset Description 22,Bad,Boulevard Anspach,24.0,1000.0,Brussels,Brussels,Customer 5,0,30
279,To do,Preventive-monthly-4,Performance and Load Testing,Preventive,monthly,4,3,"50,0",Minutes,"0,0",Minutes,"Inspector Junior, Inspector Senior",17.0,4/11/2024,8/11/2024,,,,In service,Asset Description 22,Bad,Boulevard Anspach,24.0,1000.0,Brussels,Brussels,Customer 5,0,50
280,To do,Preventive-monthly-5,Documentation and Compliance Verification,Preventive,monthly,5,3,"10,0",Minutes,"0,0",Minutes,"Inspector Junior, Inspector Senior",18.0,4/11/2024,8/11/2024,,,,In service,Asset Description 22,Bad,Boulevard Anspach,24.0,1000.0,Brussels,Brussels,Customer 5,0,10
281,To do,Preventive-monthly-1,Safety Systems Check,Preventive,monthly,1,3,"30,0",Minutes,"0,0",Minutes,"Inspector Junior, Inspector Senior",,4/11/2024,8/11/2024,,,,In service,Asset Description 23,Adequate,Rue du Bailli,100.0,1050.0,Brussels,Brussels,Customer 5,0,30
282,To do,Preventive-monthly-2,Structural and Mechanical Inspection,Preventive,monthly,2,3,"30,0",Minutes,"0,0",Minutes,"Inspector Junior, Inspector Senior",15.0,4/11/2024,8/11/2024,,,,In service,Asset Description 23,Adequate,Rue du Bailli,100.0,1050.0,Brussels,Brussels,Customer 5,0,30
283,To do,Preventive-monthly-3,Electrical and Control Systems Examination,Preventive,monthly,3,3,"30,0",Minutes,"0,0",Minutes,"Inspector Junior, Inspector Senior",16.0,4/11/2024,8/11/2024,,,,In service,Asset Description 23,Adequate,Rue du Bailli,100.0,1050.0,Brussels,Brussels,Customer 5,0,30
284,To do,Preventive-monthly-4,Performance and Load Testing,Preventive,monthly,4,3,"50,0",Minutes,"0,0",Minutes,"Inspector Junior, Inspector Senior",17.0,4/11/2024,8/11/2024,,,,In service,Asset Description 23,Adequate,Rue du Bailli,100.0,1050.0,Brussels,Brussels,Customer 5,0,50
285,To do,Preventive-monthly-5,Documentation and Compliance Verification,Preventive,monthly,5,3,"10,0",Minutes,"0,0",Minutes,"Inspector Junior, Inspector Senior",18.0,4/11/2024,8/11/2024,,,,In service,Asset Description 23,Adequate,Rue du Bailli,100.0,1050.0,Brussels,Brussels,Customer 5,0,10
286,To do,Preventive-monthly-1,Safety Systems Check,Preventive,monthly,1,3,"30,0",Minutes,"0,0",Minutes,"Inspector Junior, Inspector Senior",,4/11/2024,8/11/2024,,,,In service,Asset Description 24,Adequate,Avenue Brugmann,200.0,1180.0,Brussels,Brussels,Customer 5,0,30
287,To do,Preventive-monthly-2,Structural and Mechanical Inspection,Preventive,monthly,2,3,"30,0",Minutes,"0,0",Minutes,"Inspector Junior, Inspector Senior",15.0,4/11/2024,8/11/2024,,,,In service,Asset Description 24,Adequate,Avenue Brugmann,200.0,1180.0,Brussels,Brussels,Customer 5,0,30
288,To do,Preventive-monthly-3,Electrical and Control Systems Examination,Preventive,monthly,3,3,"30,0",Minutes,"0,0",Minutes,"Inspector Junior, Inspector Senior",16.0,4/11/2024,8/11/2024,,,,In service,Asset Description 24,Adequate,Avenue Brugmann,200.0,1180.0,Brussels,Brussels,Customer 5,0,30
289,To do,Preventive-monthly-4,Performance and Load Testing,Preventive,monthly,4,3,"50,0",Minutes,"0,0",Minutes,"Inspector Junior, Inspector Senior",17.0,4/11/2024,8/11/2024,,,,In service,Asset Description 24,Adequate,Avenue Brugmann,200.0,1180.0,Brussels,Brussels,Customer 5,0,50
290,To do,Preventive-monthly-5,Documentation and Compliance Verification,Preventive,monthly,5,3,"10,0",Minutes,"0,0",Minutes,"Inspector Junior, Inspector Senior",18.0,4/11/2024,8/11/2024,,,,In service,Asset Description 24,Adequate,Avenue Brugmann,200.0,1180.0,Brussels,Brussels,Customer 5,0,10
291,To do,Preventive-monthly-1,Safety Systems Check,Preventive,monthly,1,3,"30,0",Minutes,"0,0",Minutes,"Inspector Junior, Inspector Senior",,11/11/2024,15/11/2024,,,,In service,Asset Description 25,Bad,Meir,50.0,2000.0,Antwerpen,Flanders,Customer 6,0,30
292,To do,Preventive-monthly-2,Structural and Mechanical Inspection,Preventive,monthly,2,3,"30,0",Minutes,"0,0",Minutes,"Inspector Junior, Inspector Senior",15.0,11/11/2024,15/11/2024,,,,In service,Asset Description 25,Bad,Meir,50.0,2000.0,Antwerpen,Flanders,Customer 6,0,30
293,To do,Preventive-monthly-3,Electrical and Control Systems Examination,Preventive,monthly,3,3,"30,0",Minutes,"0,0",Minutes,"Inspector Junior, Inspector Senior",16.0,11/11/2024,15/11/2024,,,,In service,Asset Description 25,Bad,Meir,50.0,2000.0,Antwerpen,Flanders,Customer 6,0,30
294,To do,Preventive-monthly-4,Performance and Load Testing,Preventive,monthly,4,3,"50,0",Minutes,"0,0",Minutes,"Inspector Junior, Inspector Senior",17.0,11/11/2024,15/11/2024,,,,In service,Asset Description 25,Bad,Meir,50.0,2000.0,Antwerpen,Flanders,Customer 6,0,50
295,To do,Preventive-monthly-5,Documentation and Compliance Verification,Preventive,monthly,5,3,"10,0",Minutes,"0,0",Minutes,"Inspector Junior, Inspector Senior",18.0,11/11/2024,15/11/2024,,,,In service,Asset Description 25,Bad,Meir,50.0,2000.0,Antwerpen,Flanders,Customer 6,0,10
271,To do,Preventive-monthly-1,Safety Systems Check,Preventive,monthly,1,3,"30,0",Minutes,"0,0",Minutes,"Inspector Junior, Inspector Senior",,4/11/2024,8/11/2024,,,,In service,Asset Description 26,Good,Korenmarkt,1.0,9000.0,Ghent,Flanders,Customer 7,0,30
272,To do,Preventive-monthly-2,Structural and Mechanical Inspection,Preventive,monthly,2,3,"30,0",Minutes,"0,0",Minutes,"Inspector Junior, Inspector Senior",15.0,4/11/2024,8/11/2024,,,,In service,Asset Description 26,Good,Korenmarkt,1.0,9000.0,Ghent,Flanders,Customer 7,0,30
273,To do,Preventive-monthly-3,Electrical and Control Systems Examination,Preventive,monthly,3,3,"30,0",Minutes,"0,0",Minutes,"Inspector Junior, Inspector Senior",16.0,4/11/2024,8/11/2024,,,,In service,Asset Description 26,Good,Korenmarkt,1.0,9000.0,Ghent,Flanders,Customer 7,0,30
274,To do,Preventive-monthly-4,Performance and Load Testing,Preventive,monthly,4,3,"50,0",Minutes,"0,0",Minutes,"Inspector Junior, Inspector Senior",17.0,4/11/2024,8/11/2024,,,,In service,Asset Description 26,Good,Korenmarkt,1.0,9000.0,Ghent,Flanders,Customer 7,0,50
275,To do,Preventive-monthly-5,Documentation and Compliance Verification,Preventive,monthly,5,3,"10,0",Minutes,"0,0",Minutes,"Inspector Junior, Inspector Senior",18.0,4/11/2024,8/11/2024,,,,In service,Asset Description 26,Good,Korenmarkt,1.0,9000.0,Ghent,Flanders,Customer 7,0,10
266,To do,Preventive-monthly-1,Safety Systems Check,Preventive,monthly,1,3,"30,0",Minutes,"0,0",Minutes,"Inspector Junior, Inspector Senior",,4/11/2024,8/11/2024,,,,In service,Asset Description 27,Bad,Steenstraat,38.0,8000.0,Bruges,Flanders,Customer 8,0,30
267,To do,Preventive-monthly-2,Structural and Mechanical Inspection,Preventive,monthly,2,3,"30,0",Minutes,"0,0",Minutes,"Inspector Junior, Inspector Senior",15.0,4/11/2024,8/11/2024,,,,In service,Asset Description 27,Bad,Steenstraat,38.0,8000.0,Bruges,Flanders,Customer 8,0,30
268,To do,Preventive-monthly-3,Electrical and Control Systems Examination,Preventive,monthly,3,3,"30,0",Minutes,"0,0",Minutes,"Inspector Junior, Inspector Senior",16.0,4/11/2024,8/11/2024,,,,In service,Asset Description 27,Bad,Steenstraat,38.0,8000.0,Bruges,Flanders,Customer 8,0,30
269,To do,Preventive-monthly-4,Performance and Load Testing,Preventive,monthly,4,3,"50,0",Minutes,"0,0",Minutes,"Inspector Junior, Inspector Senior",17.0,4/11/2024,8/11/2024,,,,In service,Asset Description 27,Bad,Steenstraat,38.0,8000.0,Bruges,Flanders,Customer 8,0,50
270,To do,Preventive-monthly-5,Documentation and Compliance Verification,Preventive,monthly,5,3,"10,0",Minutes,"0,0",Minutes,"Inspector Junior, Inspector Senior",18.0,4/11/2024,8/11/2024,,,,In service,Asset Description 27,Bad,Steenstraat,38.0,8000.0,Bruges,Flanders,Customer 8,0,10
231,To do,Corrective-Low-1,Diagnostics and Troubleshooting,Corrective,Low,1,4,"30,0",Minutes,"0,0",Minutes,"Electrician, Mecanician, Inspector Junior, Inspector Senior",,,,,,,In service,Asset Description 28,Good,Bondgenotenlaan,20.0,3000.0,Leuven,Flanders,Customer 9,1,30
232,To do,Corrective-Low-2,Component Repair and Replacement,Corrective,Low,2,4,"1,0",Hours,"0,0",Minutes,"Electrician, Mecanician, Inspector Junior, Inspector Senior",8.0,,,,,,In service,Asset Description 28,Good,Bondgenotenlaan,20.0,3000.0,Leuven,Flanders,Customer 9,1,60
233,To do,Corrective-Low-3,Control System Checks,Corrective,Low,3,4,"5,0",Minutes,"0,0",Minutes,"Electrician, Mecanician, Inspector Junior, Inspector Senior",9.0,,,,,,In service,Asset Description 28,Good,Bondgenotenlaan,20.0,3000.0,Leuven,Flanders,Customer 9,1,5
234,To do,Corrective-Low-4,Testing and Validation,Corrective,Low,4,4,"5,0",Minutes,"0,0",Minutes,"Electrician, Mecanician, Inspector Junior, Inspector Senior",10.0,,,,,,In service,Asset Description 28,Good,Bondgenotenlaan,20.0,3000.0,Leuven,Flanders,Customer 9,1,5
235,To do,Corrective-Low-5,Documentation and Reporting,Corrective,Low,5,4,"5,0",Minutes,"0,0",Minutes,"Electrician, Mecanician, Inspector Junior, Inspector Senior",11.0,,,,,,In service,Asset Description 28,Good,Bondgenotenlaan,20.0,3000.0,Leuven,Flanders,Customer 9,1,5
236,To do,Corrective-Low-6,Post-Maintenance Adjustments,Corrective,Low,6,4,"5,0",Minutes,"0,0",Minutes,"Electrician, Mecanician, Inspector Junior, Inspector Senior",12.0,,,,,,In service,Asset Description 28,Good,Bondgenotenlaan,20.0,3000.0,Leuven,Flanders,Customer 9,1,5
237,To do,Corrective-Low-7,System Cleanup and Safety Checks,Corrective,Low,7,4,"10,0",Minutes,"0,0",Minutes,"Electrician, Mecanician, Inspector Junior, Inspector Senior",13.0,,,,,,In service,Asset Description 28,Good,Bondgenotenlaan,20.0,3000.0,Leuven,Flanders,Customer 9,1,10
210,To do,Corrective-Low-1,Diagnostics and Troubleshooting,Corrective,Low,1,4,"30,0",Minutes,"0,0",Minutes,"Electrician, Mecanician, Inspector Junior, Inspector Senior",,,,,,,In service,Asset Description 29,Adequate,Bruul,42.0,2800.0,Mechelen,Flanders,Customer 17,1,30
211,To do,Corrective-Low-2,Component Repair and Replacement,Corrective,Low,2,4,"1,0",Hours,"0,0",Minutes,"Electrician, Mecanician, Inspector Junior, Inspector Senior",8.0,,,,,,In service,Asset Description 29,Adequate,Bruul,42.0,2800.0,Mechelen,Flanders,Customer 17,1,60
212,To do,Corrective-Low-3,Control System Checks,Corrective,Low,3,4,"5,0",Minutes,"0,0",Minutes,"Electrician, Mecanician, Inspector Junior, Inspector Senior",9.0,,,,,,In service,Asset Description 29,Adequate,Bruul,42.0,2800.0,Mechelen,Flanders,Customer 17,1,5
213,To do,Corrective-Low-4,Testing and Validation,Corrective,Low,4,4,"5,0",Minutes,"0,0",Minutes,"Electrician, Mecanician, Inspector Junior, Inspector Senior",10.0,,,,,,In service,Asset Description 29,Adequate,Bruul,42.0,2800.0,Mechelen,Flanders,Customer 17,1,5
214,To do,Corrective-Low-5,Documentation and Reporting,Corrective,Low,5,4,"5,0",Minutes,"0,0",Minutes,"Electrician, Mecanician, Inspector Junior, Inspector Senior",11.0,,,,,,In service,Asset Description 29,Adequate,Bruul,42.0,2800.0,Mechelen,Flanders,Customer 17,1,5
215,To do,Corrective-Low-6,Post-Maintenance Adjustments,Corrective,Low,6,4,"5,0",Minutes,"0,0",Minutes,"Electrician, Mecanician, Inspector Junior, Inspector Senior",12.0,,,,,,In service,Asset Description 29,Adequate,Bruul,42.0,2800.0,Mechelen,Flanders,Customer 17,1,5
216,To do,Corrective-Low-7,System Cleanup and Safety Checks,Corrective,Low,7,4,"10,0",Minutes,"0,0",Minutes,"Electrician, Mecanician, Inspector Junior, Inspector Senior",13.0,,,,,,In service,Asset Description 29,Adequate,Bruul,42.0,2800.0,Mechelen,Flanders,Customer 17,1,10
224,To do,Corrective-Low-1,Diagnostics and Troubleshooting,Corrective,Low,1,4,"30,0",Minutes,"0,0",Minutes,"Electrician, Mecanician, Inspector Junior, Inspector Senior",,,,,,,In service,Asset Description 30,Bad,Veldstraat,23.0,9000.0,Ghent,Flanders,Customer 16,1,30
225,To do,Corrective-Low-2,Component Repair and Replacement,Corrective,Low,2,4,"1,0",Hours,"0,0",Minutes,"Electrician, Mecanician, Inspector Junior, Inspector Senior",8.0,,,,,,In service,Asset Description 30,Bad,Veldstraat,23.0,9000.0,Ghent,Flanders,Customer 16,1,60
226,To do,Corrective-Low-3,Control System Checks,Corrective,Low,3,4,"5,0",Minutes,"0,0",Minutes,"Electrician, Mecanician, Inspector Junior, Inspector Senior",9.0,,,,,,In service,Asset Description 30,Bad,Veldstraat,23.0,9000.0,Ghent,Flanders,Customer 16,1,5
227,To do,Corrective-Low-4,Testing and Validation,Corrective,Low,4,4,"5,0",Minutes,"0,0",Minutes,"Electrician, Mecanician, Inspector Junior, Inspector Senior",10.0,,,,,,In service,Asset Description 30,Bad,Veldstraat,23.0,9000.0,Ghent,Flanders,Customer 16,1,5
228,To do,Corrective-Low-5,Documentation and Reporting,Corrective,Low,5,4,"5,0",Minutes,"0,0",Minutes,"Electrician, Mecanician, Inspector Junior, Inspector Senior",11.0,,,,,,In service,Asset Description 30,Bad,Veldstraat,23.0,9000.0,Ghent,Flanders,Customer 16,1,5
229,To do,Corrective-Low-6,Post-Maintenance Adjustments,Corrective,Low,6,4,"5,0",Minutes,"0,0",Minutes,"Electrician, Mecanician, Inspector Junior, Inspector Senior",12.0,,,,,,In service,Asset Description 30,Bad,Veldstraat,23.0,9000.0,Ghent,Flanders,Customer 16,1,5
230,To do,Corrective-Low-7,System Cleanup and Safety Checks,Corrective,Low,7,4,"10,0",Minutes,"0,0",Minutes,"Electrician, Mecanician, Inspector Junior, Inspector Senior",13.0,,,,,,In service,Asset Description 30,Bad,Veldstraat,23.0,9000.0,Ghent,Flanders,Customer 16,1,10
217,To do,Corrective-Low-1,Diagnostics and Troubleshooting,Corrective,Low,1,4,"30,0",Minutes,"0,0",Minutes,"Electrician, Mecanician, Inspector Junior, Inspector Senior",,,,,,,In service,Asset Description 31,Adequate,Hoogstraat,15.0,2000.0,Antwerpen,Flanders,Customer 10,1,30
218,To do,Corrective-Low-2,Component Repair and Replacement,Corrective,Low,2,4,"1,0",Hours,"0,0",Minutes,"Electrician, Mecanician, Inspector Junior, Inspector Senior",8.0,,,,,,In service,Asset Description 31,Adequate,Hoogstraat,15.0,2000.0,Antwerpen,Flanders,Customer 10,1,60
219,To do,Corrective-Low-3,Control System Checks,Corrective,Low,3,4,"5,0",Minutes,"0,0",Minutes,"Electrician, Mecanician, Inspector Junior, Inspector Senior",9.0,,,,,,In service,Asset Description 31,Adequate,Hoogstraat,15.0,2000.0,Antwerpen,Flanders,Customer 10,1,5
220,To do,Corrective-Low-4,Testing and Validation,Corrective,Low,4,4,"5,0",Minutes,"0,0",Minutes,"Electrician, Mecanician, Inspector Junior, Inspector Senior",10.0,,,,,,In service,Asset Description 31,Adequate,Hoogstraat,15.0,2000.0,Antwerpen,Flanders,Customer 10,1,5
221,To do,Corrective-Low-5,Documentation and Reporting,Corrective,Low,5,4,"5,0",Minutes,"0,0",Minutes,"Electrician, Mecanician, Inspector Junior, Inspector Senior",11.0,,,,,,In service,Asset Description 31,Adequate,Hoogstraat,15.0,2000.0,Antwerpen,Flanders,Customer 10,1,5
222,To do,Corrective-Low-6,Post-Maintenance Adjustments,Corrective,Low,6,4,"5,0",Minutes,"0,0",Minutes,"Electrician, Mecanician, Inspector Junior, Inspector Senior",12.0,,,,,,In service,Asset Description 31,Adequate,Hoogstraat,15.0,2000.0,Antwerpen,Flanders,Customer 10,1,5
223,To do,Corrective-Low-7,System Cleanup and Safety Checks,Corrective,Low,7,4,"10,0",Minutes,"0,0",Minutes,"Electrician, Mecanician, Inspector Junior, Inspector Senior",13.0,,,,,,In service,Asset Description 31,Adequate,Hoogstraat,15.0,2000.0,Antwerpen,Flanders,Customer 10,1,10
344,To do,Corrective-Low-1,Diagnostics and Troubleshooting,Corrective,Low,1,4,"30,0",Minutes,"0,0",Minutes,"Electrician, Mecanician, Inspector Junior, Inspector Senior",,4/11/2024,8/11/2024,,,,In service,Asset Description 32,Bad,Lippenslaan,10.0,8300.0,Knokke-Heist,Flanders,Customer 13,1,30
345,To do,Corrective-Low-2,Component Repair and Replacement,Corrective,Low,2,4,"1,0",Hours,"0,0",Minutes,"Electrician, Mecanician, Inspector Junior, Inspector Senior",8.0,4/11/2024,8/11/2024,,,,In service,Asset Description 32,Bad,Lippenslaan,10.0,8300.0,Knokke-Heist,Flanders,Customer 13,1,60
346,To do,Corrective-Low-3,Control System Checks,Corrective,Low,3,4,"5,0",Minutes,"0,0",Minutes,"Electrician, Mecanician, Inspector Junior, Inspector Senior",9.0,4/11/2024,8/11/2024,,,,In service,Asset Description 32,Bad,Lippenslaan,10.0,8300.0,Knokke-Heist,Flanders,Customer 13,1,5
347,To do,Corrective-Low-4,Testing and Validation,Corrective,Low,4,4,"5,0",Minutes,"0,0",Minutes,"Electrician, Mecanician, Inspector Junior, Inspector Senior",10.0,4/11/2024,8/11/2024,,,,In service,Asset Description 32,Bad,Lippenslaan,10.0,8300.0,Knokke-Heist,Flanders,Customer 13,1,5
348,To do,Corrective-Low-5,Documentation and Reporting,Corrective,Low,5,4,"5,0",Minutes,"0,0",Minutes,"Electrician, Mecanician, Inspector Junior, Inspector Senior",11.0,4/11/2024,8/11/2024,,,,In service,Asset Description 32,Bad,Lippenslaan,10.0,8300.0,Knokke-Heist,Flanders,Customer 13,1,5
349,To do,Corrective-Low-6,Post-Maintenance Adjustments,Corrective,Low,6,4,"5,0",Minutes,"0,0",Minutes,"Electrician, Mecanician, Inspector Junior, Inspector Senior",12.0,4/11/2024,8/11/2024,,,,In service,Asset Description 32,Bad,Lippenslaan,10.0,8300.0,Knokke-Heist,Flanders,Customer 13,1,5
350,To do,Corrective-Low-7,System Cleanup and Safety Checks,Corrective,Low,7,4,"10,0",Minutes,"0,0",Minutes,"Electrician, Mecanician, Inspector Junior, Inspector Senior",13.0,4/11/2024,8/11/2024,,,,In service,Asset Description 32,Bad,Lippenslaan,10.0,8300.0,Knokke-Heist,Flanders,Customer 13,1,10
386,To do,Corrective-Low-1,Diagnostics and Troubleshooting,Corrective,Low,1,4,"30,0",Minutes,"0,0",Minutes,"Electrician, Mecanician, Inspector Junior, Inspector Senior",,4/11/2024,8/11/2024,,,,In service,Asset Description 33,Adequate,Diestsestraat,5.0,3000.0,Leuven,Flanders,Customer 11,1,30
387,To do,Corrective-Low-2,Component Repair and Replacement,Corrective,Low,2,4,"1,0",Hours,"0,0",Minutes,"Electrician, Mecanician, Inspector Junior, Inspector Senior",8.0,4/11/2024,8/11/2024,,,,In service,Asset Description 33,Adequate,Diestsestraat,5.0,3000.0,Leuven,Flanders,Customer 11,1,60
388,To do,Corrective-Low-3,Control System Checks,Corrective,Low,3,4,"5,0",Minutes,"0,0",Minutes,"Electrician, Mecanician, Inspector Junior, Inspector Senior",9.0,4/11/2024,8/11/2024,,,,In service,Asset Description 33,Adequate,Diestsestraat,5.0,3000.0,Leuven,Flanders,Customer 11,1,5
389,To do,Corrective-Low-4,Testing and Validation,Corrective,Low,4,4,"5,0",Minutes,"0,0",Minutes,"Electrician, Mecanician, Inspector Junior, Inspector Senior",10.0,4/11/2024,8/11/2024,,,,In service,Asset Description 33,Adequate,Diestsestraat,5.0,3000.0,Leuven,Flanders,Customer 11,1,5
390,To do,Corrective-Low-5,Documentation and Reporting,Corrective,Low,5,4,"5,0",Minutes,"0,0",Minutes,"Electrician, Mecanician, Inspector Junior, Inspector Senior",11.0,4/11/2024,8/11/2024,,,,In service,Asset Description 33,Adequate,Diestsestraat,5.0,3000.0,Leuven,Flanders,Customer 11,1,5
391,To do,Corrective-Low-6,Post-Maintenance Adjustments,Corrective,Low,6,4,"5,0",Minutes,"0,0",Minutes,"Electrician, Mecanician, Inspector Junior, Inspector Senior",12.0,4/11/2024,8/11/2024,,,,In service,Asset Description 33,Adequate,Diestsestraat,5.0,3000.0,Leuven,Flanders,Customer 11,1,5
392,To do,Corrective-Low-7,System Cleanup and Safety Checks,Corrective,Low,7,4,"10,0",Minutes,"0,0",Minutes,"Electrician, Mecanician, Inspector Junior, Inspector Senior",13.0,4/11/2024,8/11/2024,,,,In service,Asset Description 33,Adequate,Diestsestraat,5.0,3000.0,Leuven,Flanders,Customer 11,1,10
379,To do,Corrective-Low-1,Diagnostics and Troubleshooting,Corrective,Low,1,4,"30,0",Minutes,"0,0",Minutes,"Electrician, Mecanician, Inspector Junior, Inspector Senior",,4/11/2024,8/11/2024,,,,In service,Asset Description 34,Adequate,Kapellestraat,60.0,8400.0,Ostend,Flanders,Customer 12,1,30
380,To do,Corrective-Low-2,Component Repair and Replacement,Corrective,Low,2,4,"1,0",Hours,"0,0",Minutes,"Electrician, Mecanician, Inspector Junior, Inspector Senior",8.0,4/11/2024,8/11/2024,,,,In service,Asset Description 34,Adequate,Kapellestraat,60.0,8400.0,Ostend,Flanders,Customer 12,1,60
381,To do,Corrective-Low-3,Control System Checks,Corrective,Low,3,4,"5,0",Minutes,"0,0",Minutes,"Electrician, Mecanician, Inspector Junior, Inspector Senior",9.0,4/11/2024,8/11/2024,,,,In service,Asset Description 34,Adequate,Kapellestraat,60.0,8400.0,Ostend,Flanders,Customer 12,1,5
382,To do,Corrective-Low-4,Testing and Validation,Corrective,Low,4,4,"5,0",Minutes,"0,0",Minutes,"Electrician, Mecanician, Inspector Junior, Inspector Senior",10.0,4/11/2024,8/11/2024,,,,In service,Asset Description 34,Adequate,Kapellestraat,60.0,8400.0,Ostend,Flanders,Customer 12,1,5
383,To do,Corrective-Low-5,Documentation and Reporting,Corrective,Low,5,4,"5,0",Minutes,"0,0",Minutes,"Electrician, Mecanician, Inspector Junior, Inspector Senior",11.0,4/11/2024,8/11/2024,,,,In service,Asset Description 34,Adequate,Kapellestraat,60.0,8400.0,Ostend,Flanders,Customer 12,1,5
384,To do,Corrective-Low-6,Post-Maintenance Adjustments,Corrective,Low,6,4,"5,0",Minutes,"0,0",Minutes,"Electrician, Mecanician, Inspector Junior, Inspector Senior",12.0,4/11/2024,8/11/2024,,,,In service,Asset Description 34,Adequate,Kapellestraat,60.0,8400.0,Ostend,Flanders,Customer 12,1,5
385,To do,Corrective-Low-7,System Cleanup and Safety Checks,Corrective,Low,7,4,"10,0",Minutes,"0,0",Minutes,"Electrician, Mecanician, Inspector Junior, Inspector Senior",13.0,4/11/2024,8/11/2024,,,,In service,Asset Description 34,Adequate,Kapellestraat,60.0,8400.0,Ostend,Flanders,Customer 12,1,10
372,To do,Corrective-Low-1,Diagnostics and Troubleshooting,Corrective,Low,1,4,"30,0",Minutes,"0,0",Minutes,"Electrician, Mecanician, Inspector Junior, Inspector Senior",,4/11/2024,8/11/2024,,,,In service,Asset Description 35,Bad,Veldstraat,20.0,9000.0,Ghent,Flanders,Customer 10,1,30
373,To do,Corrective-Low-2,Component Repair and Replacement,Corrective,Low,2,4,"1,0",Hours,"0,0",Minutes,"Electrician, Mecanician, Inspector Junior, Inspector Senior",8.0,4/11/2024,8/11/2024,,,,In service,Asset Description 35,Bad,Veldstraat,20.0,9000.0,Ghent,Flanders,Customer 10,1,60
374,To do,Corrective-Low-3,Control System Checks,Corrective,Low,3,4,"5,0",Minutes,"0,0",Minutes,"Electrician, Mecanician, Inspector Junior, Inspector Senior",9.0,4/11/2024,8/11/2024,,,,In service,Asset Description 35,Bad,Veldstraat,20.0,9000.0,Ghent,Flanders,Customer 10,1,5
375,To do,Corrective-Low-4,Testing and Validation,Corrective,Low,4,4,"5,0",Minutes,"0,0",Minutes,"Electrician, Mecanician, Inspector Junior, Inspector Senior",10.0,4/11/2024,8/11/2024,,,,In service,Asset Description 35,Bad,Veldstraat,20.0,9000.0,Ghent,Flanders,Customer 10,1,5
376,To do,Corrective-Low-5,Documentation and Reporting,Corrective,Low,5,4,"5,0",Minutes,"0,0",Minutes,"Electrician, Mecanician, Inspector Junior, Inspector Senior",11.0,4/11/2024,8/11/2024,,,,In service,Asset Description 35,Bad,Veldstraat,20.0,9000.0,Ghent,Flanders,Customer 10,1,5
377,To do,Corrective-Low-6,Post-Maintenance Adjustments,Corrective,Low,6,4,"5,0",Minutes,"0,0",Minutes,"Electrician, Mecanician, Inspector Junior, Inspector Senior",12.0,4/11/2024,8/11/2024,,,,In service,Asset Description 35,Bad,Veldstraat,20.0,9000.0,Ghent,Flanders,Customer 10,1,5
378,To do,Corrective-Low-7,System Cleanup and Safety Checks,Corrective,Low,7,4,"10,0",Minutes,"0,0",Minutes,"Electrician, Mecanician, Inspector Junior, Inspector Senior",13.0,4/11/2024,8/11/2024,,,,In service,Asset Description 35,Bad,Veldstraat,20.0,9000.0,Ghent,Flanders,Customer 10,1,10
358,To do,Corrective-Low-1,Diagnostics and Troubleshooting,Corrective,Low,1,4,"30,0",Minutes,"0,0",Minutes,"Electrician, Mecanician, Inspector Junior, Inspector Senior",,4/11/2024,8/11/2024,,,,In service,Asset Description 36,Good,Lange Munt,8.0,9000.0,Ghent,Flanders,Customer 15,1,30
359,To do,Corrective-Low-2,Component Repair and Replacement,Corrective,Low,2,4,"1,0",Hours,"0,0",Minutes,"Electrician, Mecanician, Inspector Junior, Inspector Senior",8.0,4/11/2024,8/11/2024,,,,In service,Asset Description 36,Good,Lange Munt,8.0,9000.0,Ghent,Flanders,Customer 15,1,60
360,To do,Corrective-Low-3,Control System Checks,Corrective,Low,3,4,"5,0",Minutes,"0,0",Minutes,"Electrician, Mecanician, Inspector Junior, Inspector Senior",9.0,4/11/2024,8/11/2024,,,,In service,Asset Description 36,Good,Lange Munt,8.0,9000.0,Ghent,Flanders,Customer 15,1,5
361,To do,Corrective-Low-4,Testing and Validation,Corrective,Low,4,4,"5,0",Minutes,"0,0",Minutes,"Electrician, Mecanician, Inspector Junior, Inspector Senior",10.0,4/11/2024,8/11/2024,,,,In service,Asset Description 36,Good,Lange Munt,8.0,9000.0,Ghent,Flanders,Customer 15,1,5
362,To do,Corrective-Low-5,Documentation and Reporting,Corrective,Low,5,4,"5,0",Minutes,"0,0",Minutes,"Electrician, Mecanician, Inspector Junior, Inspector Senior",11.0,4/11/2024,8/11/2024,,,,In service,Asset Description 36,Good,Lange Munt,8.0,9000.0,Ghent,Flanders,Customer 15,1,5
363,To do,Corrective-Low-6,Post-Maintenance Adjustments,Corrective,Low,6,4,"5,0",Minutes,"0,0",Minutes,"Electrician, Mecanician, Inspector Junior, Inspector Senior",12.0,4/11/2024,8/11/2024,,,,In service,Asset Description 36,Good,Lange Munt,8.0,9000.0,Ghent,Flanders,Customer 15,1,5
364,To do,Corrective-Low-7,System Cleanup and Safety Checks,Corrective,Low,7,4,"10,0",Minutes,"0,0",Minutes,"Electrician, Mecanician, Inspector Junior, Inspector Senior",13.0,4/11/2024,8/11/2024,,,,In service,Asset Description 36,Good,Lange Munt,8.0,9000.0,Ghent,Flanders,Customer 15,1,10
365,To do,Corrective-Low-1,Diagnostics and Troubleshooting,Corrective,Low,1,4,"30,0",Minutes,"0,0",Minutes,"Electrician, Mecanician, Inspector Junior, Inspector Senior",,11/11/2024,15/11/2024,,,,In service,Asset Description 37,Bad,Schuttershofstraat,25.0,2000.0,Antwerpen,Flanders,Customer 14,1,30
366,To do,Corrective-Low-2,Component Repair and Replacement,Corrective,Low,2,4,"1,0",Hours,"0,0",Minutes,"Electrician, Mecanician, Inspector Junior, Inspector Senior",8.0,11/11/2024,15/11/2024,,,,In service,Asset Description 37,Bad,Schuttershofstraat,25.0,2000.0,Antwerpen,Flanders,Customer 14,1,60
367,To do,Corrective-Low-3,Control System Checks,Corrective,Low,3,4,"5,0",Minutes,"0,0",Minutes,"Electrician, Mecanician, Inspector Junior, Inspector Senior",9.0,11/11/2024,15/11/2024,,,,In service,Asset Description 37,Bad,Schuttershofstraat,25.0,2000.0,Antwerpen,Flanders,Customer 14,1,5
368,To do,Corrective-Low-4,Testing and Validation,Corrective,Low,4,4,"5,0",Minutes,"0,0",Minutes,"Electrician, Mecanician, Inspector Junior, Inspector Senior",10.0,11/11/2024,15/11/2024,,,,In service,Asset Description 37,Bad,Schuttershofstraat,25.0,2000.0,Antwerpen,Flanders,Customer 14,1,5
369,To do,Corrective-Low-5,Documentation and Reporting,Corrective,Low,5,4,"5,0",Minutes,"0,0",Minutes,"Electrician, Mecanician, Inspector Junior, Inspector Senior",11.0,11/11/2024,15/11/2024,,,,In service,Asset Description 37,Bad,Schuttershofstraat,25.0,2000.0,Antwerpen,Flanders,Customer 14,1,5
370,To do,Corrective-Low-6,Post-Maintenance Adjustments,Corrective,Low,6,4,"5,0",Minutes,"0,0",Minutes,"Electrician, Mecanician, Inspector Junior, Inspector Senior",12.0,11/11/2024,15/11/2024,,,,In service,Asset Description 37,Bad,Schuttershofstraat,25.0,2000.0,Antwerpen,Flanders,Customer 14,1,5
371,To do,Corrective-Low-7,System Cleanup and Safety Checks,Corrective,Low,7,4,"10,0",Minutes,"0,0",Minutes,"Electrician, Mecanician, Inspector Junior, Inspector Senior",13.0,11/11/2024,15/11/2024,,,,In service,Asset Description 37,Bad,Schuttershofstraat,25.0,2000.0,Antwerpen,Flanders,Customer 14,1,10
351,To do,Corrective-Low-1,Diagnostics and Troubleshooting,Corrective,Low,1,4,"30,0",Minutes,"0,0",Minutes,"Electrician, Mecanician, Inspector Junior, Inspector Senior",,4/11/2024,8/11/2024,,,,In service,Asset Description 38,Good,Vlamingstraat,30.0,8000.0,Bruges,Flanders,Customer 17,1,30
352,To do,Corrective-Low-2,Component Repair and Replacement,Corrective,Low,2,4,"1,0",Hours,"0,0",Minutes,"Electrician, Mecanician, Inspector Junior, Inspector Senior",8.0,4/11/2024,8/11/2024,,,,In service,Asset Description 38,Good,Vlamingstraat,30.0,8000.0,Bruges,Flanders,Customer 17,1,60
353,To do,Corrective-Low-3,Control System Checks,Corrective,Low,3,4,"5,0",Minutes,"0,0",Minutes,"Electrician, Mecanician, Inspector Junior, Inspector Senior",9.0,4/11/2024,8/11/2024,,,,In service,Asset Description 38,Good,Vlamingstraat,30.0,8000.0,Bruges,Flanders,Customer 17,1,5
354,To do,Corrective-Low-4,Testing and Validation,Corrective,Low,4,4,"5,0",Minutes,"0,0",Minutes,"Electrician, Mecanician, Inspector Junior, Inspector Senior",10.0,4/11/2024,8/11/2024,,,,In service,Asset Description 38,Good,Vlamingstraat,30.0,8000.0,Bruges,Flanders,Customer 17,1,5
355,To do,Corrective-Low-5,Documentation and Reporting,Corrective,Low,5,4,"5,0",Minutes,"0,0",Minutes,"Electrician, Mecanician, Inspector Junior, Inspector Senior",11.0,4/11/2024,8/11/2024,,,,In service,Asset Description 38,Good,Vlamingstraat,30.0,8000.0,Bruges,Flanders,Customer 17,1,5
356,To do,Corrective-Low-6,Post-Maintenance Adjustments,Corrective,Low,6,4,"5,0",Minutes,"0,0",Minutes,"Electrician, Mecanician, Inspector Junior, Inspector Senior",12.0,4/11/2024,8/11/2024,,,,In service,Asset Description 38,Good,Vlamingstraat,30.0,8000.0,Bruges,Flanders,Customer 17,1,5
357,To do,Corrective-Low-7,System Cleanup and Safety Checks,Corrective,Low,7,4,"10,0",Minutes,"0,0",Minutes,"Electrician, Mecanician, Inspector Junior, Inspector Senior",13.0,4/11/2024,8/11/2024,,,,In service,Asset Description 38,Good,Vlamingstraat,30.0,8000.0,Bruges,Flanders,Customer 17,1,10
421,To do,Corrective-Low-1,Diagnostics and Troubleshooting,Corrective,Low,1,4,"30,0",Minutes,"0,0",Minutes,"Electrician, Mecanician, Inspector Junior, Inspector Senior",,11/11/2024,15/11/2024,,,,In service,Asset Description 39,Adequate,Tiensestraat,18.0,3000.0,Leuven,Flanders,Customer 17,1,30
422,To do,Corrective-Low-2,Component Repair and Replacement,Corrective,Low,2,4,"1,0",Hours,"0,0",Minutes,"Electrician, Mecanician, Inspector Junior, Inspector Senior",8.0,11/11/2024,15/11/2024,,,,In service,Asset Description 39,Adequate,Tiensestraat,18.0,3000.0,Leuven,Flanders,Customer 17,1,60
423,To do,Corrective-Low-3,Control System Checks,Corrective,Low,3,4,"5,0",Minutes,"0,0",Minutes,"Electrician, Mecanician, Inspector Junior, Inspector Senior",9.0,11/11/2024,15/11/2024,,,,In service,Asset Description 39,Adequate,Tiensestraat,18.0,3000.0,Leuven,Flanders,Customer 17,1,5
424,To do,Corrective-Low-4,Testing and Validation,Corrective,Low,4,4,"5,0",Minutes,"0,0",Minutes,"Electrician, Mecanician, Inspector Junior, Inspector Senior",10.0,11/11/2024,15/11/2024,,,,In service,Asset Description 39,Adequate,Tiensestraat,18.0,3000.0,Leuven,Flanders,Customer 17,1,5
425,To do,Corrective-Low-5,Documentation and Reporting,Corrective,Low,5,4,"5,0",Minutes,"0,0",Minutes,"Electrician, Mecanician, Inspector Junior, Inspector Senior",11.0,11/11/2024,15/11/2024,,,,In service,Asset Description 39,Adequate,Tiensestraat,18.0,3000.0,Leuven,Flanders,Customer 17,1,5
426,To do,Corrective-Low-6,Post-Maintenance Adjustments,Corrective,Low,6,4,"5,0",Minutes,"0,0",Minutes,"Electrician, Mecanician, Inspector Junior, Inspector Senior",12.0,11/11/2024,15/11/2024,,,,In service,Asset Description 39,Adequate,Tiensestraat,18.0,3000.0,Leuven,Flanders,Customer 17,1,5
427,To do,Corrective-Low-7,System Cleanup and Safety Checks,Corrective,Low,7,4,"10,0",Minutes,"0,0",Minutes,"Electrician, Mecanician, Inspector Junior, Inspector Senior",13.0,11/11/2024,15/11/2024,,,,In service,Asset Description 39,Adequate,Tiensestraat,18.0,3000.0,Leuven,Flanders,Customer 17,1,10
414,To do,Corrective-Low-1,Diagnostics and Troubleshooting,Corrective,Low,1,4,"30,0",Minutes,"0,0",Minutes,"Electrician, Mecanician, Inspector Junior, Inspector Senior",,4/11/2024,8/11/2024,,,,In service,Asset Description 40,Bad,Onze-Lieve-Vrouwestraat,22.0,2800.0,Mechelen,Flanders,Customer 18,1,30
415,To do,Corrective-Low-2,Component Repair and Replacement,Corrective,Low,2,4,"1,0",Hours,"0,0",Minutes,"Electrician, Mecanician, Inspector Junior, Inspector Senior",8.0,4/11/2024,8/11/2024,,,,In service,Asset Description 40,Bad,Onze-Lieve-Vrouwestraat,22.0,2800.0,Mechelen,Flanders,Customer 18,1,60
416,To do,Corrective-Low-3,Control System Checks,Corrective,Low,3,4,"5,0",Minutes,"0,0",Minutes,"Electrician, Mecanician, Inspector Junior, Inspector Senior",9.0,4/11/2024,8/11/2024,,,,In service,Asset Description 40,Bad,Onze-Lieve-Vrouwestraat,22.0,2800.0,Mechelen,Flanders,Customer 18,1,5
417,To do,Corrective-Low-4,Testing and Validation,Corrective,Low,4,4,"5,0",Minutes,"0,0",Minutes,"Electrician, Mecanician, Inspector Junior, Inspector Senior",10.0,4/11/2024,8/11/2024,,,,In service,Asset Description 40,Bad,Onze-Lieve-Vrouwestraat,22.0,2800.0,Mechelen,Flanders,Customer 18,1,5
418,To do,Corrective-Low-5,Documentation and Reporting,Corrective,Low,5,4,"5,0",Minutes,"0,0",Minutes,"Electrician, Mecanician, Inspector Junior, Inspector Senior",11.0,4/11/2024,8/11/2024,,,,In service,Asset Description 40,Bad,Onze-Lieve-Vrouwestraat,22.0,2800.0,Mechelen,Flanders,Customer 18,1,5
419,To do,Corrective-Low-6,Post-Maintenance Adjustments,Corrective,Low,6,4,"5,0",Minutes,"0,0",Minutes,"Electrician, Mecanician, Inspector Junior, Inspector Senior",12.0,4/11/2024,8/11/2024,,,,In service,Asset Description 40,Bad,Onze-Lieve-Vrouwestraat,22.0,2800.0,Mechelen,Flanders,Customer 18,1,5
420,To do,Corrective-Low-7,System Cleanup and Safety Checks,Corrective,Low,7,4,"10,0",Minutes,"0,0",Minutes,"Electrician, Mecanician, Inspector Junior, Inspector Senior",13.0,4/11/2024,8/11/2024,,,,In service,Asset Description 40,Bad,Onze-Lieve-Vrouwestraat,22.0,2800.0,Mechelen,Flanders,Customer 18,1,10
407,To do,Corrective-Low-1,Diagnostics and Troubleshooting,Corrective,Low,1,4,"30,0",Minutes,"0,0",Minutes,"Electrician, Mecanician, Inspector Junior, Inspector Senior",,4/11/2024,8/11/2024,,,,In service,Asset Description 41,Adequate,Vlaanderenstraat,35.0,9000.0,Ghent,Flanders,Customer 21,1,30
408,To do,Corrective-Low-2,Component Repair and Replacement,Corrective,Low,2,4,"1,0",Hours,"0,0",Minutes,"Electrician, Mecanician, Inspector Junior, Inspector Senior",8.0,4/11/2024,8/11/2024,,,,In service,Asset Description 41,Adequate,Vlaanderenstraat,35.0,9000.0,Ghent,Flanders,Customer 21,1,60
409,To do,Corrective-Low-3,Control System Checks,Corrective,Low,3,4,"5,0",Minutes,"0,0",Minutes,"Electrician, Mecanician, Inspector Junior, Inspector Senior",9.0,4/11/2024,8/11/2024,,,,In service,Asset Description 41,Adequate,Vlaanderenstraat,35.0,9000.0,Ghent,Flanders,Customer 21,1,5
410,To do,Corrective-Low-4,Testing and Validation,Corrective,Low,4,4,"5,0",Minutes,"0,0",Minutes,"Electrician, Mecanician, Inspector Junior, Inspector Senior",10.0,4/11/2024,8/11/2024,,,,In service,Asset Description 41,Adequate,Vlaanderenstraat,35.0,9000.0,Ghent,Flanders,Customer 21,1,5
411,To do,Corrective-Low-5,Documentation and Reporting,Corrective,Low,5,4,"5,0",Minutes,"0,0",Minutes,"Electrician, Mecanician, Inspector Junior, Inspector Senior",11.0,4/11/2024,8/11/2024,,,,In service,Asset Description 41,Adequate,Vlaanderenstraat,35.0,9000.0,Ghent,Flanders,Customer 21,1,5
412,To do,Corrective-Low-6,Post-Maintenance Adjustments,Corrective,Low,6,4,"5,0",Minutes,"0,0",Minutes,"Electrician, Mecanician, Inspector Junior, Inspector Senior",12.0,4/11/2024,8/11/2024,,,,In service,Asset Description 41,Adequate,Vlaanderenstraat,35.0,9000.0,Ghent,Flanders,Customer 21,1,5
413,To do,Corrective-Low-7,System Cleanup and Safety Checks,Corrective,Low,7,4,"10,0",Minutes,"0,0",Minutes,"Electrician, Mecanician, Inspector Junior, Inspector Senior",13.0,4/11/2024,8/11/2024,,,,In service,Asset Description 41,Adequate,Vlaanderenstraat,35.0,9000.0,Ghent,Flanders,Customer 21,1,10
400,To do,Corrective-Low-1,Diagnostics and Troubleshooting,Corrective,Low,1,4,"30,0",Minutes,"0,0",Minutes,"Electrician, Mecanician, Inspector Junior, Inspector Senior",,4/11/2024,8/11/2024,,,,In service,Asset Description 42,Bad,Kloosterstraat,40.0,2000.0,Antwerpen,Flanders,Customer 10,1,30
401,To do,Corrective-Low-2,Component Repair and Replacement,Corrective,Low,2,4,"1,0",Hours,"0,0",Minutes,"Electrician, Mecanician, Inspector Junior, Inspector Senior",8.0,4/11/2024,8/11/2024,,,,In service,Asset Description 42,Bad,Kloosterstraat,40.0,2000.0,Antwerpen,Flanders,Customer 10,1,60
402,To do,Corrective-Low-3,Control System Checks,Corrective,Low,3,4,"5,0",Minutes,"0,0",Minutes,"Electrician, Mecanician, Inspector Junior, Inspector Senior",9.0,4/11/2024,8/11/2024,,,,In service,Asset Description 42,Bad,Kloosterstraat,40.0,2000.0,Antwerpen,Flanders,Customer 10,1,5
403,To do,Corrective-Low-4,Testing and Validation,Corrective,Low,4,4,"5,0",Minutes,"0,0",Minutes,"Electrician, Mecanician, Inspector Junior, Inspector Senior",10.0,4/11/2024,8/11/2024,,,,In service,Asset Description 42,Bad,Kloosterstraat,40.0,2000.0,Antwerpen,Flanders,Customer 10,1,5
404,To do,Corrective-Low-5,Documentation and Reporting,Corrective,Low,5,4,"5,0",Minutes,"0,0",Minutes,"Electrician, Mecanician, Inspector Junior, Inspector Senior",11.0,4/11/2024,8/11/2024,,,,In service,Asset Description 42,Bad,Kloosterstraat,40.0,2000.0,Antwerpen,Flanders,Customer 10,1,5
405,To do,Corrective-Low-6,Post-Maintenance Adjustments,Corrective,Low,6,4,"5,0",Minutes,"0,0",Minutes,"Electrician, Mecanician, Inspector Junior, Inspector Senior",12.0,4/11/2024,8/11/2024,,,,In service,Asset Description 42,Bad,Kloosterstraat,40.0,2000.0,Antwerpen,Flanders,Customer 10,1,5
406,To do,Corrective-Low-7,System Cleanup and Safety Checks,Corrective,Low,7,4,"10,0",Minutes,"0,0",Minutes,"Electrician, Mecanician, Inspector Junior, Inspector Senior",13.0,4/11/2024,8/11/2024,,,,In service,Asset Description 42,Bad,Kloosterstraat,40.0,2000.0,Antwerpen,Flanders,Customer 10,1,10
393,To do,Corrective-Low-1,Diagnostics and Troubleshooting,Corrective,Low,1,4,"30,0",Minutes,"0,0",Minutes,"Electrician, Mecanician, Inspector Junior, Inspector Senior",,11/11/2024,15/11/2024,,,,In service,Asset Description 43,Adequate,Langestraat,45.0,8000.0,Bruges,Flanders,Customer 17,1,30
394,To do,Corrective-Low-2,Component Repair and Replacement,Corrective,Low,2,4,"1,0",Hours,"0,0",Minutes,"Electrician, Mecanician, Inspector Junior, Inspector Senior",8.0,11/11/2024,15/11/2024,,,,In service,Asset Description 43,Adequate,Langestraat,45.0,8000.0,Bruges,Flanders,Customer 17,1,60
395,To do,Corrective-Low-3,Control System Checks,Corrective,Low,3,4,"5,0",Minutes,"0,0",Minutes,"Electrician, Mecanician, Inspector Junior, Inspector Senior",9.0,11/11/2024,15/11/2024,,,,In service,Asset Description 43,Adequate,Langestraat,45.0,8000.0,Bruges,Flanders,Customer 17,1,5
396,To do,Corrective-Low-4,Testing and Validation,Corrective,Low,4,4,"5,0",Minutes,"0,0",Minutes,"Electrician, Mecanician, Inspector Junior, Inspector Senior",10.0,11/11/2024,15/11/2024,,,,In service,Asset Description 43,Adequate,Langestraat,45.0,8000.0,Bruges,Flanders,Customer 17,1,5
397,To do,Corrective-Low-5,Documentation and Reporting,Corrective,Low,5,4,"5,0",Minutes,"0,0",Minutes,"Electrician, Mecanician, Inspector Junior, Inspector Senior",11.0,11/11/2024,15/11/2024,,,,In service,Asset Description 43,Adequate,Langestraat,45.0,8000.0,Bruges,Flanders,Customer 17,1,5
398,To do,Corrective-Low-6,Post-Maintenance Adjustments,Corrective,Low,6,4,"5,0",Minutes,"0,0",Minutes,"Electrician, Mecanician, Inspector Junior, Inspector Senior",12.0,11/11/2024,15/11/2024,,,,In service,Asset Description 43,Adequate,Langestraat,45.0,8000.0,Bruges,Flanders,Customer 17,1,5
399,To do,Corrective-Low-7,System Cleanup and Safety Checks,Corrective,Low,7,4,"10,0",Minutes,"0,0",Minutes,"Electrician, Mecanician, Inspector Junior, Inspector Senior",13.0,11/11/2024,15/11/2024,,,,In service,Asset Description 43,Adequate,Langestraat,45.0,8000.0,Bruges,Flanders,Customer 17,1,10
435,To do,Corrective-Low-1,Diagnostics and Troubleshooting,Corrective,Low,1,4,"30,0",Minutes,"0,0",Minutes,"Electrician, Mecanician, Inspector Junior, Inspector Senior",,4/11/2024,8/11/2024,,,,In service,Asset Description 44,Adequate,Naamsestraat,50.0,3000.0,Leuven,Flanders,Customer 19,1,30
436,To do,Corrective-Low-2,Component Repair and Replacement,Corrective,Low,2,4,"1,0",Hours,"0,0",Minutes,"Electrician, Mecanician, Inspector Junior, Inspector Senior",8.0,4/11/2024,8/11/2024,,,,In service,Asset Description 44,Adequate,Naamsestraat,50.0,3000.0,Leuven,Flanders,Customer 19,1,60
437,To do,Corrective-Low-3,Control System Checks,Corrective,Low,3,4,"5,0",Minutes,"0,0",Minutes,"Electrician, Mecanician, Inspector Junior, Inspector Senior",9.0,4/11/2024,8/11/2024,,,,In service,Asset Description 44,Adequate,Naamsestraat,50.0,3000.0,Leuven,Flanders,Customer 19,1,5
438,To do,Corrective-Low-4,Testing and Validation,Corrective,Low,4,4,"5,0",Minutes,"0,0",Minutes,"Electrician, Mecanician, Inspector Junior, Inspector Senior",10.0,4/11/2024,8/11/2024,,,,In service,Asset Description 44,Adequate,Naamsestraat,50.0,3000.0,Leuven,Flanders,Customer 19,1,5
439,To do,Corrective-Low-5,Documentation and Reporting,Corrective,Low,5,4,"5,0",Minutes,"0,0",Minutes,"Electrician, Mecanician, Inspector Junior, Inspector Senior",11.0,4/11/2024,8/11/2024,,,,In service,Asset Description 44,Adequate,Naamsestraat,50.0,3000.0,Leuven,Flanders,Customer 19,1,5
440,To do,Corrective-Low-6,Post-Maintenance Adjustments,Corrective,Low,6,4,"5,0",Minutes,"0,0",Minutes,"Electrician, Mecanician, Inspector Junior, Inspector Senior",12.0,4/11/2024,8/11/2024,,,,In service,Asset Description 44,Adequate,Naamsestraat,50.0,3000.0,Leuven,Flanders,Customer 19,1,5
441,To do,Corrective-Low-7,System Cleanup and Safety Checks,Corrective,Low,7,4,"10,0",Minutes,"0,0",Minutes,"Electrician, Mecanician, Inspector Junior, Inspector Senior",13.0,4/11/2024,8/11/2024,,,,In service,Asset Description 44,Adequate,Naamsestraat,50.0,3000.0,Leuven,Flanders,Customer 19,1,10
428,To do,Corrective-Low-1,Diagnostics and Troubleshooting,Corrective,Low,1,4,"30,0",Minutes,"0,0",Minutes,"Electrician, Mecanician, Inspector Junior, Inspector Senior",,4/11/2024,8/11/2024,,,,In service,Asset Description 45,Good,Ijzerenleen,55.0,2800.0,Mechelen,Flanders,Customer 10,1,30
429,To do,Corrective-Low-2,Component Repair and Replacement,Corrective,Low,2,4,"1,0",Hours,"0,0",Minutes,"Electrician, Mecanician, Inspector Junior, Inspector Senior",8.0,4/11/2024,8/11/2024,,,,In service,Asset Description 45,Good,Ijzerenleen,55.0,2800.0,Mechelen,Flanders,Customer 10,1,60
430,To do,Corrective-Low-3,Control System Checks,Corrective,Low,3,4,"5,0",Minutes,"0,0",Minutes,"Electrician, Mecanician, Inspector Junior, Inspector Senior",9.0,4/11/2024,8/11/2024,,,,In service,Asset Description 45,Good,Ijzerenleen,55.0,2800.0,Mechelen,Flanders,Customer 10,1,5
431,To do,Corrective-Low-4,Testing and Validation,Corrective,Low,4,4,"5,0",Minutes,"0,0",Minutes,"Electrician, Mecanician, Inspector Junior, Inspector Senior",10.0,4/11/2024,8/11/2024,,,,In service,Asset Description 45,Good,Ijzerenleen,55.0,2800.0,Mechelen,Flanders,Customer 10,1,5
432,To do,Corrective-Low-5,Documentation and Reporting,Corrective,Low,5,4,"5,0",Minutes,"0,0",Minutes,"Electrician, Mecanician, Inspector Junior, Inspector Senior",11.0,4/11/2024,8/11/2024,,,,In service,Asset Description 45,Good,Ijzerenleen,55.0,2800.0,Mechelen,Flanders,Customer 10,1,5
433,To do,Corrective-Low-6,Post-Maintenance Adjustments,Corrective,Low,6,4,"5,0",Minutes,"0,0",Minutes,"Electrician, Mecanician, Inspector Junior, Inspector Senior",12.0,4/11/2024,8/11/2024,,,,In service,Asset Description 45,Good,Ijzerenleen,55.0,2800.0,Mechelen,Flanders,Customer 10,1,5
434,To do,Corrective-Low-7,System Cleanup and Safety Checks,Corrective,Low,7,4,"10,0",Minutes,"0,0",Minutes,"Electrician, Mecanician, Inspector Junior, Inspector Senior",13.0,4/11/2024,8/11/2024,,,,In service,Asset Description 45,Good,Ijzerenleen,55.0,2800.0,Mechelen,Flanders,Customer 10,1,10
445,To do,Corrective-Low-1,Diagnostics and Troubleshooting,Corrective,Low,1,4,"30,0",Minutes,"0,0",Minutes,"Electrician, Mecanician, Inspector Junior, Inspector Senior",,,,,,,In service,Asset Description 46,Adequate,Zonnestraat,60.0,9000.0,Ghent,Flanders,Customer 19,1,30
446,To do,Corrective-Low-2,Component Repair and Replacement,Corrective,Low,2,4,"1,0",Hours,"0,0",Minutes,"Electrician, Mecanician, Inspector Junior, Inspector Senior",8.0,,,,,,In service,Asset Description 46,Adequate,Zonnestraat,60.0,9000.0,Ghent,Flanders,Customer 19,1,60
447,To do,Corrective-Low-3,Control System Checks,Corrective,Low,3,4,"5,0",Minutes,"0,0",Minutes,"Electrician, Mecanician, Inspector Junior, Inspector Senior",9.0,,,,,,In service,Asset Description 46,Adequate,Zonnestraat,60.0,9000.0,Ghent,Flanders,Customer 19,1,5
448,To do,Corrective-Low-4,Testing and Validation,Corrective,Low,4,4,"5,0",Minutes,"0,0",Minutes,"Electrician, Mecanician, Inspector Junior, Inspector Senior",10.0,,,,,,In service,Asset Description 46,Adequate,Zonnestraat,60.0,9000.0,Ghent,Flanders,Customer 19,1,5
449,To do,Corrective-Low-5,Documentation and Reporting,Corrective,Low,5,4,"5,0",Minutes,"0,0",Minutes,"Electrician, Mecanician, Inspector Junior, Inspector Senior",11.0,,,,,,In service,Asset Description 46,Adequate,Zonnestraat,60.0,9000.0,Ghent,Flanders,Customer 19,1,5
450,To do,Corrective-Low-6,Post-Maintenance Adjustments,Corrective,Low,6,4,"5,0",Minutes,"0,0",Minutes,"Electrician, Mecanician, Inspector Junior, Inspector Senior",12.0,,,,,,In service,Asset Description 46,Adequate,Zonnestraat,60.0,9000.0,Ghent,Flanders,Customer 19,1,5
451,To do,Corrective-Low-7,System Cleanup and Safety Checks,Corrective,Low,7,4,"10,0",Minutes,"0,0",Minutes,"Electrician, Mecanician, Inspector Junior, Inspector Senior",13.0,,,,,,In service,Asset Description 46,Adequate,Zonnestraat,60.0,9000.0,Ghent,Flanders,Customer 19,1,10
452,To do,Corrective-Low-1,Diagnostics and Troubleshooting,Corrective,Low,1,4,"30,0",Minutes,"0,0",Minutes,"Electrician, Mecanician, Inspector Junior, Inspector Senior",,,,,,,In service,Asset Description 47,Bad,Nationalestraat,65.0,2000.0,Antwerpen,Flanders,Customer 29,1,30
453,To do,Corrective-Low-2,Component Repair and Replacement,Corrective,Low,2,4,"1,0",Hours,"0,0",Minutes,"Electrician, Mecanician, Inspector Junior, Inspector Senior",8.0,,,,,,In service,Asset Description 47,Bad,Nationalestraat,65.0,2000.0,Antwerpen,Flanders,Customer 29,1,60
454,To do,Corrective-Low-3,Control System Checks,Corrective,Low,3,4,"5,0",Minutes,"0,0",Minutes,"Electrician, Mecanician, Inspector Junior, Inspector Senior",9.0,,,,,,In service,Asset Description 47,Bad,Nationalestraat,65.0,2000.0,Antwerpen,Flanders,Customer 29,1,5
455,To do,Corrective-Low-4,Testing and Validation,Corrective,Low,4,4,"5,0",Minutes,"0,0",Minutes,"Electrician, Mecanician, Inspector Junior, Inspector Senior",10.0,,,,,,In service,Asset Description 47,Bad,Nationalestraat,65.0,2000.0,Antwerpen,Flanders,Customer 29,1,5
456,To do,Corrective-Low-5,Documentation and Reporting,Corrective,Low,5,4,"5,0",Minutes,"0,0",Minutes,"Electrician, Mecanician, Inspector Junior, Inspector Senior",11.0,,,,,,In service,Asset Description 47,Bad,Nationalestraat,65.0,2000.0,Antwerpen,Flanders,Customer 29,1,5
457,To do,Corrective-Low-6,Post-Maintenance Adjustments,Corrective,Low,6,4,"5,0",Minutes,"0,0",Minutes,"Electrician, Mecanician, Inspector Junior, Inspector Senior",12.0,,,,,,In service,Asset Description 47,Bad,Nationalestraat,65.0,2000.0,Antwerpen,Flanders,Customer 29,1,5
458,To do,Corrective-Low-7,System Cleanup and Safety Checks,Corrective,Low,7,4,"10,0",Minutes,"0,0",Minutes,"Electrician, Mecanician, Inspector Junior, Inspector Senior",13.0,,,,,,In service,Asset Description 47,Bad,Nationalestraat,65.0,2000.0,Antwerpen,Flanders,Customer 29,1,10
459,To do,Corrective-Low-1,Diagnostics and Troubleshooting,Corrective,Low,1,4,"30,0",Minutes,"0,0",Minutes,"Electrician, Mecanician, Inspector Junior, Inspector Senior",,,,,,,In service,Asset Description 48,Adequate,Sint-Jakobsstraat,70.0,8000.0,Bruges,Flanders,Customer 20,1,30
460,To do,Corrective-Low-2,Component Repair and Replacement,Corrective,Low,2,4,"1,0",Hours,"0,0",Minutes,"Electrician, Mecanician, Inspector Junior, Inspector Senior",8.0,,,,,,In service,Asset Description 48,Adequate,Sint-Jakobsstraat,70.0,8000.0,Bruges,Flanders,Customer 20,1,60
461,To do,Corrective-Low-3,Control System Checks,Corrective,Low,3,4,"5,0",Minutes,"0,0",Minutes,"Electrician, Mecanician, Inspector Junior, Inspector Senior",9.0,,,,,,In service,Asset Description 48,Adequate,Sint-Jakobsstraat,70.0,8000.0,Bruges,Flanders,Customer 20,1,5
462,To do,Corrective-Low-4,Testing and Validation,Corrective,Low,4,4,"5,0",Minutes,"0,0",Minutes,"Electrician, Mecanician, Inspector Junior, Inspector Senior",10.0,,,,,,In service,Asset Description 48,Adequate,Sint-Jakobsstraat,70.0,8000.0,Bruges,Flanders,Customer 20,1,5
463,To do,Corrective-Low-5,Documentation and Reporting,Corrective,Low,5,4,"5,0",Minutes,"0,0",Minutes,"Electrician, Mecanician, Inspector Junior, Inspector Senior",11.0,,,,,,In service,Asset Description 48,Adequate,Sint-Jakobsstraat,70.0,8000.0,Bruges,Flanders,Customer 20,1,5
464,To do,Corrective-Low-6,Post-Maintenance Adjustments,Corrective,Low,6,4,"5,0",Minutes,"0,0",Minutes,"Electrician, Mecanician, Inspector Junior, Inspector Senior",12.0,,,,,,In service,Asset Description 48,Adequate,Sint-Jakobsstraat,70.0,8000.0,Bruges,Flanders,Customer 20,1,5
465,To do,Corrective-Low-7,System Cleanup and Safety Checks,Corrective,Low,7,4,"10,0",Minutes,"0,0",Minutes,"Electrician, Mecanician, Inspector Junior, Inspector Senior",13.0,,,,,,In service,Asset Description 48,Adequate,Sint-Jakobsstraat,70.0,8000.0,Bruges,Flanders,Customer 20,1,10
466,To do,Corrective-Low-1,Diagnostics and Troubleshooting,Corrective,Low,1,4,"30,0",Minutes,"0,0",Minutes,"Electrician, Mecanician, Inspector Junior, Inspector Senior",,,,,,,In service,Asset Description 49,Adequate,Av. du Bourg. Jean Materne,115.0,5100.0,Namur,Wallonia,Customer 21,1,30
467,To do,Corrective-Low-2,Component Repair and Replacement,Corrective,Low,2,4,"1,0",Hours,"0,0",Minutes,"Electrician, Mecanician, Inspector Junior, Inspector Senior",8.0,,,,,,In service,Asset Description 49,Adequate,Av. du Bourg. Jean Materne,115.0,5100.0,Namur,Wallonia,Customer 21,1,60
468,To do,Corrective-Low-3,Control System Checks,Corrective,Low,3,4,"5,0",Minutes,"0,0",Minutes,"Electrician, Mecanician, Inspector Junior, Inspector Senior",9.0,,,,,,In service,Asset Description 49,Adequate,Av. du Bourg. Jean Materne,115.0,5100.0,Namur,Wallonia,Customer 21,1,5
469,To do,Corrective-Low-4,Testing and Validation,Corrective,Low,4,4,"5,0",Minutes,"0,0",Minutes,"Electrician, Mecanician, Inspector Junior, Inspector Senior",10.0,,,,,,In service,Asset Description 49,Adequate,Av. du Bourg. Jean Materne,115.0,5100.0,Namur,Wallonia,Customer 21,1,5
470,To do,Corrective-Low-5,Documentation and Reporting,Corrective,Low,5,4,"5,0",Minutes,"0,0",Minutes,"Electrician, Mecanician, Inspector Junior, Inspector Senior",11.0,,,,,,In service,Asset Description 49,Adequate,Av. du Bourg. Jean Materne,115.0,5100.0,Namur,Wallonia,Customer 21,1,5
471,To do,Corrective-Low-6,Post-Maintenance Adjustments,Corrective,Low,6,4,"5,0",Minutes,"0,0",Minutes,"Electrician, Mecanician, Inspector Junior, Inspector Senior",12.0,,,,,,In service,Asset Description 49,Adequate,Av. du Bourg. Jean Materne,115.0,5100.0,Namur,Wallonia,Customer 21,1,5
472,To do,Corrective-Low-7,System Cleanup and Safety Checks,Corrective,Low,7,4,"10,0",Minutes,"0,0",Minutes,"Electrician, Mecanician, Inspector Junior, Inspector Senior",13.0,,,,,,In service,Asset Description 49,Adequate,Av. du Bourg. Jean Materne,115.0,5100.0,Namur,Wallonia,Customer 21,1,10
473,To do,Corrective-Low-1,Diagnostics and Troubleshooting,Corrective,Low,1,4,"30,0",Minutes,"0,0",Minutes,"Electrician, Mecanician, Inspector Junior, Inspector Senior",,,,,,,In service,Asset Description 50,Bad,Avenue Louise,50.0,6000.0,Charleroi,Wallonia,Customer 22,1,30
474,To do,Corrective-Low-2,Component Repair and Replacement,Corrective,Low,2,4,"1,0",Hours,"0,0",Minutes,"Electrician, Mecanician, Inspector Junior, Inspector Senior",8.0,,,,,,In service,Asset Description 50,Bad,Avenue Louise,50.0,6000.0,Charleroi,Wallonia,Customer 22,1,60
475,To do,Corrective-Low-3,Control System Checks,Corrective,Low,3,4,"5,0",Minutes,"0,0",Minutes,"Electrician, Mecanician, Inspector Junior, Inspector Senior",9.0,,,,,,In service,Asset Description 50,Bad,Avenue Louise,50.0,6000.0,Charleroi,Wallonia,Customer 22,1,5
476,To do,Corrective-Low-4,Testing and Validation,Corrective,Low,4,4,"5,0",Minutes,"0,0",Minutes,"Electrician, Mecanician, Inspector Junior, Inspector Senior",10.0,,,,,,In service,Asset Description 50,Bad,Avenue Louise,50.0,6000.0,Charleroi,Wallonia,Customer 22,1,5
477,To do,Corrective-Low-5,Documentation and Reporting,Corrective,Low,5,4,"5,0",Minutes,"0,0",Minutes,"Electrician, Mecanician, Inspector Junior, Inspector Senior",11.0,,,,,,In service,Asset Description 50,Bad,Avenue Louise,50.0,6000.0,Charleroi,Wallonia,Customer 22,1,5
478,To do,Corrective-Low-6,Post-Maintenance Adjustments,Corrective,Low,6,4,"5,0",Minutes,"0,0",Minutes,"Electrician, Mecanician, Inspector Junior, Inspector Senior",12.0,,,,,,In service,Asset Description 50,Bad,Avenue Louise,50.0,6000.0,Charleroi,Wallonia,Customer 22,1,5
479,To do,Corrective-Low-7,System Cleanup and Safety Checks,Corrective,Low,7,4,"10,0",Minutes,"0,0",Minutes,"Electrician, Mecanician, Inspector Junior, Inspector Senior",13.0,,,,,,In service,Asset Description 50,Bad,Avenue Louise,50.0,6000.0,Charleroi,Wallonia,Customer 22,1,10
480,To do,Corrective-Low-1,Diagnostics and Troubleshooting,Corrective,Low,1,4,"30,0",Minutes,"0,0",Minutes,"Electrician, Mecanician, Inspector Junior, Inspector Senior",,,,,,,In service,Asset Description 51,Adequate,Bd John Fitzgerald Kennedy,2.0,7000.0,Mons,Wallonia,Customer 23,1,30
481,To do,Corrective-Low-2,Component Repair and Replacement,Corrective,Low,2,4,"1,0",Hours,"0,0",Minutes,"Electrician, Mecanician, Inspector Junior, Inspector Senior",8.0,,,,,,In service,Asset Description 51,Adequate,Bd John Fitzgerald Kennedy,2.0,7000.0,Mons,Wallonia,Customer 23,1,60
482,To do,Corrective-Low-3,Control System Checks,Corrective,Low,3,4,"5,0",Minutes,"0,0",Minutes,"Electrician, Mecanician, Inspector Junior, Inspector Senior",9.0,,,,,,In service,Asset Description 51,Adequate,Bd John Fitzgerald Kennedy,2.0,7000.0,Mons,Wallonia,Customer 23,1,5
483,To do,Corrective-Low-4,Testing and Validation,Corrective,Low,4,4,"5,0",Minutes,"0,0",Minutes,"Electrician, Mecanician, Inspector Junior, Inspector Senior",10.0,,,,,,In service,Asset Description 51,Adequate,Bd John Fitzgerald Kennedy,2.0,7000.0,Mons,Wallonia,Customer 23,1,5
484,To do,Corrective-Low-5,Documentation and Reporting,Corrective,Low,5,4,"5,0",Minutes,"0,0",Minutes,"Electrician, Mecanician, Inspector Junior, Inspector Senior",11.0,,,,,,In service,Asset Description 51,Adequate,Bd John Fitzgerald Kennedy,2.0,7000.0,Mons,Wallonia,Customer 23,1,5
485,To do,Corrective-Low-6,Post-Maintenance Adjustments,Corrective,Low,6,4,"5,0",Minutes,"0,0",Minutes,"Electrician, Mecanician, Inspector Junior, Inspector Senior",12.0,,,,,,In service,Asset Description 51,Adequate,Bd John Fitzgerald Kennedy,2.0,7000.0,Mons,Wallonia,Customer 23,1,5
486,To do,Corrective-Low-7,System Cleanup and Safety Checks,Corrective,Low,7,4,"10,0",Minutes,"0,0",Minutes,"Electrician, Mecanician, Inspector Junior, Inspector Senior",13.0,,,,,,In service,Asset Description 51,Adequate,Bd John Fitzgerald Kennedy,2.0,7000.0,Mons,Wallonia,Customer 23,1,10
487,To do,Corrective-Low-1,Diagnostics and Troubleshooting,Corrective,Low,1,4,"30,0",Minutes,"0,0",Minutes,"Electrician, Mecanician, Inspector Junior, Inspector Senior",,,,,,,In service,Asset Description 52,Adequate,Rue Victor Hugo,100.0,4000.0,Liège,Wallonia,Customer 24,1,30
488,To do,Corrective-Low-2,Component Repair and Replacement,Corrective,Low,2,4,"1,0",Hours,"0,0",Minutes,"Electrician, Mecanician, Inspector Junior, Inspector Senior",8.0,,,,,,In service,Asset Description 52,Adequate,Rue Victor Hugo,100.0,4000.0,Liège,Wallonia,Customer 24,1,60
489,To do,Corrective-Low-3,Control System Checks,Corrective,Low,3,4,"5,0",Minutes,"0,0",Minutes,"Electrician, Mecanician, Inspector Junior, Inspector Senior",9.0,,,,,,In service,Asset Description 52,Adequate,Rue Victor Hugo,100.0,4000.0,Liège,Wallonia,Customer 24,1,5
490,To do,Corrective-Low-4,Testing and Validation,Corrective,Low,4,4,"5,0",Minutes,"0,0",Minutes,"Electrician, Mecanician, Inspector Junior, Inspector Senior",10.0,,,,,,In service,Asset Description 52,Adequate,Rue Victor Hugo,100.0,4000.0,Liège,Wallonia,Customer 24,1,5
491,To do,Corrective-Low-5,Documentation and Reporting,Corrective,Low,5,4,"5,0",Minutes,"0,0",Minutes,"Electrician, Mecanician, Inspector Junior, Inspector Senior",11.0,,,,,,In service,Asset Description 52,Adequate,Rue Victor Hugo,100.0,4000.0,Liège,Wallonia,Customer 24,1,5
492,To do,Corrective-Low-6,Post-Maintenance Adjustments,Corrective,Low,6,4,"5,0",Minutes,"0,0",Minutes,"Electrician, Mecanician, Inspector Junior, Inspector Senior",12.0,,,,,,In service,Asset Description 52,Adequate,Rue Victor Hugo,100.0,4000.0,Liège,Wallonia,Customer 24,1,5
493,To do,Corrective-Low-7,System Cleanup and Safety Checks,Corrective,Low,7,4,"10,0",Minutes,"0,0",Minutes,"Electrician, Mecanician, Inspector Junior, Inspector Senior",13.0,,,,,,In service,Asset Description 52,Adequate,Rue Victor Hugo,100.0,4000.0,Liège,Wallonia,Customer 24,1,10
559,To do,Corrective-Low-1,Diagnostics and Troubleshooting,Corrective,Low,1,4,"30,0",Minutes,"0,0",Minutes,"Electrician, Mecanician, Inspector Junior, Inspector Senior",,,,,,,In service,Asset Description 53,Good,Rue de Fer,48.0,5000.0,Namur,Wallonia,Customer 25,1,30
560,To do,Corrective-Low-2,Component Repair and Replacement,Corrective,Low,2,4,"1,0",Hours,"0,0",Minutes,"Electrician, Mecanician, Inspector Junior, Inspector Senior",8.0,,,,,,In service,Asset Description 53,Good,Rue de Fer,48.0,5000.0,Namur,Wallonia,Customer 25,1,60
561,To do,Corrective-Low-3,Control System Checks,Corrective,Low,3,4,"5,0",Minutes,"0,0",Minutes,"Electrician, Mecanician, Inspector Junior, Inspector Senior",9.0,,,,,,In service,Asset Description 53,Good,Rue de Fer,48.0,5000.0,Namur,Wallonia,Customer 25,1,5
562,To do,Corrective-Low-4,Testing and Validation,Corrective,Low,4,4,"5,0",Minutes,"0,0",Minutes,"Electrician, Mecanician, Inspector Junior, Inspector Senior",10.0,,,,,,In service,Asset Description 53,Good,Rue de Fer,48.0,5000.0,Namur,Wallonia,Customer 25,1,5
563,To do,Corrective-Low-5,Documentation and Reporting,Corrective,Low,5,4,"5,0",Minutes,"0,0",Minutes,"Electrician, Mecanician, Inspector Junior, Inspector Senior",11.0,,,,,,In service,Asset Description 53,Good,Rue de Fer,48.0,5000.0,Namur,Wallonia,Customer 25,1,5
564,To do,Corrective-Low-6,Post-Maintenance Adjustments,Corrective,Low,6,4,"5,0",Minutes,"0,0",Minutes,"Electrician, Mecanician, Inspector Junior, Inspector Senior",12.0,,,,,,In service,Asset Description 53,Good,Rue de Fer,48.0,5000.0,Namur,Wallonia,Customer 25,1,5
565,To do,Corrective-Low-7,System Cleanup and Safety Checks,Corrective,Low,7,4,"10,0",Minutes,"0,0",Minutes,"Electrician, Mecanician, Inspector Junior, Inspector Senior",13.0,,,,,,In service,Asset Description 53,Good,Rue de Fer,48.0,5000.0,Namur,Wallonia,Customer 25,1,10
552,To do,Corrective-Low-1,Diagnostics and Troubleshooting,Corrective,Low,1,4,"30,0",Minutes,"0,0",Minutes,"Electrician, Mecanician, Inspector Junior, Inspector Senior",,,,,,,In service,Asset Description 54,Adequate,Bd Joseph Tirou,12.0,6000.0,Charleroi,Wallonia,Customer 26,1,30
553,To do,Corrective-Low-2,Component Repair and Replacement,Corrective,Low,2,4,"1,0",Hours,"0,0",Minutes,"Electrician, Mecanician, Inspector Junior, Inspector Senior",8.0,,,,,,In service,Asset Description 54,Adequate,Bd Joseph Tirou,12.0,6000.0,Charleroi,Wallonia,Customer 26,1,60
554,To do,Corrective-Low-3,Control System Checks,Corrective,Low,3,4,"5,0",Minutes,"0,0",Minutes,"Electrician, Mecanician, Inspector Junior, Inspector Senior",9.0,,,,,,In service,Asset Description 54,Adequate,Bd Joseph Tirou,12.0,6000.0,Charleroi,Wallonia,Customer 26,1,5
555,To do,Corrective-Low-4,Testing and Validation,Corrective,Low,4,4,"5,0",Minutes,"0,0",Minutes,"Electrician, Mecanician, Inspector Junior, Inspector Senior",10.0,,,,,,In service,Asset Description 54,Adequate,Bd Joseph Tirou,12.0,6000.0,Charleroi,Wallonia,Customer 26,1,5
556,To do,Corrective-Low-5,Documentation and Reporting,Corrective,Low,5,4,"5,0",Minutes,"0,0",Minutes,"Electrician, Mecanician, Inspector Junior, Inspector Senior",11.0,,,,,,In service,Asset Description 54,Adequate,Bd Joseph Tirou,12.0,6000.0,Charleroi,Wallonia,Customer 26,1,5
557,To do,Corrective-Low-6,Post-Maintenance Adjustments,Corrective,Low,6,4,"5,0",Minutes,"0,0",Minutes,"Electrician, Mecanician, Inspector Junior, Inspector Senior",12.0,,,,,,In service,Asset Description 54,Adequate,Bd Joseph Tirou,12.0,6000.0,Charleroi,Wallonia,Customer 26,1,5
558,To do,Corrective-Low-7,System Cleanup and Safety Checks,Corrective,Low,7,4,"10,0",Minutes,"0,0",Minutes,"Electrician, Mecanician, Inspector Junior, Inspector Senior",13.0,,,,,,In service,Asset Description 54,Adequate,Bd Joseph Tirou,12.0,6000.0,Charleroi,Wallonia,Customer 26,1,10
545,To do,Corrective-Low-1,Diagnostics and Troubleshooting,Corrective,Low,1,4,"30,0",Minutes,"0,0",Minutes,"Electrician, Mecanician, Inspector Junior, Inspector Senior",,,,,,,In service,Asset Description 55,Bad,Rue de la Station,5.0,7000.0,Mons,Wallonia,Customer 14,1,30
546,To do,Corrective-Low-2,Component Repair and Replacement,Corrective,Low,2,4,"1,0",Hours,"0,0",Minutes,"Electrician, Mecanician, Inspector Junior, Inspector Senior",8.0,,,,,,In service,Asset Description 55,Bad,Rue de la Station,5.0,7000.0,Mons,Wallonia,Customer 14,1,60
547,To do,Corrective-Low-3,Control System Checks,Corrective,Low,3,4,"5,0",Minutes,"0,0",Minutes,"Electrician, Mecanician, Inspector Junior, Inspector Senior",9.0,,,,,,In service,Asset Description 55,Bad,Rue de la Station,5.0,7000.0,Mons,Wallonia,Customer 14,1,5
548,To do,Corrective-Low-4,Testing and Validation,Corrective,Low,4,4,"5,0",Minutes,"0,0",Minutes,"Electrician, Mecanician, Inspector Junior, Inspector Senior",10.0,,,,,,In service,Asset Description 55,Bad,Rue de la Station,5.0,7000.0,Mons,Wallonia,Customer 14,1,5
549,To do,Corrective-Low-5,Documentation and Reporting,Corrective,Low,5,4,"5,0",Minutes,"0,0",Minutes,"Electrician, Mecanician, Inspector Junior, Inspector Senior",11.0,,,,,,In service,Asset Description 55,Bad,Rue de la Station,5.0,7000.0,Mons,Wallonia,Customer 14,1,5
550,To do,Corrective-Low-6,Post-Maintenance Adjustments,Corrective,Low,6,4,"5,0",Minutes,"0,0",Minutes,"Electrician, Mecanician, Inspector Junior, Inspector Senior",12.0,,,,,,In service,Asset Description 55,Bad,Rue de la Station,5.0,7000.0,Mons,Wallonia,Customer 14,1,5
551,To do,Corrective-Low-7,System Cleanup and Safety Checks,Corrective,Low,7,4,"10,0",Minutes,"0,0",Minutes,"Electrician, Mecanician, Inspector Junior, Inspector Senior",13.0,,,,,,In service,Asset Description 55,Bad,Rue de la Station,5.0,7000.0,Mons,Wallonia,Customer 14,1,10
538,To do,Corrective-Low-1,Diagnostics and Troubleshooting,Corrective,Low,1,4,"30,0",Minutes,"0,0",Minutes,"Electrician, Mecanician, Inspector Junior, Inspector Senior",,,,,,,In service,Asset Description 56,Adequate,Rue de Mons,9.0,4000.0,Liège,Wallonia,Customer 17,1,30
539,To do,Corrective-Low-2,Component Repair and Replacement,Corrective,Low,2,4,"1,0",Hours,"0,0",Minutes,"Electrician, Mecanician, Inspector Junior, Inspector Senior",8.0,,,,,,In service,Asset Description 56,Adequate,Rue de Mons,9.0,4000.0,Liège,Wallonia,Customer 17,1,60
540,To do,Corrective-Low-3,Control System Checks,Corrective,Low,3,4,"5,0",Minutes,"0,0",Minutes,"Electrician, Mecanician, Inspector Junior, Inspector Senior",9.0,,,,,,In service,Asset Description 56,Adequate,Rue de Mons,9.0,4000.0,Liège,Wallonia,Customer 17,1,5
541,To do,Corrective-Low-4,Testing and Validation,Corrective,Low,4,4,"5,0",Minutes,"0,0",Minutes,"Electrician, Mecanician, Inspector Junior, Inspector Senior",10.0,,,,,,In service,Asset Description 56,Adequate,Rue de Mons,9.0,4000.0,Liège,Wallonia,Customer 17,1,5
542,To do,Corrective-Low-5,Documentation and Reporting,Corrective,Low,5,4,"5,0",Minutes,"0,0",Minutes,"Electrician, Mecanician, Inspector Junior, Inspector Senior",11.0,,,,,,In service,Asset Description 56,Adequate,Rue de Mons,9.0,4000.0,Liège,Wallonia,Customer 17,1,5
543,To do,Corrective-Low-6,Post-Maintenance Adjustments,Corrective,Low,6,4,"5,0",Minutes,"0,0",Minutes,"Electrician, Mecanician, Inspector Junior, Inspector Senior",12.0,,,,,,In service,Asset Description 56,Adequate,Rue de Mons,9.0,4000.0,Liège,Wallonia,Customer 17,1,5
544,To do,Corrective-Low-7,System Cleanup and Safety Checks,Corrective,Low,7,4,"10,0",Minutes,"0,0",Minutes,"Electrician, Mecanician, Inspector Junior, Inspector Senior",13.0,,,,,,In service,Asset Description 56,Adequate,Rue de Mons,9.0,4000.0,Liège,Wallonia,Customer 17,1,10
531,To do,Corrective-Low-1,Diagnostics and Troubleshooting,Corrective,Low,1,4,"30,0",Minutes,"0,0",Minutes,"Electrician, Mecanician, Inspector Junior, Inspector Senior",,,,,,,In service,Asset Description 57,Adequate,Rue de l'Église,10.0,5000.0,Namur,Wallonia,Customer 29,1,30
532,To do,Corrective-Low-2,Component Repair and Replacement,Corrective,Low,2,4,"1,0",Hours,"0,0",Minutes,"Electrician, Mecanician, Inspector Junior, Inspector Senior",8.0,,,,,,In service,Asset Description 57,Adequate,Rue de l'Église,10.0,5000.0,Namur,Wallonia,Customer 29,1,60
533,To do,Corrective-Low-3,Control System Checks,Corrective,Low,3,4,"5,0",Minutes,"0,0",Minutes,"Electrician, Mecanician, Inspector Junior, Inspector Senior",9.0,,,,,,In service,Asset Description 57,Adequate,Rue de l'Église,10.0,5000.0,Namur,Wallonia,Customer 29,1,5
534,To do,Corrective-Low-4,Testing and Validation,Corrective,Low,4,4,"5,0",Minutes,"0,0",Minutes,"Electrician, Mecanician, Inspector Junior, Inspector Senior",10.0,,,,,,In service,Asset Description 57,Adequate,Rue de l'Église,10.0,5000.0,Namur,Wallonia,Customer 29,1,5
535,To do,Corrective-Low-5,Documentation and Reporting,Corrective,Low,5,4,"5,0",Minutes,"0,0",Minutes,"Electrician, Mecanician, Inspector Junior, Inspector Senior",11.0,,,,,,In service,Asset Description 57,Adequate,Rue de l'Église,10.0,5000.0,Namur,Wallonia,Customer 29,1,5
536,To do,Corrective-Low-6,Post-Maintenance Adjustments,Corrective,Low,6,4,"5,0",Minutes,"0,0",Minutes,"Electrician, Mecanician, Inspector Junior, Inspector Senior",12.0,,,,,,In service,Asset Description 57,Adequate,Rue de l'Église,10.0,5000.0,Namur,Wallonia,Customer 29,1,5
537,To do,Corrective-Low-7,System Cleanup and Safety Checks,Corrective,Low,7,4,"10,0",Minutes,"0,0",Minutes,"Electrician, Mecanician, Inspector Junior, Inspector Senior",13.0,,,,,,In service,Asset Description 57,Adequate,Rue de l'Église,10.0,5000.0,Namur,Wallonia,Customer 29,1,10
524,To do,Corrective-Low-1,Diagnostics and Troubleshooting,Corrective,Low,1,4,"30,0",Minutes,"0,0",Minutes,"Electrician, Mecanician, Inspector Junior, Inspector Senior",,,,,,,In service,Asset Description 58,Adequate,Bd Solvay,22.0,6000.0,Charleroi,Wallonia,Customer 30,1,30
525,To do,Corrective-Low-2,Component Repair and Replacement,Corrective,Low,2,4,"1,0",Hours,"0,0",Minutes,"Electrician, Mecanician, Inspector Junior, Inspector Senior",8.0,,,,,,In service,Asset Description 58,Adequate,Bd Solvay,22.0,6000.0,Charleroi,Wallonia,Customer 30,1,60
526,To do,Corrective-Low-3,Control System Checks,Corrective,Low,3,4,"5,0",Minutes,"0,0",Minutes,"Electrician, Mecanician, Inspector Junior, Inspector Senior",9.0,,,,,,In service,Asset Description 58,Adequate,Bd Solvay,22.0,6000.0,Charleroi,Wallonia,Customer 30,1,5
527,To do,Corrective-Low-4,Testing and Validation,Corrective,Low,4,4,"5,0",Minutes,"0,0",Minutes,"Electrician, Mecanician, Inspector Junior, Inspector Senior",10.0,,,,,,In service,Asset Description 58,Adequate,Bd Solvay,22.0,6000.0,Charleroi,Wallonia,Customer 30,1,5
528,To do,Corrective-Low-5,Documentation and Reporting,Corrective,Low,5,4,"5,0",Minutes,"0,0",Minutes,"Electrician, Mecanician, Inspector Junior, Inspector Senior",11.0,,,,,,In service,Asset Description 58,Adequate,Bd Solvay,22.0,6000.0,Charleroi,Wallonia,Customer 30,1,5
529,To do,Corrective-Low-6,Post-Maintenance Adjustments,Corrective,Low,6,4,"5,0",Minutes,"0,0",Minutes,"Electrician, Mecanician, Inspector Junior, Inspector Senior",12.0,,,,,,In service,Asset Description 58,Adequate,Bd Solvay,22.0,6000.0,Charleroi,Wallonia,Customer 30,1,5
530,To do,Corrective-Low-7,System Cleanup and Safety Checks,Corrective,Low,7,4,"10,0",Minutes,"0,0",Minutes,"Electrician, Mecanician, Inspector Junior, Inspector Senior",13.0,,,,,,In service,Asset Description 58,Adequate,Bd Solvay,22.0,6000.0,Charleroi,Wallonia,Customer 30,1,10
517,To do,Corrective-Low-1,Diagnostics and Troubleshooting,Corrective,Low,1,4,"30,0",Minutes,"0,0",Minutes,"Electrician, Mecanician, Inspector Junior, Inspector Senior",,,,,,,In service,Asset Description 59,Bad,Rue de la Paix,15.0,7000.0,Mons,Wallonia,Customer 31,1,30
518,To do,Corrective-Low-2,Component Repair and Replacement,Corrective,Low,2,4,"1,0",Hours,"0,0",Minutes,"Electrician, Mecanician, Inspector Junior, Inspector Senior",8.0,,,,,,In service,Asset Description 59,Bad,Rue de la Paix,15.0,7000.0,Mons,Wallonia,Customer 31,1,60
519,To do,Corrective-Low-3,Control System Checks,Corrective,Low,3,4,"5,0",Minutes,"0,0",Minutes,"Electrician, Mecanician, Inspector Junior, Inspector Senior",9.0,,,,,,In service,Asset Description 59,Bad,Rue de la Paix,15.0,7000.0,Mons,Wallonia,Customer 31,1,5
520,To do,Corrective-Low-4,Testing and Validation,Corrective,Low,4,4,"5,0",Minutes,"0,0",Minutes,"Electrician, Mecanician, Inspector Junior, Inspector Senior",10.0,,,,,,In service,Asset Description 59,Bad,Rue de la Paix,15.0,7000.0,Mons,Wallonia,Customer 31,1,5
521,To do,Corrective-Low-5,Documentation and Reporting,Corrective,Low,5,4,"5,0",Minutes,"0,0",Minutes,"Electrician, Mecanician, Inspector Junior, Inspector Senior",11.0,,,,,,In service,Asset Description 59,Bad,Rue de la Paix,15.0,7000.0,Mons,Wallonia,Customer 31,1,5
522,To do,Corrective-Low-6,Post-Maintenance Adjustments,Corrective,Low,6,4,"5,0",Minutes,"0,0",Minutes,"Electrician, Mecanician, Inspector Junior, Inspector Senior",12.0,,,,,,In service,Asset Description 59,Bad,Rue de la Paix,15.0,7000.0,Mons,Wallonia,Customer 31,1,5
523,To do,Corrective-Low-7,System Cleanup and Safety Checks,Corrective,Low,7,4,"10,0",Minutes,"0,0",Minutes,"Electrician, Mecanician, Inspector Junior, Inspector Senior",13.0,,,,,,In service,Asset Description 59,Bad,Rue de la Paix,15.0,7000.0,Mons,Wallonia,Customer 31,1,10
510,To do,Corrective-Low-1,Diagnostics and Troubleshooting,Corrective,Low,1,4,"30,0",Minutes,"0,0",Minutes,"Electrician, Mecanician, Inspector Junior, Inspector Senior",,,,,,,In service,Asset Description 60,Good,Avenue des Cerisiers,20.0,4000.0,Liège,Wallonia,Customer 32,1,30
511,To do,Corrective-Low-2,Component Repair and Replacement,Corrective,Low,2,4,"1,0",Hours,"0,0",Minutes,"Electrician, Mecanician, Inspector Junior, Inspector Senior",8.0,,,,,,In service,Asset Description 60,Good,Avenue des Cerisiers,20.0,4000.0,Liège,Wallonia,Customer 32,1,60
512,To do,Corrective-Low-3,Control System Checks,Corrective,Low,3,4,"5,0",Minutes,"0,0",Minutes,"Electrician, Mecanician, Inspector Junior, Inspector Senior",9.0,,,,,,In service,Asset Description 60,Good,Avenue des Cerisiers,20.0,4000.0,Liège,Wallonia,Customer 32,1,5
513,To do,Corrective-Low-4,Testing and Validation,Corrective,Low,4,4,"5,0",Minutes,"0,0",Minutes,"Electrician, Mecanician, Inspector Junior, Inspector Senior",10.0,,,,,,In service,Asset Description 60,Good,Avenue des Cerisiers,20.0,4000.0,Liège,Wallonia,Customer 32,1,5
514,To do,Corrective-Low-5,Documentation and Reporting,Corrective,Low,5,4,"5,0",Minutes,"0,0",Minutes,"Electrician, Mecanician, Inspector Junior, Inspector Senior",11.0,,,,,,In service,Asset Description 60,Good,Avenue des Cerisiers,20.0,4000.0,Liège,Wallonia,Customer 32,1,5
515,To do,Corrective-Low-6,Post-Maintenance Adjustments,Corrective,Low,6,4,"5,0",Minutes,"0,0",Minutes,"Electrician, Mecanician, Inspector Junior, Inspector Senior",12.0,,,,,,In service,Asset Description 60,Good,Avenue des Cerisiers,20.0,4000.0,Liège,Wallonia,Customer 32,1,5
516,To do,Corrective-Low-7,System Cleanup and Safety Checks,Corrective,Low,7,4,"10,0",Minutes,"0,0",Minutes,"Electrician, Mecanician, Inspector Junior, Inspector Senior",13.0,,,,,,In service,Asset Description 60,Good,Avenue des Cerisiers,20.0,4000.0,Liège,Wallonia,Customer 32,1,10
566,To do,Preventive-monthly-1,Safety Systems Check,Preventive,monthly,1,3,"30,0",Minutes,"0,0",Minutes,"Inspector Junior, Inspector Senior",,4/11/2024,8/11/2024,,,,In service,Asset Description 61,Bad,Rue de la Station,8.0,5000.0,Namur,Wallonia,Customer 33,0,30
567,To do,Preventive-monthly-2,Structural and Mechanical Inspection,Preventive,monthly,2,3,"30,0",Minutes,"0,0",Minutes,"Inspector Junior, Inspector Senior",15.0,4/11/2024,8/11/2024,,,,In service,Asset Description 61,Bad,Rue de la Station,8.0,5000.0,Namur,Wallonia,Customer 33,0,30
568,To do,Preventive-monthly-3,Electrical and Control Systems Examination,Preventive,monthly,3,3,"30,0",Minutes,"0,0",Minutes,"Inspector Junior, Inspector Senior",16.0,4/11/2024,8/11/2024,,,,In service,Asset Description 61,Bad,Rue de la Station,8.0,5000.0,Namur,Wallonia,Customer 33,0,30
569,To do,Preventive-monthly-4,Performance and Load Testing,Preventive,monthly,4,3,"50,0",Minutes,"0,0",Minutes,"Inspector Junior, Inspector Senior",17.0,4/11/2024,8/11/2024,,,,In service,Asset Description 61,Bad,Rue de la Station,8.0,5000.0,Namur,Wallonia,Customer 33,0,50
570,To do,Preventive-monthly-5,Documentation and Compliance Verification,Preventive,monthly,5,3,"10,0",Minutes,"0,0",Minutes,"Inspector Junior, Inspector Senior",18.0,4/11/2024,8/11/2024,,,,In service,Asset Description 61,Bad,Rue de la Station,8.0,5000.0,Namur,Wallonia,Customer 33,0,10
631,To do,Preventive-monthly-1,Safety Systems Check,Preventive,monthly,1,3,"30,0",Minutes,"0,0",Minutes,"Inspector Junior, Inspector Senior",,4/11/2024,8/11/2024,,,,In service,Asset Description 62,Good,Bd Joseph Tirou,62.0,6000.0,Charleroi,Wallonia,Customer 34,0,30
632,To do,Preventive-monthly-2,Structural and Mechanical Inspection,Preventive,monthly,2,3,"30,0",Minutes,"0,0",Minutes,"Inspector Junior, Inspector Senior",15.0,4/11/2024,8/11/2024,,,,In service,Asset Description 62,Good,Bd Joseph Tirou,62.0,6000.0,Charleroi,Wallonia,Customer 34,0,30
633,To do,Preventive-monthly-3,Electrical and Control Systems Examination,Preventive,monthly,3,3,"30,0",Minutes,"0,0",Minutes,"Inspector Junior, Inspector Senior",16.0,4/11/2024,8/11/2024,,,,In service,Asset Description 62,Good,Bd Joseph Tirou,62.0,6000.0,Charleroi,Wallonia,Customer 34,0,30
634,To do,Preventive-monthly-4,Performance and Load Testing,Preventive,monthly,4,3,"50,0",Minutes,"0,0",Minutes,"Inspector Junior, Inspector Senior",17.0,4/11/2024,8/11/2024,,,,In service,Asset Description 62,Good,Bd Joseph Tirou,62.0,6000.0,Charleroi,Wallonia,Customer 34,0,50
635,To do,Preventive-monthly-5,Documentation and Compliance Verification,Preventive,monthly,5,3,"10,0",Minutes,"0,0",Minutes,"Inspector Junior, Inspector Senior",18.0,4/11/2024,8/11/2024,,,,In service,Asset Description 62,Good,Bd Joseph Tirou,62.0,6000.0,Charleroi,Wallonia,Customer 34,0,10
626,To do,Preventive-monthly-1,Safety Systems Check,Preventive,monthly,1,3,"30,0",Minutes,"0,0",Minutes,"Inspector Junior, Inspector Senior",,4/11/2024,8/11/2024,,,,In service,Asset Description 63,Adequate,Av. Thomas Edison ,2.0,7000.0,Mons,Wallonia,Customer 35,0,30
627,To do,Preventive-monthly-2,Structural and Mechanical Inspection,Preventive,monthly,2,3,"30,0",Minutes,"0,0",Minutes,"Inspector Junior, Inspector Senior",15.0,4/11/2024,8/11/2024,,,,In service,Asset Description 63,Adequate,Av. Thomas Edison ,2.0,7000.0,Mons,Wallonia,Customer 35,0,30
628,To do,Preventive-monthly-3,Electrical and Control Systems Examination,Preventive,monthly,3,3,"30,0",Minutes,"0,0",Minutes,"Inspector Junior, Inspector Senior",16.0,4/11/2024,8/11/2024,,,,In service,Asset Description 63,Adequate,Av. Thomas Edison ,2.0,7000.0,Mons,Wallonia,Customer 35,0,30
629,To do,Preventive-monthly-4,Performance and Load Testing,Preventive,monthly,4,3,"50,0",Minutes,"0,0",Minutes,"Inspector Junior, Inspector Senior",17.0,4/11/2024,8/11/2024,,,,In service,Asset Description 63,Adequate,Av. Thomas Edison ,2.0,7000.0,Mons,Wallonia,Customer 35,0,50
630,To do,Preventive-monthly-5,Documentation and Compliance Verification,Preventive,monthly,5,3,"10,0",Minutes,"0,0",Minutes,"Inspector Junior, Inspector Senior",18.0,4/11/2024,8/11/2024,,,,In service,Asset Description 63,Adequate,Av. Thomas Edison ,2.0,7000.0,Mons,Wallonia,Customer 35,0,10
639,To do,Preventive-monthly-1,Safety Systems Check,Preventive,monthly,1,3,"30,0",Minutes,"0,0",Minutes,"Inspector Junior, Inspector Senior",,11/11/2024,15/11/2024,,,,In service,Asset Description 64,Adequate,Imp. de la Couronne,50.0,4000.0,Liège,Wallonia,Customer 36,0,30
640,To do,Preventive-monthly-2,Structural and Mechanical Inspection,Preventive,monthly,2,3,"30,0",Minutes,"0,0",Minutes,"Inspector Junior, Inspector Senior",15.0,11/11/2024,15/11/2024,,,,In service,Asset Description 64,Adequate,Imp. de la Couronne,50.0,4000.0,Liège,Wallonia,Customer 36,0,30
641,To do,Preventive-monthly-3,Electrical and Control Systems Examination,Preventive,monthly,3,3,"30,0",Minutes,"0,0",Minutes,"Inspector Junior, Inspector Senior",16.0,11/11/2024,15/11/2024,,,,In service,Asset Description 64,Adequate,Imp. de la Couronne,50.0,4000.0,Liège,Wallonia,Customer 36,0,30
642,To do,Preventive-monthly-4,Performance and Load Testing,Preventive,monthly,4,3,"50,0",Minutes,"0,0",Minutes,"Inspector Junior, Inspector Senior",17.0,11/11/2024,15/11/2024,,,,In service,Asset Description 64,Adequate,Imp. de la Couronne,50.0,4000.0,Liège,Wallonia,Customer 36,0,50
643,To do,Preventive-monthly-5,Documentation and Compliance Verification,Preventive,monthly,5,3,"10,0",Minutes,"0,0",Minutes,"Inspector Junior, Inspector Senior",18.0,11/11/2024,15/11/2024,,,,In service,Asset Description 64,Adequate,Imp. de la Couronne,50.0,4000.0,Liège,Wallonia,Customer 36,0,10
621,To do,Preventive-monthly-1,Safety Systems Check,Preventive,monthly,1,3,"30,0",Minutes,"0,0",Minutes,"Inspector Junior, Inspector Senior",,4/11/2024,8/11/2024,,,,In service,Asset Description 65,Adequate,Rue de la Brasserie,60.0,5000.0,Namur,Wallonia,Customer 29,0,30
622,To do,Preventive-monthly-2,Structural and Mechanical Inspection,Preventive,monthly,2,3,"30,0",Minutes,"0,0",Minutes,"Inspector Junior, Inspector Senior",15.0,4/11/2024,8/11/2024,,,,In service,Asset Description 65,Adequate,Rue de la Brasserie,60.0,5000.0,Namur,Wallonia,Customer 29,0,30
623,To do,Preventive-monthly-3,Electrical and Control Systems Examination,Preventive,monthly,3,3,"30,0",Minutes,"0,0",Minutes,"Inspector Junior, Inspector Senior",16.0,4/11/2024,8/11/2024,,,,In service,Asset Description 65,Adequate,Rue de la Brasserie,60.0,5000.0,Namur,Wallonia,Customer 29,0,30
624,To do,Preventive-monthly-4,Performance and Load Testing,Preventive,monthly,4,3,"50,0",Minutes,"0,0",Minutes,"Inspector Junior, Inspector Senior",17.0,4/11/2024,8/11/2024,,,,In service,Asset Description 65,Adequate,Rue de la Brasserie,60.0,5000.0,Namur,Wallonia,Customer 29,0,50
625,To do,Preventive-monthly-5,Documentation and Compliance Verification,Preventive,monthly,5,3,"10,0",Minutes,"0,0",Minutes,"Inspector Junior, Inspector Senior",18.0,4/11/2024,8/11/2024,,,,In service,Asset Description 65,Adequate,Rue de la Brasserie,60.0,5000.0,Namur,Wallonia,Customer 29,0,10
616,To do,Preventive-monthly-1,Safety Systems Check,Preventive,monthly,1,3,"30,0",Minutes,"0,0",Minutes,"Inspector Junior, Inspector Senior",,4/11/2024,8/11/2024,,,,In service,Asset Description 66,Bad,Bd Joseph Tirou,10.0,6000.0,Charleroi,Wallonia,Customer 20,0,30
617,To do,Preventive-monthly-2,Structural and Mechanical Inspection,Preventive,monthly,2,3,"30,0",Minutes,"0,0",Minutes,"Inspector Junior, Inspector Senior",15.0,4/11/2024,8/11/2024,,,,In service,Asset Description 66,Bad,Bd Joseph Tirou,10.0,6000.0,Charleroi,Wallonia,Customer 20,0,30
618,To do,Preventive-monthly-3,Electrical and Control Systems Examination,Preventive,monthly,3,3,"30,0",Minutes,"0,0",Minutes,"Inspector Junior, Inspector Senior",16.0,4/11/2024,8/11/2024,,,,In service,Asset Description 66,Bad,Bd Joseph Tirou,10.0,6000.0,Charleroi,Wallonia,Customer 20,0,30
619,To do,Preventive-monthly-4,Performance and Load Testing,Preventive,monthly,4,3,"50,0",Minutes,"0,0",Minutes,"Inspector Junior, Inspector Senior",17.0,4/11/2024,8/11/2024,,,,In service,Asset Description 66,Bad,Bd Joseph Tirou,10.0,6000.0,Charleroi,Wallonia,Customer 20,0,50
620,To do,Preventive-monthly-5,Documentation and Compliance Verification,Preventive,monthly,5,3,"10,0",Minutes,"0,0",Minutes,"Inspector Junior, Inspector Senior",18.0,4/11/2024,8/11/2024,,,,In service,Asset Description 66,Bad,Bd Joseph Tirou,10.0,6000.0,Charleroi,Wallonia,Customer 20,0,10
611,To do,Preventive-monthly-1,Safety Systems Check,Preventive,monthly,1,3,"30,0",Minutes,"0,0",Minutes,"Inspector Junior, Inspector Senior",,4/11/2024,8/11/2024,,,,In service,Asset Description 67,Good,Av. Thomas Edison,12.0,7000.0,Mons,Wallonia,Customer 21,0,30
612,To do,Preventive-monthly-2,Structural and Mechanical Inspection,Preventive,monthly,2,3,"30,0",Minutes,"0,0",Minutes,"Inspector Junior, Inspector Senior",15.0,4/11/2024,8/11/2024,,,,In service,Asset Description 67,Good,Av. Thomas Edison,12.0,7000.0,Mons,Wallonia,Customer 21,0,30
613,To do,Preventive-monthly-3,Electrical and Control Systems Examination,Preventive,monthly,3,3,"30,0",Minutes,"0,0",Minutes,"Inspector Junior, Inspector Senior",16.0,4/11/2024,8/11/2024,,,,In service,Asset Description 67,Good,Av. Thomas Edison,12.0,7000.0,Mons,Wallonia,Customer 21,0,30
614,To do,Preventive-monthly-4,Performance and Load Testing,Preventive,monthly,4,3,"50,0",Minutes,"0,0",Minutes,"Inspector Junior, Inspector Senior",17.0,4/11/2024,8/11/2024,,,,In service,Asset Description 67,Good,Av. Thomas Edison,12.0,7000.0,Mons,Wallonia,Customer 21,0,50
615,To do,Preventive-monthly-5,Documentation and Compliance Verification,Preventive,monthly,5,3,"10,0",Minutes,"0,0",Minutes,"Inspector Junior, Inspector Senior",18.0,4/11/2024,8/11/2024,,,,In service,Asset Description 67,Good,Av. Thomas Edison,12.0,7000.0,Mons,Wallonia,Customer 21,0,10
606,To do,Preventive-monthly-1,Safety Systems Check,Preventive,monthly,1,3,"30,0",Minutes,"0,0",Minutes,"Inspector Junior, Inspector Senior",,4/11/2024,8/11/2024,,,,In service,Asset Description 68,Bad,Rue de Mons,11.0,4000.0,Liège,Wallonia,Customer 40,0,30
607,To do,Preventive-monthly-2,Structural and Mechanical Inspection,Preventive,monthly,2,3,"30,0",Minutes,"0,0",Minutes,"Inspector Junior, Inspector Senior",15.0,4/11/2024,8/11/2024,,,,In service,Asset Description 68,Bad,Rue de Mons,11.0,4000.0,Liège,Wallonia,Customer 40,0,30
608,To do,Preventive-monthly-3,Electrical and Control Systems Examination,Preventive,monthly,3,3,"30,0",Minutes,"0,0",Minutes,"Inspector Junior, Inspector Senior",16.0,4/11/2024,8/11/2024,,,,In service,Asset Description 68,Bad,Rue de Mons,11.0,4000.0,Liège,Wallonia,Customer 40,0,30
609,To do,Preventive-monthly-4,Performance and Load Testing,Preventive,monthly,4,3,"50,0",Minutes,"0,0",Minutes,"Inspector Junior, Inspector Senior",17.0,4/11/2024,8/11/2024,,,,In service,Asset Description 68,Bad,Rue de Mons,11.0,4000.0,Liège,Wallonia,Customer 40,0,50
610,To do,Preventive-monthly-5,Documentation and Compliance Verification,Preventive,monthly,5,3,"10,0",Minutes,"0,0",Minutes,"Inspector Junior, Inspector Senior",18.0,4/11/2024,8/11/2024,,,,In service,Asset Description 68,Bad,Rue de Mons,11.0,4000.0,Liège,Wallonia,Customer 40,0,10
601,To do,Preventive-monthly-1,Safety Systems Check,Preventive,monthly,1,3,"30,0",Minutes,"0,0",Minutes,"Inspector Junior, Inspector Senior",,11/11/2024,15/11/2024,,,,In service,Asset Description 69,Good,Rue de la Chapelle,5.0,5000.0,Namur,Wallonia,Customer 3,0,30
602,To do,Preventive-monthly-2,Structural and Mechanical Inspection,Preventive,monthly,2,3,"30,0",Minutes,"0,0",Minutes,"Inspector Junior, Inspector Senior",15.0,11/11/2024,15/11/2024,,,,In service,Asset Description 69,Good,Rue de la Chapelle,5.0,5000.0,Namur,Wallonia,Customer 3,0,30
603,To do,Preventive-monthly-3,Electrical and Control Systems Examination,Preventive,monthly,3,3,"30,0",Minutes,"0,0",Minutes,"Inspector Junior, Inspector Senior",16.0,11/11/2024,15/11/2024,,,,In service,Asset Description 69,Good,Rue de la Chapelle,5.0,5000.0,Namur,Wallonia,Customer 3,0,30
604,To do,Preventive-monthly-4,Performance and Load Testing,Preventive,monthly,4,3,"50,0",Minutes,"0,0",Minutes,"Inspector Junior, Inspector Senior",17.0,11/11/2024,15/11/2024,,,,In service,Asset Description 69,Good,Rue de la Chapelle,5.0,5000.0,Namur,Wallonia,Customer 3,0,50
605,To do,Preventive-monthly-5,Documentation and Compliance Verification,Preventive,monthly,5,3,"10,0",Minutes,"0,0",Minutes,"Inspector Junior, Inspector Senior",18.0,11/11/2024,15/11/2024,,,,In service,Asset Description 69,Good,Rue de la Chapelle,5.0,5000.0,Namur,Wallonia,Customer 3,0,10
596,To do,Preventive-monthly-1,Safety Systems Check,Preventive,monthly,1,3,"30,0",Minutes,"0,0",Minutes,"Inspector Junior, Inspector Senior",,11/11/2024,15/11/2024,,,,In service,Asset Description 70,Adequate,Bd Joseph Tirou,20.0,6000.0,Charleroi,Wallonia,Customer 4,0,30
597,To do,Preventive-monthly-2,Structural and Mechanical Inspection,Preventive,monthly,2,3,"30,0",Minutes,"0,0",Minutes,"Inspector Junior, Inspector Senior",15.0,11/11/2024,15/11/2024,,,,In service,Asset Description 70,Adequate,Bd Joseph Tirou,20.0,6000.0,Charleroi,Wallonia,Customer 4,0,30
598,To do,Preventive-monthly-3,Electrical and Control Systems Examination,Preventive,monthly,3,3,"30,0",Minutes,"0,0",Minutes,"Inspector Junior, Inspector Senior",16.0,11/11/2024,15/11/2024,,,,In service,Asset Description 70,Adequate,Bd Joseph Tirou,20.0,6000.0,Charleroi,Wallonia,Customer 4,0,30
599,To do,Preventive-monthly-4,Performance and Load Testing,Preventive,monthly,4,3,"50,0",Minutes,"0,0",Minutes,"Inspector Junior, Inspector Senior",17.0,11/11/2024,15/11/2024,,,,In service,Asset Description 70,Adequate,Bd Joseph Tirou,20.0,6000.0,Charleroi,Wallonia,Customer 4,0,50
600,To do,Preventive-monthly-5,Documentation and Compliance Verification,Preventive,monthly,5,3,"10,0",Minutes,"0,0",Minutes,"Inspector Junior, Inspector Senior",18.0,11/11/2024,15/11/2024,,,,In service,Asset Description 70,Adequate,Bd Joseph Tirou,20.0,6000.0,Charleroi,Wallonia,Customer 4,0,10
644,To do,Preventive-monthly-1,Safety Systems Check,Preventive,monthly,1,3,"30,0",Minutes,"0,0",Minutes,"Inspector Junior, Inspector Senior",,4/11/2024,8/11/2024,,,,In service,Asset Description 71,Good,Av. du Plan Incliné ,7.0,7012.0,Mons,Wallonia,Customer 5,0,30
645,To do,Preventive-monthly-2,Structural and Mechanical Inspection,Preventive,monthly,2,3,"30,0",Minutes,"0,0",Minutes,"Inspector Junior, Inspector Senior",15.0,4/11/2024,8/11/2024,,,,In service,Asset Description 71,Good,Av. du Plan Incliné ,7.0,7012.0,Mons,Wallonia,Customer 5,0,30
646,To do,Preventive-monthly-3,Electrical and Control Systems Examination,Preventive,monthly,3,3,"30,0",Minutes,"0,0",Minutes,"Inspector Junior, Inspector Senior",16.0,4/11/2024,8/11/2024,,,,In service,Asset Description 71,Good,Av. du Plan Incliné ,7.0,7012.0,Mons,Wallonia,Customer 5,0,30
647,To do,Preventive-monthly-4,Performance and Load Testing,Preventive,monthly,4,3,"50,0",Minutes,"0,0",Minutes,"Inspector Junior, Inspector Senior",17.0,4/11/2024,8/11/2024,,,,In service,Asset Description 71,Good,Av. du Plan Incliné ,7.0,7012.0,Mons,Wallonia,Customer 5,0,50
648,To do,Preventive-monthly-5,Documentation and Compliance Verification,Preventive,monthly,5,3,"10,0",Minutes,"0,0",Minutes,"Inspector Junior, Inspector Senior",18.0,4/11/2024,8/11/2024,,,,In service,Asset Description 71,Good,Av. du Plan Incliné ,7.0,7012.0,Mons,Wallonia,Customer 5,0,10
591,To do,Preventive-monthly-1,Safety Systems Check,Preventive,monthly,1,3,"30,0",Minutes,"0,0",Minutes,"Inspector Junior, Inspector Senior",,4/11/2024,8/11/2024,,,,In service,Asset Description 72,Good,Rue de Mons,13.0,4000.0,Liège,Wallonia,Customer 44,0,30
592,To do,Preventive-monthly-2,Structural and Mechanical Inspection,Preventive,monthly,2,3,"30,0",Minutes,"0,0",Minutes,"Inspector Junior, Inspector Senior",15.0,4/11/2024,8/11/2024,,,,In service,Asset Description 72,Good,Rue de Mons,13.0,4000.0,Liège,Wallonia,Customer 44,0,30
593,To do,Preventive-monthly-3,Electrical and Control Systems Examination,Preventive,monthly,3,3,"30,0",Minutes,"0,0",Minutes,"Inspector Junior, Inspector Senior",16.0,4/11/2024,8/11/2024,,,,In service,Asset Description 72,Good,Rue de Mons,13.0,4000.0,Liège,Wallonia,Customer 44,0,30
594,To do,Preventive-monthly-4,Performance and Load Testing,Preventive,monthly,4,3,"50,0",Minutes,"0,0",Minutes,"Inspector Junior, Inspector Senior",17.0,4/11/2024,8/11/2024,,,,In service,Asset Description 72,Good,Rue de Mons,13.0,4000.0,Liège,Wallonia,Customer 44,0,50
595,To do,Preventive-monthly-5,Documentation and Compliance Verification,Preventive,monthly,5,3,"10,0",Minutes,"0,0",Minutes,"Inspector Junior, Inspector Senior",18.0,4/11/2024,8/11/2024,,,,In service,Asset Description 72,Good,Rue de Mons,13.0,4000.0,Liège,Wallonia,Customer 44,0,10
586,To do,Preventive-monthly-1,Safety Systems Check,Preventive,monthly,1,3,"30,0",Minutes,"0,0",Minutes,"Inspector Junior, Inspector Senior",,4/11/2024,8/11/2024,,,,In service,Asset Description 73,Good,Rue de Stalle,50.0,1180.0,Brussels,Brussels,Customer 45,0,30
587,To do,Preventive-monthly-2,Structural and Mechanical Inspection,Preventive,monthly,2,3,"30,0",Minutes,"0,0",Minutes,"Inspector Junior, Inspector Senior",15.0,4/11/2024,8/11/2024,,,,In service,Asset Description 73,Good,Rue de Stalle,50.0,1180.0,Brussels,Brussels,Customer 45,0,30
588,To do,Preventive-monthly-3,Electrical and Control Systems Examination,Preventive,monthly,3,3,"30,0",Minutes,"0,0",Minutes,"Inspector Junior, Inspector Senior",16.0,4/11/2024,8/11/2024,,,,In service,Asset Description 73,Good,Rue de Stalle,50.0,1180.0,Brussels,Brussels,Customer 45,0,30
589,To do,Preventive-monthly-4,Performance and Load Testing,Preventive,monthly,4,3,"50,0",Minutes,"0,0",Minutes,"Inspector Junior, Inspector Senior",17.0,4/11/2024,8/11/2024,,,,In service,Asset Description 73,Good,Rue de Stalle,50.0,1180.0,Brussels,Brussels,Customer 45,0,50
590,To do,Preventive-monthly-5,Documentation and Compliance Verification,Preventive,monthly,5,3,"10,0",Minutes,"0,0",Minutes,"Inspector Junior, Inspector Senior",18.0,4/11/2024,8/11/2024,,,,In service,Asset Description 73,Good,Rue de Stalle,50.0,1180.0,Brussels,Brussels,Customer 45,0,10
581,To do,Preventive-monthly-1,Safety Systems Check,Preventive,monthly,1,3,"30,0",Minutes,"0,0",Minutes,"Inspector Junior, Inspector Senior",,4/11/2024,8/11/2024,,,,In service,Asset Description 74,Adequate,Chaussée d'Alsemberg,150.0,1190.0,Brussels,Brussels,Customer 46,0,30
582,To do,Preventive-monthly-2,Structural and Mechanical Inspection,Preventive,monthly,2,3,"30,0",Minutes,"0,0",Minutes,"Inspector Junior, Inspector Senior",15.0,4/11/2024,8/11/2024,,,,In service,Asset Description 74,Adequate,Chaussée d'Alsemberg,150.0,1190.0,Brussels,Brussels,Customer 46,0,30
583,To do,Preventive-monthly-3,Electrical and Control Systems Examination,Preventive,monthly,3,3,"30,0",Minutes,"0,0",Minutes,"Inspector Junior, Inspector Senior",16.0,4/11/2024,8/11/2024,,,,In service,Asset Description 74,Adequate,Chaussée d'Alsemberg,150.0,1190.0,Brussels,Brussels,Customer 46,0,30
584,To do,Preventive-monthly-4,Performance and Load Testing,Preventive,monthly,4,3,"50,0",Minutes,"0,0",Minutes,"Inspector Junior, Inspector Senior",17.0,4/11/2024,8/11/2024,,,,In service,Asset Description 74,Adequate,Chaussée d'Alsemberg,150.0,1190.0,Brussels,Brussels,Customer 46,0,50
585,To do,Preventive-monthly-5,Documentation and Compliance Verification,Preventive,monthly,5,3,"10,0",Minutes,"0,0",Minutes,"Inspector Junior, Inspector Senior",18.0,4/11/2024,8/11/2024,,,,In service,Asset Description 74,Adequate,Chaussée d'Alsemberg,150.0,1190.0,Brussels,Brussels,Customer 46,0,10
649,To do,Preventive-monthly-1,Safety Systems Check,Preventive,monthly,1,3,"30,0",Minutes,"0,0",Minutes,"Inspector Junior, Inspector Senior",,4/11/2024,8/11/2024,,,,In service,Asset Description 75,Adequate,Rue de la Station,10.0,1190.0,Brussels,Brussels,Customer 47,0,30
650,To do,Preventive-monthly-2,Structural and Mechanical Inspection,Preventive,monthly,2,3,"30,0",Minutes,"0,0",Minutes,"Inspector Junior, Inspector Senior",15.0,4/11/2024,8/11/2024,,,,In service,Asset Description 75,Adequate,Rue de la Station,10.0,1190.0,Brussels,Brussels,Customer 47,0,30
651,To do,Preventive-monthly-3,Electrical and Control Systems Examination,Preventive,monthly,3,3,"30,0",Minutes,"0,0",Minutes,"Inspector Junior, Inspector Senior",16.0,4/11/2024,8/11/2024,,,,In service,Asset Description 75,Adequate,Rue de la Station,10.0,1190.0,Brussels,Brussels,Customer 47,0,30
652,To do,Preventive-monthly-4,Performance and Load Testing,Preventive,monthly,4,3,"50,0",Minutes,"0,0",Minutes,"Inspector Junior, Inspector Senior",17.0,4/11/2024,8/11/2024,,,,In service,Asset Description 75,Adequate,Rue de la Station,10.0,1190.0,Brussels,Brussels,Customer 47,0,50
653,To do,Preventive-monthly-5,Documentation and Compliance Verification,Preventive,monthly,5,3,"10,0",Minutes,"0,0",Minutes,"Inspector Junior, Inspector Senior",18.0,4/11/2024,8/11/2024,,,,In service,Asset Description 75,Adequate,Rue de la Station,10.0,1190.0,Brussels,Brussels,Customer 47,0,10
654,To do,Preventive-monthly-1,Safety Systems Check,Preventive,monthly,1,3,"30,0",Minutes,"0,0",Minutes,"Inspector Junior, Inspector Senior",,4/11/2024,8/11/2024,,,,In service,Asset Description 76,Bad,Parijsstraat,75.0,3000.0,Leuven,Flanders,Customer 48,0,30
655,To do,Preventive-monthly-2,Structural and Mechanical Inspection,Preventive,monthly,2,3,"30,0",Minutes,"0,0",Minutes,"Inspector Junior, Inspector Senior",15.0,4/11/2024,8/11/2024,,,,In service,Asset Description 76,Bad,Parijsstraat,75.0,3000.0,Leuven,Flanders,Customer 48,0,30
656,To do,Preventive-monthly-3,Electrical and Control Systems Examination,Preventive,monthly,3,3,"30,0",Minutes,"0,0",Minutes,"Inspector Junior, Inspector Senior",16.0,4/11/2024,8/11/2024,,,,In service,Asset Description 76,Bad,Parijsstraat,75.0,3000.0,Leuven,Flanders,Customer 48,0,30
657,To do,Preventive-monthly-4,Performance and Load Testing,Preventive,monthly,4,3,"50,0",Minutes,"0,0",Minutes,"Inspector Junior, Inspector Senior",17.0,4/11/2024,8/11/2024,,,,In service,Asset Description 76,Bad,Parijsstraat,75.0,3000.0,Leuven,Flanders,Customer 48,0,50
658,To do,Preventive-monthly-5,Documentation and Compliance Verification,Preventive,monthly,5,3,"10,0",Minutes,"0,0",Minutes,"Inspector Junior, Inspector Senior",18.0,4/11/2024,8/11/2024,,,,In service,Asset Description 76,Bad,Parijsstraat,75.0,3000.0,Leuven,Flanders,Customer 48,0,10
659,To do,Corrective-Low-1,Diagnostics and Troubleshooting,Corrective,Low,1,4,"30,0",Minutes,"0,0",Minutes,"Electrician, Mecanician, Inspector Junior, Inspector Senior",,,,,,,In service,Asset Description 77,Good,Frederik de Merodestraat,80.0,2800.0,Mechelen,Flanders,Customer 49,1,30
660,To do,Corrective-Low-2,Component Repair and Replacement,Corrective,Low,2,4,"1,0",Hours,"0,0",Minutes,"Electrician, Mecanician, Inspector Junior, Inspector Senior",8.0,,,,,,In service,Asset Description 77,Good,Frederik de Merodestraat,80.0,2800.0,Mechelen,Flanders,Customer 49,1,60
661,To do,Corrective-Low-3,Control System Checks,Corrective,Low,3,4,"5,0",Minutes,"0,0",Minutes,"Electrician, Mecanician, Inspector Junior, Inspector Senior",9.0,,,,,,In service,Asset Description 77,Good,Frederik de Merodestraat,80.0,2800.0,Mechelen,Flanders,Customer 49,1,5
662,To do,Corrective-Low-4,Testing and Validation,Corrective,Low,4,4,"5,0",Minutes,"0,0",Minutes,"Electrician, Mecanician, Inspector Junior, Inspector Senior",10.0,,,,,,In service,Asset Description 77,Good,Frederik de Merodestraat,80.0,2800.0,Mechelen,Flanders,Customer 49,1,5
663,To do,Corrective-Low-5,Documentation and Reporting,Corrective,Low,5,4,"5,0",Minutes,"0,0",Minutes,"Electrician, Mecanician, Inspector Junior, Inspector Senior",11.0,,,,,,In service,Asset Description 77,Good,Frederik de Merodestraat,80.0,2800.0,Mechelen,Flanders,Customer 49,1,5
664,To do,Corrective-Low-6,Post-Maintenance Adjustments,Corrective,Low,6,4,"5,0",Minutes,"0,0",Minutes,"Electrician, Mecanician, Inspector Junior, Inspector Senior",12.0,,,,,,In service,Asset Description 77,Good,Frederik de Merodestraat,80.0,2800.0,Mechelen,Flanders,Customer 49,1,5
665,To do,Corrective-Low-7,System Cleanup and Safety Checks,Corrective,Low,7,4,"10,0",Minutes,"0,0",Minutes,"Electrician, Mecanician, Inspector Junior, Inspector Senior",13.0,,,,,,In service,Asset Description 77,Good,Frederik de Merodestraat,80.0,2800.0,Mechelen,Flanders,Customer 49,1,10
666,To do,Corrective-Low-1,Diagnostics and Troubleshooting,Corrective,Low,1,4,"30,0",Minutes,"0,0",Minutes,"Electrician, Mecanician, Inspector Junior, Inspector Senior",,,,,,,In service,Asset Description 78,Adequate,Henegouwenstraat,85.0,9000.0,Ghent,Flanders,Customer 50,1,30
667,To do,Corrective-Low-2,Component Repair and Replacement,Corrective,Low,2,4,"1,0",Hours,"0,0",Minutes,"Electrician, Mecanician, Inspector Junior, Inspector Senior",8.0,,,,,,In service,Asset Description 78,Adequate,Henegouwenstraat,85.0,9000.0,Ghent,Flanders,Customer 50,1,60
668,To do,Corrective-Low-3,Control System Checks,Corrective,Low,3,4,"5,0",Minutes,"0,0",Minutes,"Electrician, Mecanician, Inspector Junior, Inspector Senior",9.0,,,,,,In service,Asset Description 78,Adequate,Henegouwenstraat,85.0,9000.0,Ghent,Flanders,Customer 50,1,5
669,To do,Corrective-Low-4,Testing and Validation,Corrective,Low,4,4,"5,0",Minutes,"0,0",Minutes,"Electrician, Mecanician, Inspector Junior, Inspector Senior",10.0,,,,,,In service,Asset Description 78,Adequate,Henegouwenstraat,85.0,9000.0,Ghent,Flanders,Customer 50,1,5
670,To do,Corrective-Low-5,Documentation and Reporting,Corrective,Low,5,4,"5,0",Minutes,"0,0",Minutes,"Electrician, Mecanician, Inspector Junior, Inspector Senior",11.0,,,,,,In service,Asset Description 78,Adequate,Henegouwenstraat,85.0,9000.0,Ghent,Flanders,Customer 50,1,5
671,To do,Corrective-Low-6,Post-Maintenance Adjustments,Corrective,Low,6,4,"5,0",Minutes,"0,0",Minutes,"Electrician, Mecanician, Inspector Junior, Inspector Senior",12.0,,,,,,In service,Asset Description 78,Adequate,Henegouwenstraat,85.0,9000.0,Ghent,Flanders,Customer 50,1,5
672,To do,Corrective-Low-7,System Cleanup and Safety Checks,Corrective,Low,7,4,"10,0",Minutes,"0,0",Minutes,"Electrician, Mecanician, Inspector Junior, Inspector Senior",13.0,,,,,,In service,Asset Description 78,Adequate,Henegouwenstraat,85.0,9000.0,Ghent,Flanders,Customer 50,1,10
673,To do,Corrective-Low-1,Diagnostics and Troubleshooting,Corrective,Low,1,4,"30,0",Minutes,"0,0",Minutes,"Electrician, Mecanician, Inspector Junior, Inspector Senior",,,,,,,In service,Asset Description 79,Adequate,Rue Saint-Hubert,84.0,5100.0,Namur,Wallonia,Customer 17,1,30
674,To do,Corrective-Low-2,Component Repair and Replacement,Corrective,Low,2,4,"1,0",Hours,"0,0",Minutes,"Electrician, Mecanician, Inspector Junior, Inspector Senior",8.0,,,,,,In service,Asset Description 79,Adequate,Rue Saint-Hubert,84.0,5100.0,Namur,Wallonia,Customer 17,1,60
675,To do,Corrective-Low-3,Control System Checks,Corrective,Low,3,4,"5,0",Minutes,"0,0",Minutes,"Electrician, Mecanician, Inspector Junior, Inspector Senior",9.0,,,,,,In service,Asset Description 79,Adequate,Rue Saint-Hubert,84.0,5100.0,Namur,Wallonia,Customer 17,1,5
676,To do,Corrective-Low-4,Testing and Validation,Corrective,Low,4,4,"5,0",Minutes,"0,0",Minutes,"Electrician, Mecanician, Inspector Junior, Inspector Senior",10.0,,,,,,In service,Asset Description 79,Adequate,Rue Saint-Hubert,84.0,5100.0,Namur,Wallonia,Customer 17,1,5
677,To do,Corrective-Low-5,Documentation and Reporting,Corrective,Low,5,4,"5,0",Minutes,"0,0",Minutes,"Electrician, Mecanician, Inspector Junior, Inspector Senior",11.0,,,,,,In service,Asset Description 79,Adequate,Rue Saint-Hubert,84.0,5100.0,Namur,Wallonia,Customer 17,1,5
678,To do,Corrective-Low-6,Post-Maintenance Adjustments,Corrective,Low,6,4,"5,0",Minutes,"0,0",Minutes,"Electrician, Mecanician, Inspector Junior, Inspector Senior",12.0,,,,,,In service,Asset Description 79,Adequate,Rue Saint-Hubert,84.0,5100.0,Namur,Wallonia,Customer 17,1,5
679,To do,Corrective-Low-7,System Cleanup and Safety Checks,Corrective,Low,7,4,"10,0",Minutes,"0,0",Minutes,"Electrician, Mecanician, Inspector Junior, Inspector Senior",13.0,,,,,,In service,Asset Description 79,Adequate,Rue Saint-Hubert,84.0,5100.0,Namur,Wallonia,Customer 17,1,10
680,To do,Corrective-Low-1,Diagnostics and Troubleshooting,Corrective,Low,1,4,"30,0",Minutes,"0,0",Minutes,"Electrician, Mecanician, Inspector Junior, Inspector Senior",,,,,,,In service,Asset Description 80,Bad,Chaussée d'Alsemberg,150.0,6000.0,Charleroi,Wallonia,Customer 29,1,30
681,To do,Corrective-Low-2,Component Repair and Replacement,Corrective,Low,2,4,"1,0",Hours,"0,0",Minutes,"Electrician, Mecanician, Inspector Junior, Inspector Senior",8.0,,,,,,In service,Asset Description 80,Bad,Chaussée d'Alsemberg,150.0,6000.0,Charleroi,Wallonia,Customer 29,1,60
682,To do,Corrective-Low-3,Control System Checks,Corrective,Low,3,4,"5,0",Minutes,"0,0",Minutes,"Electrician, Mecanician, Inspector Junior, Inspector Senior",9.0,,,,,,In service,Asset Description 80,Bad,Chaussée d'Alsemberg,150.0,6000.0,Charleroi,Wallonia,Customer 29,1,5
683,To do,Corrective-Low-4,Testing and Validation,Corrective,Low,4,4,"5,0",Minutes,"0,0",Minutes,"Electrician, Mecanician, Inspector Junior, Inspector Senior",10.0,,,,,,In service,Asset Description 80,Bad,Chaussée d'Alsemberg,150.0,6000.0,Charleroi,Wallonia,Customer 29,1,5
684,To do,Corrective-Low-5,Documentation and Reporting,Corrective,Low,5,4,"5,0",Minutes,"0,0",Minutes,"Electrician, Mecanician, Inspector Junior, Inspector Senior",11.0,,,,,,In service,Asset Description 80,Bad,Chaussée d'Alsemberg,150.0,6000.0,Charleroi,Wallonia,Customer 29,1,5
685,To do,Corrective-Low-6,Post-Maintenance Adjustments,Corrective,Low,6,4,"5,0",Minutes,"0,0",Minutes,"Electrician, Mecanician, Inspector Junior, Inspector Senior",12.0,,,,,,In service,Asset Description 80,Bad,Chaussée d'Alsemberg,150.0,6000.0,Charleroi,Wallonia,Customer 29,1,5
686,To do,Corrective-Low-7,System Cleanup and Safety Checks,Corrective,Low,7,4,"10,0",Minutes,"0,0",Minutes,"Electrician, Mecanician, Inspector Junior, Inspector Senior",13.0,,,,,,In service,Asset Description 80,Bad,Chaussée d'Alsemberg,150.0,6000.0,Charleroi,Wallonia,Customer 29,1,10
687,To do,Corrective-Low-1,Diagnostics and Troubleshooting,Corrective,Low,1,4,"30,0",Minutes,"0,0",Minutes,"Electrician, Mecanician, Inspector Junior, Inspector Senior",,,,,,,In service,Asset Description 81,Good,Rue de la Station,10.0,7000.0,Mons,Wallonia,Customer 55,1,30
688,To do,Corrective-Low-2,Component Repair and Replacement,Corrective,Low,2,4,"1,0",Hours,"0,0",Minutes,"Electrician, Mecanician, Inspector Junior, Inspector Senior",8.0,,,,,,In service,Asset Description 81,Good,Rue de la Station,10.0,7000.0,Mons,Wallonia,Customer 55,1,60
689,To do,Corrective-Low-3,Control System Checks,Corrective,Low,3,4,"5,0",Minutes,"0,0",Minutes,"Electrician, Mecanician, Inspector Junior, Inspector Senior",9.0,,,,,,In service,Asset Description 81,Good,Rue de la Station,10.0,7000.0,Mons,Wallonia,Customer 55,1,5
690,To do,Corrective-Low-4,Testing and Validation,Corrective,Low,4,4,"5,0",Minutes,"0,0",Minutes,"Electrician, Mecanician, Inspector Junior, Inspector Senior",10.0,,,,,,In service,Asset Description 81,Good,Rue de la Station,10.0,7000.0,Mons,Wallonia,Customer 55,1,5
691,To do,Corrective-Low-5,Documentation and Reporting,Corrective,Low,5,4,"5,0",Minutes,"0,0",Minutes,"Electrician, Mecanician, Inspector Junior, Inspector Senior",11.0,,,,,,In service,Asset Description 81,Good,Rue de la Station,10.0,7000.0,Mons,Wallonia,Customer 55,1,5
692,To do,Corrective-Low-6,Post-Maintenance Adjustments,Corrective,Low,6,4,"5,0",Minutes,"0,0",Minutes,"Electrician, Mecanician, Inspector Junior, Inspector Senior",12.0,,,,,,In service,Asset Description 81,Good,Rue de la Station,10.0,7000.0,Mons,Wallonia,Customer 55,1,5
693,To do,Corrective-Low-7,System Cleanup and Safety Checks,Corrective,Low,7,4,"10,0",Minutes,"0,0",Minutes,"Electrician, Mecanician, Inspector Junior, Inspector Senior",13.0,,,,,,In service,Asset Description 81,Good,Rue de la Station,10.0,7000.0,Mons,Wallonia,Customer 55,1,10
694,To do,Corrective-Low-1,Diagnostics and Troubleshooting,Corrective,Low,1,4,"30,0",Minutes,"0,0",Minutes,"Electrician, Mecanician, Inspector Junior, Inspector Senior",,,,,,,In service,Asset Description 82,Adequate,Avenue du Parc,5.0,1020.0,Brussels,Brussels,Customer 56,1,30
695,To do,Corrective-Low-2,Component Repair and Replacement,Corrective,Low,2,4,"1,0",Hours,"0,0",Minutes,"Electrician, Mecanician, Inspector Junior, Inspector Senior",8.0,,,,,,In service,Asset Description 82,Adequate,Avenue du Parc,5.0,1020.0,Brussels,Brussels,Customer 56,1,60
696,To do,Corrective-Low-3,Control System Checks,Corrective,Low,3,4,"5,0",Minutes,"0,0",Minutes,"Electrician, Mecanician, Inspector Junior, Inspector Senior",9.0,,,,,,In service,Asset Description 82,Adequate,Avenue du Parc,5.0,1020.0,Brussels,Brussels,Customer 56,1,5
697,To do,Corrective-Low-4,Testing and Validation,Corrective,Low,4,4,"5,0",Minutes,"0,0",Minutes,"Electrician, Mecanician, Inspector Junior, Inspector Senior",10.0,,,,,,In service,Asset Description 82,Adequate,Avenue du Parc,5.0,1020.0,Brussels,Brussels,Customer 56,1,5
698,To do,Corrective-Low-5,Documentation and Reporting,Corrective,Low,5,4,"5,0",Minutes,"0,0",Minutes,"Electrician, Mecanician, Inspector Junior, Inspector Senior",11.0,,,,,,In service,Asset Description 82,Adequate,Avenue du Parc,5.0,1020.0,Brussels,Brussels,Customer 56,1,5
699,To do,Corrective-Low-6,Post-Maintenance Adjustments,Corrective,Low,6,4,"5,0",Minutes,"0,0",Minutes,"Electrician, Mecanician, Inspector Junior, Inspector Senior",12.0,,,,,,In service,Asset Description 82,Adequate,Avenue du Parc,5.0,1020.0,Brussels,Brussels,Customer 56,1,5
700,To do,Corrective-Low-7,System Cleanup and Safety Checks,Corrective,Low,7,4,"10,0",Minutes,"0,0",Minutes,"Electrician, Mecanician, Inspector Junior, Inspector Senior",13.0,,,,,,In service,Asset Description 82,Adequate,Avenue du Parc,5.0,1020.0,Brussels,Brussels,Customer 56,1,10
701,To do,Corrective-Low-1,Diagnostics and Troubleshooting,Corrective,Low,1,4,"30,0",Minutes,"0,0",Minutes,"Electrician, Mecanician, Inspector Junior, Inspector Senior",,,,,,,In service,Asset Description 83,Adequate,Rue de la Bourse,1.0,1000.0,Brussels,Brussels,Customer 57,1,30
702,To do,Corrective-Low-2,Component Repair and Replacement,Corrective,Low,2,4,"1,0",Hours,"0,0",Minutes,"Electrician, Mecanician, Inspector Junior, Inspector Senior",8.0,,,,,,In service,Asset Description 83,Adequate,Rue de la Bourse,1.0,1000.0,Brussels,Brussels,Customer 57,1,60
703,To do,Corrective-Low-3,Control System Checks,Corrective,Low,3,4,"5,0",Minutes,"0,0",Minutes,"Electrician, Mecanician, Inspector Junior, Inspector Senior",9.0,,,,,,In service,Asset Description 83,Adequate,Rue de la Bourse,1.0,1000.0,Brussels,Brussels,Customer 57,1,5
704,To do,Corrective-Low-4,Testing and Validation,Corrective,Low,4,4,"5,0",Minutes,"0,0",Minutes,"Electrician, Mecanician, Inspector Junior, Inspector Senior",10.0,,,,,,In service,Asset Description 83,Adequate,Rue de la Bourse,1.0,1000.0,Brussels,Brussels,Customer 57,1,5
705,To do,Corrective-Low-5,Documentation and Reporting,Corrective,Low,5,4,"5,0",Minutes,"0,0",Minutes,"Electrician, Mecanician, Inspector Junior, Inspector Senior",11.0,,,,,,In service,Asset Description 83,Adequate,Rue de la Bourse,1.0,1000.0,Brussels,Brussels,Customer 57,1,5
706,To do,Corrective-Low-6,Post-Maintenance Adjustments,Corrective,Low,6,4,"5,0",Minutes,"0,0",Minutes,"Electrician, Mecanician, Inspector Junior, Inspector Senior",12.0,,,,,,In service,Asset Description 83,Adequate,Rue de la Bourse,1.0,1000.0,Brussels,Brussels,Customer 57,1,5
707,To do,Corrective-Low-7,System Cleanup and Safety Checks,Corrective,Low,7,4,"10,0",Minutes,"0,0",Minutes,"Electrician, Mecanician, Inspector Junior, Inspector Senior",13.0,,,,,,In service,Asset Description 83,Adequate,Rue de la Bourse,1.0,1000.0,Brussels,Brussels,Customer 57,1,10
708,To do,Corrective-Low-1,Diagnostics and Troubleshooting,Corrective,Low,1,4,"30,0",Minutes,"0,0",Minutes,"Electrician, Mecanician, Inspector Junior, Inspector Senior",,,,,,,In service,Asset Description 84,Bad,Avenue de l'Atomium,102.0,1020.0,Brussels,Brussels,Customer 58,1,30
709,To do,Corrective-Low-2,Component Repair and Replacement,Corrective,Low,2,4,"1,0",Hours,"0,0",Minutes,"Electrician, Mecanician, Inspector Junior, Inspector Senior",8.0,,,,,,In service,Asset Description 84,Bad,Avenue de l'Atomium,102.0,1020.0,Brussels,Brussels,Customer 58,1,60
710,To do,Corrective-Low-3,Control System Checks,Corrective,Low,3,4,"5,0",Minutes,"0,0",Minutes,"Electrician, Mecanician, Inspector Junior, Inspector Senior",9.0,,,,,,In service,Asset Description 84,Bad,Avenue de l'Atomium,102.0,1020.0,Brussels,Brussels,Customer 58,1,5
711,To do,Corrective-Low-4,Testing and Validation,Corrective,Low,4,4,"5,0",Minutes,"0,0",Minutes,"Electrician, Mecanician, Inspector Junior, Inspector Senior",10.0,,,,,,In service,Asset Description 84,Bad,Avenue de l'Atomium,102.0,1020.0,Brussels,Brussels,Customer 58,1,5
712,To do,Corrective-Low-5,Documentation and Reporting,Corrective,Low,5,4,"5,0",Minutes,"0,0",Minutes,"Electrician, Mecanician, Inspector Junior, Inspector Senior",11.0,,,,,,In service,Asset Description 84,Bad,Avenue de l'Atomium,102.0,1020.0,Brussels,Brussels,Customer 58,1,5
713,To do,Corrective-Low-6,Post-Maintenance Adjustments,Corrective,Low,6,4,"5,0",Minutes,"0,0",Minutes,"Electrician, Mecanician, Inspector Junior, Inspector Senior",12.0,,,,,,In service,Asset Description 84,Bad,Avenue de l'Atomium,102.0,1020.0,Brussels,Brussels,Customer 58,1,5
714,To do,Corrective-Low-7,System Cleanup and Safety Checks,Corrective,Low,7,4,"10,0",Minutes,"0,0",Minutes,"Electrician, Mecanician, Inspector Junior, Inspector Senior",13.0,,,,,,In service,Asset Description 84,Bad,Avenue de l'Atomium,102.0,1020.0,Brussels,Brussels,Customer 58,1,10
715,To do,Corrective-Low-1,Diagnostics and Troubleshooting,Corrective,Low,1,4,"30,0",Minutes,"0,0",Minutes,"Electrician, Mecanician, Inspector Junior, Inspector Senior",,,,,,,In service,Asset Description 85,Good,Rue de la Loi,175.0,1040.0,Brussels,Brussels,Customer 55,1,30
716,To do,Corrective-Low-2,Component Repair and Replacement,Corrective,Low,2,4,"1,0",Hours,"0,0",Minutes,"Electrician, Mecanician, Inspector Junior, Inspector Senior",8.0,,,,,,In service,Asset Description 85,Good,Rue de la Loi,175.0,1040.0,Brussels,Brussels,Customer 55,1,60
717,To do,Corrective-Low-3,Control System Checks,Corrective,Low,3,4,"5,0",Minutes,"0,0",Minutes,"Electrician, Mecanician, Inspector Junior, Inspector Senior",9.0,,,,,,In service,Asset Description 85,Good,Rue de la Loi,175.0,1040.0,Brussels,Brussels,Customer 55,1,5
718,To do,Corrective-Low-4,Testing and Validation,Corrective,Low,4,4,"5,0",Minutes,"0,0",Minutes,"Electrician, Mecanician, Inspector Junior, Inspector Senior",10.0,,,,,,In service,Asset Description 85,Good,Rue de la Loi,175.0,1040.0,Brussels,Brussels,Customer 55,1,5
719,To do,Corrective-Low-5,Documentation and Reporting,Corrective,Low,5,4,"5,0",Minutes,"0,0",Minutes,"Electrician, Mecanician, Inspector Junior, Inspector Senior",11.0,,,,,,In service,Asset Description 85,Good,Rue de la Loi,175.0,1040.0,Brussels,Brussels,Customer 55,1,5
720,To do,Corrective-Low-6,Post-Maintenance Adjustments,Corrective,Low,6,4,"5,0",Minutes,"0,0",Minutes,"Electrician, Mecanician, Inspector Junior, Inspector Senior",12.0,,,,,,In service,Asset Description 85,Good,Rue de la Loi,175.0,1040.0,Brussels,Brussels,Customer 55,1,5
721,To do,Corrective-Low-7,System Cleanup and Safety Checks,Corrective,Low,7,4,"10,0",Minutes,"0,0",Minutes,"Electrician, Mecanician, Inspector Junior, Inspector Senior",13.0,,,,,,In service,Asset Description 85,Good,Rue de la Loi,175.0,1040.0,Brussels,Brussels,Customer 55,1,10
722,To do,Corrective-Low-1,Diagnostics and Troubleshooting,Corrective,Low,1,4,"30,0",Minutes,"0,0",Minutes,"Electrician, Mecanician, Inspector Junior, Inspector Senior",,,,,,,In service,Asset Description 86,Adequate,Avenue de la Renaissance,30.0,1000.0,Brussels,Brussels,Customer 56,1,30
723,To do,Corrective-Low-2,Component Repair and Replacement,Corrective,Low,2,4,"1,0",Hours,"0,0",Minutes,"Electrician, Mecanician, Inspector Junior, Inspector Senior",8.0,,,,,,In service,Asset Description 86,Adequate,Avenue de la Renaissance,30.0,1000.0,Brussels,Brussels,Customer 56,1,60
724,To do,Corrective-Low-3,Control System Checks,Corrective,Low,3,4,"5,0",Minutes,"0,0",Minutes,"Electrician, Mecanician, Inspector Junior, Inspector Senior",9.0,,,,,,In service,Asset Description 86,Adequate,Avenue de la Renaissance,30.0,1000.0,Brussels,Brussels,Customer 56,1,5
725,To do,Corrective-Low-4,Testing and Validation,Corrective,Low,4,4,"5,0",Minutes,"0,0",Minutes,"Electrician, Mecanician, Inspector Junior, Inspector Senior",10.0,,,,,,In service,Asset Description 86,Adequate,Avenue de la Renaissance,30.0,1000.0,Brussels,Brussels,Customer 56,1,5
726,To do,Corrective-Low-5,Documentation and Reporting,Corrective,Low,5,4,"5,0",Minutes,"0,0",Minutes,"Electrician, Mecanician, Inspector Junior, Inspector Senior",11.0,,,,,,In service,Asset Description 86,Adequate,Avenue de la Renaissance,30.0,1000.0,Brussels,Brussels,Customer 56,1,5
727,To do,Corrective-Low-6,Post-Maintenance Adjustments,Corrective,Low,6,4,"5,0",Minutes,"0,0",Minutes,"Electrician, Mecanician, Inspector Junior, Inspector Senior",12.0,,,,,,In service,Asset Description 86,Adequate,Avenue de la Renaissance,30.0,1000.0,Brussels,Brussels,Customer 56,1,5
728,To do,Corrective-Low-7,System Cleanup and Safety Checks,Corrective,Low,7,4,"10,0",Minutes,"0,0",Minutes,"Electrician, Mecanician, Inspector Junior, Inspector Senior",13.0,,,,,,In service,Asset Description 86,Adequate,Avenue de la Renaissance,30.0,1000.0,Brussels,Brussels,Customer 56,1,10
729,To do,Corrective-Low-1,Diagnostics and Troubleshooting,Corrective,Low,1,4,"30,0",Minutes,"0,0",Minutes,"Electrician, Mecanician, Inspector Junior, Inspector Senior",,,,,,,In service,Asset Description 87,Adequate,Rue de la Science,14.0,1040.0,Brussels,Brussels,Customer 57,1,30
730,To do,Corrective-Low-2,Component Repair and Replacement,Corrective,Low,2,4,"1,0",Hours,"0,0",Minutes,"Electrician, Mecanician, Inspector Junior, Inspector Senior",8.0,,,,,,In service,Asset Description 87,Adequate,Rue de la Science,14.0,1040.0,Brussels,Brussels,Customer 57,1,60
731,To do,Corrective-Low-3,Control System Checks,Corrective,Low,3,4,"5,0",Minutes,"0,0",Minutes,"Electrician, Mecanician, Inspector Junior, Inspector Senior",9.0,,,,,,In service,Asset Description 87,Adequate,Rue de la Science,14.0,1040.0,Brussels,Brussels,Customer 57,1,5
732,To do,Corrective-Low-4,Testing and Validation,Corrective,Low,4,4,"5,0",Minutes,"0,0",Minutes,"Electrician, Mecanician, Inspector Junior, Inspector Senior",10.0,,,,,,In service,Asset Description 87,Adequate,Rue de la Science,14.0,1040.0,Brussels,Brussels,Customer 57,1,5
733,To do,Corrective-Low-5,Documentation and Reporting,Corrective,Low,5,4,"5,0",Minutes,"0,0",Minutes,"Electrician, Mecanician, Inspector Junior, Inspector Senior",11.0,,,,,,In service,Asset Description 87,Adequate,Rue de la Science,14.0,1040.0,Brussels,Brussels,Customer 57,1,5
734,To do,Corrective-Low-6,Post-Maintenance Adjustments,Corrective,Low,6,4,"5,0",Minutes,"0,0",Minutes,"Electrician, Mecanician, Inspector Junior, Inspector Senior",12.0,,,,,,In service,Asset Description 87,Adequate,Rue de la Science,14.0,1040.0,Brussels,Brussels,Customer 57,1,5
735,To do,Corrective-Low-7,System Cleanup and Safety Checks,Corrective,Low,7,4,"10,0",Minutes,"0,0",Minutes,"Electrician, Mecanician, Inspector Junior, Inspector Senior",13.0,,,,,,In service,Asset Description 87,Adequate,Rue de la Science,14.0,1040.0,Brussels,Brussels,Customer 57,1,10
736,To do,Corrective-Low-1,Diagnostics and Troubleshooting,Corrective,Low,1,4,"30,0",Minutes,"0,0",Minutes,"Electrician, Mecanician, Inspector Junior, Inspector Senior",,,,,,,In service,Asset Description 88,Bad,Rue Belliard,99.0,1040.0,Brussels,Brussels,Customer 58,1,30
737,To do,Corrective-Low-2,Component Repair and Replacement,Corrective,Low,2,4,"1,0",Hours,"0,0",Minutes,"Electrician, Mecanician, Inspector Junior, Inspector Senior",8.0,,,,,,In service,Asset Description 88,Bad,Rue Belliard,99.0,1040.0,Brussels,Brussels,Customer 58,1,60
738,To do,Corrective-Low-3,Control System Checks,Corrective,Low,3,4,"5,0",Minutes,"0,0",Minutes,"Electrician, Mecanician, Inspector Junior, Inspector Senior",9.0,,,,,,In service,Asset Description 88,Bad,Rue Belliard,99.0,1040.0,Brussels,Brussels,Customer 58,1,5
739,To do,Corrective-Low-4,Testing and Validation,Corrective,Low,4,4,"5,0",Minutes,"0,0",Minutes,"Electrician, Mecanician, Inspector Junior, Inspector Senior",10.0,,,,,,In service,Asset Description 88,Bad,Rue Belliard,99.0,1040.0,Brussels,Brussels,Customer 58,1,5
740,To do,Corrective-Low-5,Documentation and Reporting,Corrective,Low,5,4,"5,0",Minutes,"0,0",Minutes,"Electrician, Mecanician, Inspector Junior, Inspector Senior",11.0,,,,,,In service,Asset Description 88,Bad,Rue Belliard,99.0,1040.0,Brussels,Brussels,Customer 58,1,5
741,To do,Corrective-Low-6,Post-Maintenance Adjustments,Corrective,Low,6,4,"5,0",Minutes,"0,0",Minutes,"Electrician, Mecanician, Inspector Junior, Inspector Senior",12.0,,,,,,In service,Asset Description 88,Bad,Rue Belliard,99.0,1040.0,Brussels,Brussels,Customer 58,1,5
742,To do,Corrective-Low-7,System Cleanup and Safety Checks,Corrective,Low,7,4,"10,0",Minutes,"0,0",Minutes,"Electrician, Mecanician, Inspector Junior, Inspector Senior",13.0,,,,,,In service,Asset Description 88,Bad,Rue Belliard,99.0,1040.0,Brussels,Brussels,Customer 58,1,10
743,To do,Corrective-Low-1,Diagnostics and Troubleshooting,Corrective,Low,1,4,"30,0",Minutes,"0,0",Minutes,"Electrician, Mecanician, Inspector Junior, Inspector Senior",,,,,,,In service,Asset Description 89,Adequate,Avenue du Parc,5.0,4000.0,Liège,Wallonia,Customer 35,1,30
744,To do,Corrective-Low-2,Component Repair and Replacement,Corrective,Low,2,4,"1,0",Hours,"0,0",Minutes,"Electrician, Mecanician, Inspector Junior, Inspector Senior",8.0,,,,,,In service,Asset Description 89,Adequate,Avenue du Parc,5.0,4000.0,Liège,Wallonia,Customer 35,1,60
745,To do,Corrective-Low-3,Control System Checks,Corrective,Low,3,4,"5,0",Minutes,"0,0",Minutes,"Electrician, Mecanician, Inspector Junior, Inspector Senior",9.0,,,,,,In service,Asset Description 89,Adequate,Avenue du Parc,5.0,4000.0,Liège,Wallonia,Customer 35,1,5
746,To do,Corrective-Low-4,Testing and Validation,Corrective,Low,4,4,"5,0",Minutes,"0,0",Minutes,"Electrician, Mecanician, Inspector Junior, Inspector Senior",10.0,,,,,,In service,Asset Description 89,Adequate,Avenue du Parc,5.0,4000.0,Liège,Wallonia,Customer 35,1,5
747,To do,Corrective-Low-5,Documentation and Reporting,Corrective,Low,5,4,"5,0",Minutes,"0,0",Minutes,"Electrician, Mecanician, Inspector Junior, Inspector Senior",11.0,,,,,,In service,Asset Description 89,Adequate,Avenue du Parc,5.0,4000.0,Liège,Wallonia,Customer 35,1,5
748,To do,Corrective-Low-6,Post-Maintenance Adjustments,Corrective,Low,6,4,"5,0",Minutes,"0,0",Minutes,"Electrician, Mecanician, Inspector Junior, Inspector Senior",12.0,,,,,,In service,Asset Description 89,Adequate,Avenue du Parc,5.0,4000.0,Liège,Wallonia,Customer 35,1,5
749,To do,Corrective-Low-7,System Cleanup and Safety Checks,Corrective,Low,7,4,"10,0",Minutes,"0,0",Minutes,"Electrician, Mecanician, Inspector Junior, Inspector Senior",13.0,,,,,,In service,Asset Description 89,Adequate,Avenue du Parc,5.0,4000.0,Liège,Wallonia,Customer 35,1,10
750,To do,Corrective-Low-1,Diagnostics and Troubleshooting,Corrective,Low,1,4,"30,0",Minutes,"0,0",Minutes,"Electrician, Mecanician, Inspector Junior, Inspector Senior",,,,,,,In service,Asset Description 90,Bad,Rue Saint-Luc,8.0,5004.0,Namur,Wallonia,Customer 36,1,30
751,To do,Corrective-Low-2,Component Repair and Replacement,Corrective,Low,2,4,"1,0",Hours,"0,0",Minutes,"Electrician, Mecanician, Inspector Junior, Inspector Senior",8.0,,,,,,In service,Asset Description 90,Bad,Rue Saint-Luc,8.0,5004.0,Namur,Wallonia,Customer 36,1,60
752,To do,Corrective-Low-3,Control System Checks,Corrective,Low,3,4,"5,0",Minutes,"0,0",Minutes,"Electrician, Mecanician, Inspector Junior, Inspector Senior",9.0,,,,,,In service,Asset Description 90,Bad,Rue Saint-Luc,8.0,5004.0,Namur,Wallonia,Customer 36,1,5
753,To do,Corrective-Low-4,Testing and Validation,Corrective,Low,4,4,"5,0",Minutes,"0,0",Minutes,"Electrician, Mecanician, Inspector Junior, Inspector Senior",10.0,,,,,,In service,Asset Description 90,Bad,Rue Saint-Luc,8.0,5004.0,Namur,Wallonia,Customer 36,1,5
754,To do,Corrective-Low-5,Documentation and Reporting,Corrective,Low,5,4,"5,0",Minutes,"0,0",Minutes,"Electrician, Mecanician, Inspector Junior, Inspector Senior",11.0,,,,,,In service,Asset Description 90,Bad,Rue Saint-Luc,8.0,5004.0,Namur,Wallonia,Customer 36,1,5
755,To do,Corrective-Low-6,Post-Maintenance Adjustments,Corrective,Low,6,4,"5,0",Minutes,"0,0",Minutes,"Electrician, Mecanician, Inspector Junior, Inspector Senior",12.0,,,,,,In service,Asset Description 90,Bad,Rue Saint-Luc,8.0,5004.0,Namur,Wallonia,Customer 36,1,5
756,To do,Corrective-Low-7,System Cleanup and Safety Checks,Corrective,Low,7,4,"10,0",Minutes,"0,0",Minutes,"Electrician, Mecanician, Inspector Junior, Inspector Senior",13.0,,,,,,In service,Asset Description 90,Bad,Rue Saint-Luc,8.0,5004.0,Namur,Wallonia,Customer 36,1,10
757,To do,Corrective-Low-1,Diagnostics and Troubleshooting,Corrective,Low,1,4,"30,0",Minutes,"0,0",Minutes,"Electrician, Mecanician, Inspector Junior, Inspector Senior",,,,,,,In service,Asset Description 91,Adequate,Chau. de Nivelles ,212.0,6041.0,Charleroi,Wallonia,Customer 29,1,30
758,To do,Corrective-Low-2,Component Repair and Replacement,Corrective,Low,2,4,"1,0",Hours,"0,0",Minutes,"Electrician, Mecanician, Inspector Junior, Inspector Senior",8.0,,,,,,In service,Asset Description 91,Adequate,Chau. de Nivelles ,212.0,6041.0,Charleroi,Wallonia,Customer 29,1,60
759,To do,Corrective-Low-3,Control System Checks,Corrective,Low,3,4,"5,0",Minutes,"0,0",Minutes,"Electrician, Mecanician, Inspector Junior, Inspector Senior",9.0,,,,,,In service,Asset Description 91,Adequate,Chau. de Nivelles ,212.0,6041.0,Charleroi,Wallonia,Customer 29,1,5
760,To do,Corrective-Low-4,Testing and Validation,Corrective,Low,4,4,"5,0",Minutes,"0,0",Minutes,"Electrician, Mecanician, Inspector Junior, Inspector Senior",10.0,,,,,,In service,Asset Description 91,Adequate,Chau. de Nivelles ,212.0,6041.0,Charleroi,Wallonia,Customer 29,1,5
761,To do,Corrective-Low-5,Documentation and Reporting,Corrective,Low,5,4,"5,0",Minutes,"0,0",Minutes,"Electrician, Mecanician, Inspector Junior, Inspector Senior",11.0,,,,,,In service,Asset Description 91,Adequate,Chau. de Nivelles ,212.0,6041.0,Charleroi,Wallonia,Customer 29,1,5
762,To do,Corrective-Low-6,Post-Maintenance Adjustments,Corrective,Low,6,4,"5,0",Minutes,"0,0",Minutes,"Electrician, Mecanician, Inspector Junior, Inspector Senior",12.0,,,,,,In service,Asset Description 91,Adequate,Chau. de Nivelles ,212.0,6041.0,Charleroi,Wallonia,Customer 29,1,5
763,To do,Corrective-Low-7,System Cleanup and Safety Checks,Corrective,Low,7,4,"10,0",Minutes,"0,0",Minutes,"Electrician, Mecanician, Inspector Junior, Inspector Senior",13.0,,,,,,In service,Asset Description 91,Adequate,Chau. de Nivelles ,212.0,6041.0,Charleroi,Wallonia,Customer 29,1,10
771,To do,Corrective-Breakdown-1,Secure the Area,Corrective,Breakdown,1,1,"15,0",Minutes,"0,0",Minutes,"Electrician, Mecanician, Inspector Senior",,,,,,,In service,Asset Description 92,Bad,Rue de la Loi,175.0,7000.0,Mons,Wallonia,Customer 20,1,15
772,To do,Corrective-Breakdown-2,Preliminary Inspection,Corrective,Breakdown,2,1,"20,0",Minutes,"0,0",Minutes,"Electrician, Mecanician, Inspector Senior",1.0,,,,,,In service,Asset Description 92,Bad,Rue de la Loi,175.0,7000.0,Mons,Wallonia,Customer 20,1,20
773,To do,Corrective-Breakdown-3,Diagnostics and Troubleshooting,Corrective,Breakdown,3,1,"1,0",Hours,"0,0",Minutes,"Electrician, Mecanician, Inspector Senior",2.0,,,,,,In service,Asset Description 92,Bad,Rue de la Loi,175.0,7000.0,Mons,Wallonia,Customer 20,1,60
774,To do,Corrective-Breakdown-4,Component Repair or Replacement,Corrective,Breakdown,4,1,"1,0",Hours,"0,0",Minutes,"Electrician, Mecanician, Inspector Senior",3.0,,,,,,In service,Asset Description 92,Bad,Rue de la Loi,175.0,7000.0,Mons,Wallonia,Customer 20,1,60
775,To do,Corrective-Breakdown-7,Post-Repair Adjustments,Corrective,Breakdown,7,1,"20,0",Minutes,"0,0",Minutes,"Electrician, Mecanician, Inspector Senior",6.0,,,,,,In service,Asset Description 92,Bad,Rue de la Loi,175.0,7000.0,Mons,Wallonia,Customer 20,1,20
776,To do,Corrective-Breakdown-5,Control System Reset,Corrective,Breakdown,5,1,"30,0",Minutes,"0,0",Minutes,"Electrician, Mecanician, Inspector Senior",4.0,,,,,,In service,Asset Description 92,Bad,Rue de la Loi,175.0,7000.0,Mons,Wallonia,Customer 20,1,30
777,To do,Corrective-Breakdown-6,Detailed Testing and Validation,Corrective,Breakdown,6,1,"45,0",Minutes,"0,0",Minutes,"Electrician, Mecanician, Inspector Senior",5.0,,,,,,In service,Asset Description 92,Bad,Rue de la Loi,175.0,7000.0,Mons,Wallonia,Customer 20,1,45
778,To do,Corrective-Breakdown-8,System Cleanup and Safety Checks,Corrective,Breakdown,8,1,"15,0",Minutes,"0,0",Minutes,"Electrician, Mecanician, Inspector Senior",7.0,,,,,,In service,Asset Description 92,Bad,Rue de la Loi,175.0,7000.0,Mons,Wallonia,Customer 20,1,15
779,To do,Corrective-Breakdown-10,Restore Service,Corrective,Breakdown,10,1,"15,0",Minutes,"0,0",Minutes,"Electrician, Mecanician, Inspector Senior",21.0,,,,,,In service,Asset Description 92,Bad,Rue de la Loi,175.0,7000.0,Mons,Wallonia,Customer 20,1,15
780,To do,Corrective-Breakdown-9,Documentation and Reporting,Corrective,Breakdown,9,1,"20,0",Minutes,"0,0",Minutes,"Electrician, Mecanician, Inspector Senior",20.0,,,,,,In service,Asset Description 92,Bad,Rue de la Loi,175.0,7000.0,Mons,Wallonia,Customer 20,1,20
788,To do,Corrective-Breakdown-1,Secure the Area,Corrective,Breakdown,1,1,"15,0",Minutes,"0,0",Minutes,"Electrician, Mecanician, Inspector Senior",,,,,,,In service,Asset Description 93,Good,Avenue de la Renaissance,30.0,4000.0,Liège,Wallonia,Customer 21,1,15
789,To do,Corrective-Breakdown-2,Preliminary Inspection,Corrective,Breakdown,2,1,"20,0",Minutes,"0,0",Minutes,"Electrician, Mecanician, Inspector Senior",1.0,,,,,,In service,Asset Description 93,Good,Avenue de la Renaissance,30.0,4000.0,Liège,Wallonia,Customer 21,1,20
790,To do,Corrective-Breakdown-3,Diagnostics and Troubleshooting,Corrective,Breakdown,3,1,"1,0",Hours,"0,0",Minutes,"Electrician, Mecanician, Inspector Senior",2.0,,,,,,In service,Asset Description 93,Good,Avenue de la Renaissance,30.0,4000.0,Liège,Wallonia,Customer 21,1,60
791,To do,Corrective-Breakdown-4,Component Repair or Replacement,Corrective,Breakdown,4,1,"1,0",Hours,"0,0",Minutes,"Electrician, Mecanician, Inspector Senior",3.0,,,,,,In service,Asset Description 93,Good,Avenue de la Renaissance,30.0,4000.0,Liège,Wallonia,Customer 21,1,60
792,To do,Corrective-Breakdown-7,Post-Repair Adjustments,Corrective,Breakdown,7,1,"20,0",Minutes,"0,0",Minutes,"Electrician, Mecanician, Inspector Senior",6.0,,,,,,In service,Asset Description 93,Good,Avenue de la Renaissance,30.0,4000.0,Liège,Wallonia,Customer 21,1,20
793,To do,Corrective-Breakdown-5,Control System Reset,Corrective,Breakdown,5,1,"30,0",Minutes,"0,0",Minutes,"Electrician, Mecanician, Inspector Senior",4.0,,,,,,In service,Asset Description 93,Good,Avenue de la Renaissance,30.0,4000.0,Liège,Wallonia,Customer 21,1,30
794,To do,Corrective-Breakdown-6,Detailed Testing and Validation,Corrective,Breakdown,6,1,"45,0",Minutes,"0,0",Minutes,"Electrician, Mecanician, Inspector Senior",5.0,,,,,,In service,Asset Description 93,Good,Avenue de la Renaissance,30.0,4000.0,Liège,Wallonia,Customer 21,1,45
795,To do,Corrective-Breakdown-8,System Cleanup and Safety Checks,Corrective,Breakdown,8,1,"15,0",Minutes,"0,0",Minutes,"Electrician, Mecanician, Inspector Senior",7.0,,,,,,In service,Asset Description 93,Good,Avenue de la Renaissance,30.0,4000.0,Liège,Wallonia,Customer 21,1,15
796,To do,Corrective-Breakdown-10,Restore Service,Corrective,Breakdown,10,1,"15,0",Minutes,"0,0",Minutes,"Electrician, Mecanician, Inspector Senior",21.0,,,,,,In service,Asset Description 93,Good,Avenue de la Renaissance,30.0,4000.0,Liège,Wallonia,Customer 21,1,15
797,To do,Corrective-Breakdown-9,Documentation and Reporting,Corrective,Breakdown,9,1,"20,0",Minutes,"0,0",Minutes,"Electrician, Mecanician, Inspector Senior",20.0,,,,,,In service,Asset Description 93,Good,Avenue de la Renaissance,30.0,4000.0,Liège,Wallonia,Customer 21,1,20
798,To do,Corrective-Breakdown-1,Secure the Area,Corrective,Breakdown,1,1,"15,0",Minutes,"0,0",Minutes,"Electrician, Mecanician, Inspector Senior",,,,,,,In service,Asset Description 94,Good,Chau. de Marche,581.0,5101.0,Namur,Wallonia,Customer 40,1,15
799,To do,Corrective-Breakdown-2,Preliminary Inspection,Corrective,Breakdown,2,1,"20,0",Minutes,"0,0",Minutes,"Electrician, Mecanician, Inspector Senior",1.0,,,,,,In service,Asset Description 94,Good,Chau. de Marche,581.0,5101.0,Namur,Wallonia,Customer 40,1,20
800,To do,Corrective-Breakdown-3,Diagnostics and Troubleshooting,Corrective,Breakdown,3,1,"1,0",Hours,"0,0",Minutes,"Electrician, Mecanician, Inspector Senior",2.0,,,,,,In service,Asset Description 94,Good,Chau. de Marche,581.0,5101.0,Namur,Wallonia,Customer 40,1,60
801,To do,Corrective-Breakdown-4,Component Repair or Replacement,Corrective,Breakdown,4,1,"1,0",Hours,"0,0",Minutes,"Electrician, Mecanician, Inspector Senior",3.0,,,,,,In service,Asset Description 94,Good,Chau. de Marche,581.0,5101.0,Namur,Wallonia,Customer 40,1,60
802,To do,Corrective-Breakdown-7,Post-Repair Adjustments,Corrective,Breakdown,7,1,"20,0",Minutes,"0,0",Minutes,"Electrician, Mecanician, Inspector Senior",6.0,,,,,,In service,Asset Description 94,Good,Chau. de Marche,581.0,5101.0,Namur,Wallonia,Customer 40,1,20
803,To do,Corrective-Breakdown-5,Control System Reset,Corrective,Breakdown,5,1,"30,0",Minutes,"0,0",Minutes,"Electrician, Mecanician, Inspector Senior",4.0,,,,,,In service,Asset Description 94,Good,Chau. de Marche,581.0,5101.0,Namur,Wallonia,Customer 40,1,30
804,To do,Corrective-Breakdown-6,Detailed Testing and Validation,Corrective,Breakdown,6,1,"45,0",Minutes,"0,0",Minutes,"Electrician, Mecanician, Inspector Senior",5.0,,,,,,In service,Asset Description 94,Good,Chau. de Marche,581.0,5101.0,Namur,Wallonia,Customer 40,1,45
805,To do,Corrective-Breakdown-8,System Cleanup and Safety Checks,Corrective,Breakdown,8,1,"15,0",Minutes,"0,0",Minutes,"Electrician, Mecanician, Inspector Senior",7.0,,,,,,In service,Asset Description 94,Good,Chau. de Marche,581.0,5101.0,Namur,Wallonia,Customer 40,1,15
806,To do,Corrective-Breakdown-10,Restore Service,Corrective,Breakdown,10,1,"15,0",Minutes,"0,0",Minutes,"Electrician, Mecanician, Inspector Senior",21.0,,,,,,In service,Asset Description 94,Good,Chau. de Marche,581.0,5101.0,Namur,Wallonia,Customer 40,1,15
807,To do,Corrective-Breakdown-9,Documentation and Reporting,Corrective,Breakdown,9,1,"20,0",Minutes,"0,0",Minutes,"Electrician, Mecanician, Inspector Senior",20.0,,,,,,In service,Asset Description 94,Good,Chau. de Marche,581.0,5101.0,Namur,Wallonia,Customer 40,1,20
808,To do,Corrective-Breakdown-1,Secure the Area,Corrective,Breakdown,1,1,"15,0",Minutes,"0,0",Minutes,"Electrician, Mecanician, Inspector Senior",,,,,,,In service,Asset Description 95,Good,Chau. De Bruxelles,140.0,6042.0,Charleroi,Wallonia,Customer 3,1,15
809,To do,Corrective-Breakdown-2,Preliminary Inspection,Corrective,Breakdown,2,1,"20,0",Minutes,"0,0",Minutes,"Electrician, Mecanician, Inspector Senior",1.0,,,,,,In service,Asset Description 95,Good,Chau. De Bruxelles,140.0,6042.0,Charleroi,Wallonia,Customer 3,1,20
810,To do,Corrective-Breakdown-3,Diagnostics and Troubleshooting,Corrective,Breakdown,3,1,"1,0",Hours,"0,0",Minutes,"Electrician, Mecanician, Inspector Senior",2.0,,,,,,In service,Asset Description 95,Good,Chau. De Bruxelles,140.0,6042.0,Charleroi,Wallonia,Customer 3,1,60
811,To do,Corrective-Breakdown-4,Component Repair or Replacement,Corrective,Breakdown,4,1,"1,0",Hours,"0,0",Minutes,"Electrician, Mecanician, Inspector Senior",3.0,,,,,,In service,Asset Description 95,Good,Chau. De Bruxelles,140.0,6042.0,Charleroi,Wallonia,Customer 3,1,60
812,To do,Corrective-Breakdown-7,Post-Repair Adjustments,Corrective,Breakdown,7,1,"20,0",Minutes,"0,0",Minutes,"Electrician, Mecanician, Inspector Senior",6.0,,,,,,In service,Asset Description 95,Good,Chau. De Bruxelles,140.0,6042.0,Charleroi,Wallonia,Customer 3,1,20
813,To do,Corrective-Breakdown-5,Control System Reset,Corrective,Breakdown,5,1,"30,0",Minutes,"0,0",Minutes,"Electrician, Mecanician, Inspector Senior",4.0,,,,,,In service,Asset Description 95,Good,Chau. De Bruxelles,140.0,6042.0,Charleroi,Wallonia,Customer 3,1,30
814,To do,Corrective-Breakdown-6,Detailed Testing and Validation,Corrective,Breakdown,6,1,"45,0",Minutes,"0,0",Minutes,"Electrician, Mecanician, Inspector Senior",5.0,,,,,,In service,Asset Description 95,Good,Chau. De Bruxelles,140.0,6042.0,Charleroi,Wallonia,Customer 3,1,45
815,To do,Corrective-Breakdown-8,System Cleanup and Safety Checks,Corrective,Breakdown,8,1,"15,0",Minutes,"0,0",Minutes,"Electrician, Mecanician, Inspector Senior",7.0,,,,,,In service,Asset Description 95,Good,Chau. De Bruxelles,140.0,6042.0,Charleroi,Wallonia,Customer 3,1,15
816,To do,Corrective-Breakdown-10,Restore Service,Corrective,Breakdown,10,1,"15,0",Minutes,"0,0",Minutes,"Electrician, Mecanician, Inspector Senior",21.0,,,,,,In service,Asset Description 95,Good,Chau. De Bruxelles,140.0,6042.0,Charleroi,Wallonia,Customer 3,1,15
817,To do,Corrective-Breakdown-9,Documentation and Reporting,Corrective,Breakdown,9,1,"20,0",Minutes,"0,0",Minutes,"Electrician, Mecanician, Inspector Senior",20.0,,,,,,In service,Asset Description 95,Good,Chau. De Bruxelles,140.0,6042.0,Charleroi,Wallonia,Customer 3,1,20
818,To do,Corrective-Breakdown-1,Secure the Area,Corrective,Breakdown,1,1,"15,0",Minutes,"0,0",Minutes,"Electrician, Mecanician, Inspector Senior",,,,,,,In service,Asset Description 96,Good,Avenue de la Joyeuse Entrée,1.0,7000.0,Mons,Wallonia,Customer 4,1,15
819,To do,Corrective-Breakdown-2,Preliminary Inspection,Corrective,Breakdown,2,1,"20,0",Minutes,"0,0",Minutes,"Electrician, Mecanician, Inspector Senior",1.0,,,,,,In service,Asset Description 96,Good,Avenue de la Joyeuse Entrée,1.0,7000.0,Mons,Wallonia,Customer 4,1,20
820,To do,Corrective-Breakdown-3,Diagnostics and Troubleshooting,Corrective,Breakdown,3,1,"1,0",Hours,"0,0",Minutes,"Electrician, Mecanician, Inspector Senior",2.0,,,,,,In service,Asset Description 96,Good,Avenue de la Joyeuse Entrée,1.0,7000.0,Mons,Wallonia,Customer 4,1,60
821,To do,Corrective-Breakdown-4,Component Repair or Replacement,Corrective,Breakdown,4,1,"1,0",Hours,"0,0",Minutes,"Electrician, Mecanician, Inspector Senior",3.0,,,,,,In service,Asset Description 96,Good,Avenue de la Joyeuse Entrée,1.0,7000.0,Mons,Wallonia,Customer 4,1,60
822,To do,Corrective-Breakdown-7,Post-Repair Adjustments,Corrective,Breakdown,7,1,"20,0",Minutes,"0,0",Minutes,"Electrician, Mecanician, Inspector Senior",6.0,,,,,,In service,Asset Description 96,Good,Avenue de la Joyeuse Entrée,1.0,7000.0,Mons,Wallonia,Customer 4,1,20
823,To do,Corrective-Breakdown-5,Control System Reset,Corrective,Breakdown,5,1,"30,0",Minutes,"0,0",Minutes,"Electrician, Mecanician, Inspector Senior",4.0,,,,,,In service,Asset Description 96,Good,Avenue de la Joyeuse Entrée,1.0,7000.0,Mons,Wallonia,Customer 4,1,30
824,To do,Corrective-Breakdown-6,Detailed Testing and Validation,Corrective,Breakdown,6,1,"45,0",Minutes,"0,0",Minutes,"Electrician, Mecanician, Inspector Senior",5.0,,,,,,In service,Asset Description 96,Good,Avenue de la Joyeuse Entrée,1.0,7000.0,Mons,Wallonia,Customer 4,1,45
825,To do,Corrective-Breakdown-8,System Cleanup and Safety Checks,Corrective,Breakdown,8,1,"15,0",Minutes,"0,0",Minutes,"Electrician, Mecanician, Inspector Senior",7.0,,,,,,In service,Asset Description 96,Good,Avenue de la Joyeuse Entrée,1.0,7000.0,Mons,Wallonia,Customer 4,1,15
826,To do,Corrective-Breakdown-10,Restore Service,Corrective,Breakdown,10,1,"15,0",Minutes,"0,0",Minutes,"Electrician, Mecanician, Inspector Senior",21.0,,,,,,In service,Asset Description 96,Good,Avenue de la Joyeuse Entrée,1.0,7000.0,Mons,Wallonia,Customer 4,1,15
827,To do,Corrective-Breakdown-9,Documentation and Reporting,Corrective,Breakdown,9,1,"20,0",Minutes,"0,0",Minutes,"Electrician, Mecanician, Inspector Senior",20.0,,,,,,In service,Asset Description 96,Good,Avenue de la Joyeuse Entrée,1.0,7000.0,Mons,Wallonia,Customer 4,1,20
828,To do,Corrective-Breakdown-1,Secure the Area,Corrective,Breakdown,1,1,"15,0",Minutes,"0,0",Minutes,"Electrician, Mecanician, Inspector Senior",,,,,,,In service,Asset Description 97,Good,Kammenstraat,90.0,2000.0,Antwerpen,Flanders,Customer 5,1,15
829,To do,Corrective-Breakdown-2,Preliminary Inspection,Corrective,Breakdown,2,1,"20,0",Minutes,"0,0",Minutes,"Electrician, Mecanician, Inspector Senior",1.0,,,,,,In service,Asset Description 97,Good,Kammenstraat,90.0,2000.0,Antwerpen,Flanders,Customer 5,1,20
830,To do,Corrective-Breakdown-3,Diagnostics and Troubleshooting,Corrective,Breakdown,3,1,"1,0",Hours,"0,0",Minutes,"Electrician, Mecanician, Inspector Senior",2.0,,,,,,In service,Asset Description 97,Good,Kammenstraat,90.0,2000.0,Antwerpen,Flanders,Customer 5,1,60
831,To do,Corrective-Breakdown-4,Component Repair or Replacement,Corrective,Breakdown,4,1,"1,0",Hours,"0,0",Minutes,"Electrician, Mecanician, Inspector Senior",3.0,,,,,,In service,Asset Description 97,Good,Kammenstraat,90.0,2000.0,Antwerpen,Flanders,Customer 5,1,60
832,To do,Corrective-Breakdown-7,Post-Repair Adjustments,Corrective,Breakdown,7,1,"20,0",Minutes,"0,0",Minutes,"Electrician, Mecanician, Inspector Senior",6.0,,,,,,In service,Asset Description 97,Good,Kammenstraat,90.0,2000.0,Antwerpen,Flanders,Customer 5,1,20
833,To do,Corrective-Breakdown-5,Control System Reset,Corrective,Breakdown,5,1,"30,0",Minutes,"0,0",Minutes,"Electrician, Mecanician, Inspector Senior",4.0,,,,,,In service,Asset Description 97,Good,Kammenstraat,90.0,2000.0,Antwerpen,Flanders,Customer 5,1,30
834,To do,Corrective-Breakdown-6,Detailed Testing and Validation,Corrective,Breakdown,6,1,"45,0",Minutes,"0,0",Minutes,"Electrician, Mecanician, Inspector Senior",5.0,,,,,,In service,Asset Description 97,Good,Kammenstraat,90.0,2000.0,Antwerpen,Flanders,Customer 5,1,45
835,To do,Corrective-Breakdown-8,System Cleanup and Safety Checks,Corrective,Breakdown,8,1,"15,0",Minutes,"0,0",Minutes,"Electrician, Mecanician, Inspector Senior",7.0,,,,,,In service,Asset Description 97,Good,Kammenstraat,90.0,2000.0,Antwerpen,Flanders,Customer 5,1,15
836,To do,Corrective-Breakdown-10,Restore Service,Corrective,Breakdown,10,1,"15,0",Minutes,"0,0",Minutes,"Electrician, Mecanician, Inspector Senior",21.0,,,,,,In service,Asset Description 97,Good,Kammenstraat,90.0,2000.0,Antwerpen,Flanders,Customer 5,1,15
837,To do,Corrective-Breakdown-9,Documentation and Reporting,Corrective,Breakdown,9,1,"20,0",Minutes,"0,0",Minutes,"Electrician, Mecanician, Inspector Senior",20.0,,,,,,In service,Asset Description 97,Good,Kammenstraat,90.0,2000.0,Antwerpen,Flanders,Customer 5,1,20
858,To do,Corrective-Breakdown-1,Secure the Area,Corrective,Breakdown,1,1,"15,0",Minutes,"0,0",Minutes,"Electrician, Mecanician, Inspector Senior",,,,,,,In service,Asset Description 98,Good,Ezelstraat,95.0,8000.0,Bruges,Flanders,Customer 44,1,15
859,To do,Corrective-Breakdown-2,Preliminary Inspection,Corrective,Breakdown,2,1,"20,0",Minutes,"0,0",Minutes,"Electrician, Mecanician, Inspector Senior",1.0,,,,,,In service,Asset Description 98,Good,Ezelstraat,95.0,8000.0,Bruges,Flanders,Customer 44,1,20
860,To do,Corrective-Breakdown-3,Diagnostics and Troubleshooting,Corrective,Breakdown,3,1,"1,0",Hours,"0,0",Minutes,"Electrician, Mecanician, Inspector Senior",2.0,,,,,,In service,Asset Description 98,Good,Ezelstraat,95.0,8000.0,Bruges,Flanders,Customer 44,1,60
861,To do,Corrective-Breakdown-4,Component Repair or Replacement,Corrective,Breakdown,4,1,"1,0",Hours,"0,0",Minutes,"Electrician, Mecanician, Inspector Senior",3.0,,,,,,In service,Asset Description 98,Good,Ezelstraat,95.0,8000.0,Bruges,Flanders,Customer 44,1,60
862,To do,Corrective-Breakdown-7,Post-Repair Adjustments,Corrective,Breakdown,7,1,"20,0",Minutes,"0,0",Minutes,"Electrician, Mecanician, Inspector Senior",6.0,,,,,,In service,Asset Description 98,Good,Ezelstraat,95.0,8000.0,Bruges,Flanders,Customer 44,1,20
863,To do,Corrective-Breakdown-5,Control System Reset,Corrective,Breakdown,5,1,"30,0",Minutes,"0,0",Minutes,"Electrician, Mecanician, Inspector Senior",4.0,,,,,,In service,Asset Description 98,Good,Ezelstraat,95.0,8000.0,Bruges,Flanders,Customer 44,1,30
864,To do,Corrective-Breakdown-6,Detailed Testing and Validation,Corrective,Breakdown,6,1,"45,0",Minutes,"0,0",Minutes,"Electrician, Mecanician, Inspector Senior",5.0,,,,,,In service,Asset Description 98,Good,Ezelstraat,95.0,8000.0,Bruges,Flanders,Customer 44,1,45
865,To do,Corrective-Breakdown-8,System Cleanup and Safety Checks,Corrective,Breakdown,8,1,"15,0",Minutes,"0,0",Minutes,"Electrician, Mecanician, Inspector Senior",7.0,,,,,,In service,Asset Description 98,Good,Ezelstraat,95.0,8000.0,Bruges,Flanders,Customer 44,1,15
866,To do,Corrective-Breakdown-10,Restore Service,Corrective,Breakdown,10,1,"15,0",Minutes,"0,0",Minutes,"Electrician, Mecanician, Inspector Senior",21.0,,,,,,In service,Asset Description 98,Good,Ezelstraat,95.0,8000.0,Bruges,Flanders,Customer 44,1,15
867,To do,Corrective-Breakdown-9,Documentation and Reporting,Corrective,Breakdown,9,1,"20,0",Minutes,"0,0",Minutes,"Electrician, Mecanician, Inspector Senior",20.0,,,,,,In service,Asset Description 98,Good,Ezelstraat,95.0,8000.0,Bruges,Flanders,Customer 44,1,20
848,To do,Corrective-Breakdown-1,Secure the Area,Corrective,Breakdown,1,1,"15,0",Minutes,"0,0",Minutes,"Electrician, Mecanician, Inspector Senior",,,,,,,In service,Asset Description 99,Good,Muntstraat,100.0,3000.0,Leuven,Flanders,Customer 45,1,15
849,To do,Corrective-Breakdown-2,Preliminary Inspection,Corrective,Breakdown,2,1,"20,0",Minutes,"0,0",Minutes,"Electrician, Mecanician, Inspector Senior",1.0,,,,,,In service,Asset Description 99,Good,Muntstraat,100.0,3000.0,Leuven,Flanders,Customer 45,1,20
850,To do,Corrective-Breakdown-3,Diagnostics and Troubleshooting,Corrective,Breakdown,3,1,"1,0",Hours,"0,0",Minutes,"Electrician, Mecanician, Inspector Senior",2.0,,,,,,In service,Asset Description 99,Good,Muntstraat,100.0,3000.0,Leuven,Flanders,Customer 45,1,60
851,To do,Corrective-Breakdown-4,Component Repair or Replacement,Corrective,Breakdown,4,1,"1,0",Hours,"0,0",Minutes,"Electrician, Mecanician, Inspector Senior",3.0,,,,,,In service,Asset Description 99,Good,Muntstraat,100.0,3000.0,Leuven,Flanders,Customer 45,1,60
852,To do,Corrective-Breakdown-7,Post-Repair Adjustments,Corrective,Breakdown,7,1,"20,0",Minutes,"0,0",Minutes,"Electrician, Mecanician, Inspector Senior",6.0,,,,,,In service,Asset Description 99,Good,Muntstraat,100.0,3000.0,Leuven,Flanders,Customer 45,1,20
853,To do,Corrective-Breakdown-5,Control System Reset,Corrective,Breakdown,5,1,"30,0",Minutes,"0,0",Minutes,"Electrician, Mecanician, Inspector Senior",4.0,,,,,,In service,Asset Description 99,Good,Muntstraat,100.0,3000.0,Leuven,Flanders,Customer 45,1,30
854,To do,Corrective-Breakdown-6,Detailed Testing and Validation,Corrective,Breakdown,6,1,"45,0",Minutes,"0,0",Minutes,"Electrician, Mecanician, Inspector Senior",5.0,,,,,,In service,Asset Description 99,Good,Muntstraat,100.0,3000.0,Leuven,Flanders,Customer 45,1,45
855,To do,Corrective-Breakdown-8,System Cleanup and Safety Checks,Corrective,Breakdown,8,1,"15,0",Minutes,"0,0",Minutes,"Electrician, Mecanician, Inspector Senior",7.0,,,,,,In service,Asset Description 99,Good,Muntstraat,100.0,3000.0,Leuven,Flanders,Customer 45,1,15
856,To do,Corrective-Breakdown-10,Restore Service,Corrective,Breakdown,10,1,"15,0",Minutes,"0,0",Minutes,"Electrician, Mecanician, Inspector Senior",21.0,,,,,,In service,Asset Description 99,Good,Muntstraat,100.0,3000.0,Leuven,Flanders,Customer 45,1,15
857,To do,Corrective-Breakdown-9,Documentation and Reporting,Corrective,Breakdown,9,1,"20,0",Minutes,"0,0",Minutes,"Electrician, Mecanician, Inspector Senior",20.0,,,,,,In service,Asset Description 99,Good,Muntstraat,100.0,3000.0,Leuven,Flanders,Customer 45,1,20
868,To do,Corrective-Breakdown-1,Secure the Area,Corrective,Breakdown,1,1,"15,0",Minutes,"0,0",Minutes,"Electrician, Mecanician, Inspector Senior",,,,,,,In service,Asset Description 100,Bad,Onze-Lieve-Vrouwestraat,105.0,2800.0,Mechelen,Flanders,Customer 46,1,15
869,To do,Corrective-Breakdown-2,Preliminary Inspection,Corrective,Breakdown,2,1,"20,0",Minutes,"0,0",Minutes,"Electrician, Mecanician, Inspector Senior",1.0,,,,,,In service,Asset Description 100,Bad,Onze-Lieve-Vrouwestraat,105.0,2800.0,Mechelen,Flanders,Customer 46,1,20
870,To do,Corrective-Breakdown-3,Diagnostics and Troubleshooting,Corrective,Breakdown,3,1,"1,0",Hours,"0,0",Minutes,"Electrician, Mecanician, Inspector Senior",2.0,,,,,,In service,Asset Description 100,Bad,Onze-Lieve-Vrouwestraat,105.0,2800.0,Mechelen,Flanders,Customer 46,1,60
871,To do,Corrective-Breakdown-4,Component Repair or Replacement,Corrective,Breakdown,4,1,"1,0",Hours,"0,0",Minutes,"Electrician, Mecanician, Inspector Senior",3.0,,,,,,In service,Asset Description 100,Bad,Onze-Lieve-Vrouwestraat,105.0,2800.0,Mechelen,Flanders,Customer 46,1,60
872,To do,Corrective-Breakdown-7,Post-Repair Adjustments,Corrective,Breakdown,7,1,"20,0",Minutes,"0,0",Minutes,"Electrician, Mecanician, Inspector Senior",6.0,,,,,,In service,Asset Description 100,Bad,Onze-Lieve-Vrouwestraat,105.0,2800.0,Mechelen,Flanders,Customer 46,1,20
873,To do,Corrective-Breakdown-5,Control System Reset,Corrective,Breakdown,5,1,"30,0",Minutes,"0,0",Minutes,"Electrician, Mecanician, Inspector Senior",4.0,,,,,,In service,Asset Description 100,Bad,Onze-Lieve-Vrouwestraat,105.0,2800.0,Mechelen,Flanders,Customer 46,1,30
874,To do,Corrective-Breakdown-6,Detailed Testing and Validation,Corrective,Breakdown,6,1,"45,0",Minutes,"0,0",Minutes,"Electrician, Mecanician, Inspector Senior",5.0,,,,,,In service,Asset Description 100,Bad,Onze-Lieve-Vrouwestraat,105.0,2800.0,Mechelen,Flanders,Customer 46,1,45
875,To do,Corrective-Breakdown-8,System Cleanup and Safety Checks,Corrective,Breakdown,8,1,"15,0",Minutes,"0,0",Minutes,"Electrician, Mecanician, Inspector Senior",7.0,,,,,,In service,Asset Description 100,Bad,Onze-Lieve-Vrouwestraat,105.0,2800.0,Mechelen,Flanders,Customer 46,1,15
876,To do,Corrective-Breakdown-10,Restore Service,Corrective,Breakdown,10,1,"15,0",Minutes,"0,0",Minutes,"Electrician, Mecanician, Inspector Senior",21.0,,,,,,In service,Asset Description 100,Bad,Onze-Lieve-Vrouwestraat,105.0,2800.0,Mechelen,Flanders,Customer 46,1,15
877,To do,Corrective-Breakdown-9,Documentation and Reporting,Corrective,Breakdown,9,1,"20,0",Minutes,"0,0",Minutes,"Electrician, Mecanician, Inspector Senior",20.0,,,,,,In service,Asset Description 100,Bad,Onze-Lieve-Vrouwestraat,105.0,2800.0,Mechelen,Flanders,Customer 46,1,20
880,To do,Corrective-Breakdown-1,Secure the Area,Corrective,Breakdown,1,1,"15,0",Minutes,"0,0",Minutes,"Electrician, Mecanician, Inspector Senior",,,,,,,In service,Asset Description 101,Adequate,Mageleinstraat,110.0,9000.0,Ghent,Flanders,Customer 47,1,15
881,To do,Corrective-Breakdown-2,Preliminary Inspection,Corrective,Breakdown,2,1,"20,0",Minutes,"0,0",Minutes,"Electrician, Mecanician, Inspector Senior",1.0,,,,,,In service,Asset Description 101,Adequate,Mageleinstraat,110.0,9000.0,Ghent,Flanders,Customer 47,1,20
882,To do,Corrective-Breakdown-3,Diagnostics and Troubleshooting,Corrective,Breakdown,3,1,"1,0",Hours,"0,0",Minutes,"Electrician, Mecanician, Inspector Senior",2.0,,,,,,In service,Asset Description 101,Adequate,Mageleinstraat,110.0,9000.0,Ghent,Flanders,Customer 47,1,60
883,To do,Corrective-Breakdown-4,Component Repair or Replacement,Corrective,Breakdown,4,1,"1,0",Hours,"0,0",Minutes,"Electrician, Mecanician, Inspector Senior",3.0,,,,,,In service,Asset Description 101,Adequate,Mageleinstraat,110.0,9000.0,Ghent,Flanders,Customer 47,1,60
884,To do,Corrective-Breakdown-7,Post-Repair Adjustments,Corrective,Breakdown,7,1,"20,0",Minutes,"0,0",Minutes,"Electrician, Mecanician, Inspector Senior",6.0,,,,,,In service,Asset Description 101,Adequate,Mageleinstraat,110.0,9000.0,Ghent,Flanders,Customer 47,1,20
885,To do,Corrective-Breakdown-5,Control System Reset,Corrective,Breakdown,5,1,"30,0",Minutes,"0,0",Minutes,"Electrician, Mecanician, Inspector Senior",4.0,,,,,,In service,Asset Description 101,Adequate,Mageleinstraat,110.0,9000.0,Ghent,Flanders,Customer 47,1,30
886,To do,Corrective-Breakdown-6,Detailed Testing and Validation,Corrective,Breakdown,6,1,"45,0",Minutes,"0,0",Minutes,"Electrician, Mecanician, Inspector Senior",5.0,,,,,,In service,Asset Description 101,Adequate,Mageleinstraat,110.0,9000.0,Ghent,Flanders,Customer 47,1,45
887,To do,Corrective-Breakdown-8,System Cleanup and Safety Checks,Corrective,Breakdown,8,1,"15,0",Minutes,"0,0",Minutes,"Electrician, Mecanician, Inspector Senior",7.0,,,,,,In service,Asset Description 101,Adequate,Mageleinstraat,110.0,9000.0,Ghent,Flanders,Customer 47,1,15
888,To do,Corrective-Breakdown-10,Restore Service,Corrective,Breakdown,10,1,"15,0",Minutes,"0,0",Minutes,"Electrician, Mecanician, Inspector Senior",21.0,,,,,,In service,Asset Description 101,Adequate,Mageleinstraat,110.0,9000.0,Ghent,Flanders,Customer 47,1,15
889,To do,Corrective-Breakdown-9,Documentation and Reporting,Corrective,Breakdown,9,1,"20,0",Minutes,"0,0",Minutes,"Electrician, Mecanician, Inspector Senior",20.0,,,,,,In service,Asset Description 101,Adequate,Mageleinstraat,110.0,9000.0,Ghent,Flanders,Customer 47,1,20
890,To do,Corrective-Breakdown-1,Secure the Area,Corrective,Breakdown,1,1,"15,0",Minutes,"0,0",Minutes,"Electrician, Mecanician, Inspector Senior",,,,,,,In service,Asset Description 102,Bad,Korte Gasthuisstraat,115.0,2000.0,Antwerpen,Flanders,Customer 48,1,15
891,To do,Corrective-Breakdown-2,Preliminary Inspection,Corrective,Breakdown,2,1,"20,0",Minutes,"0,0",Minutes,"Electrician, Mecanician, Inspector Senior",1.0,,,,,,In service,Asset Description 102,Bad,Korte Gasthuisstraat,115.0,2000.0,Antwerpen,Flanders,Customer 48,1,20
892,To do,Corrective-Breakdown-3,Diagnostics and Troubleshooting,Corrective,Breakdown,3,1,"1,0",Hours,"0,0",Minutes,"Electrician, Mecanician, Inspector Senior",2.0,,,,,,In service,Asset Description 102,Bad,Korte Gasthuisstraat,115.0,2000.0,Antwerpen,Flanders,Customer 48,1,60
893,To do,Corrective-Breakdown-4,Component Repair or Replacement,Corrective,Breakdown,4,1,"1,0",Hours,"0,0",Minutes,"Electrician, Mecanician, Inspector Senior",3.0,,,,,,In service,Asset Description 102,Bad,Korte Gasthuisstraat,115.0,2000.0,Antwerpen,Flanders,Customer 48,1,60
894,To do,Corrective-Breakdown-7,Post-Repair Adjustments,Corrective,Breakdown,7,1,"20,0",Minutes,"0,0",Minutes,"Electrician, Mecanician, Inspector Senior",6.0,,,,,,In service,Asset Description 102,Bad,Korte Gasthuisstraat,115.0,2000.0,Antwerpen,Flanders,Customer 48,1,20
895,To do,Corrective-Breakdown-5,Control System Reset,Corrective,Breakdown,5,1,"30,0",Minutes,"0,0",Minutes,"Electrician, Mecanician, Inspector Senior",4.0,,,,,,In service,Asset Description 102,Bad,Korte Gasthuisstraat,115.0,2000.0,Antwerpen,Flanders,Customer 48,1,30
896,To do,Corrective-Breakdown-6,Detailed Testing and Validation,Corrective,Breakdown,6,1,"45,0",Minutes,"0,0",Minutes,"Electrician, Mecanician, Inspector Senior",5.0,,,,,,In service,Asset Description 102,Bad,Korte Gasthuisstraat,115.0,2000.0,Antwerpen,Flanders,Customer 48,1,45
897,To do,Corrective-Breakdown-8,System Cleanup and Safety Checks,Corrective,Breakdown,8,1,"15,0",Minutes,"0,0",Minutes,"Electrician, Mecanician, Inspector Senior",7.0,,,,,,In service,Asset Description 102,Bad,Korte Gasthuisstraat,115.0,2000.0,Antwerpen,Flanders,Customer 48,1,15
898,To do,Corrective-Breakdown-10,Restore Service,Corrective,Breakdown,10,1,"15,0",Minutes,"0,0",Minutes,"Electrician, Mecanician, Inspector Senior",21.0,,,,,,In service,Asset Description 102,Bad,Korte Gasthuisstraat,115.0,2000.0,Antwerpen,Flanders,Customer 48,1,15
899,To do,Corrective-Breakdown-9,Documentation and Reporting,Corrective,Breakdown,9,1,"20,0",Minutes,"0,0",Minutes,"Electrician, Mecanician, Inspector Senior",20.0,,,,,,In service,Asset Description 102,Bad,Korte Gasthuisstraat,115.0,2000.0,Antwerpen,Flanders,Customer 48,1,20
900,To do,Corrective-Breakdown-1,Secure the Area,Corrective,Breakdown,1,1,"15,0",Minutes,"0,0",Minutes,"Electrician, Mecanician, Inspector Senior",,,,,,,In service,Asset Description 103,Adequate,Sint-Amandsstraat,120.0,8000.0,Bruges,Flanders,Customer 49,1,15
901,To do,Corrective-Breakdown-2,Preliminary Inspection,Corrective,Breakdown,2,1,"20,0",Minutes,"0,0",Minutes,"Electrician, Mecanician, Inspector Senior",1.0,,,,,,In service,Asset Description 103,Adequate,Sint-Amandsstraat,120.0,8000.0,Bruges,Flanders,Customer 49,1,20
902,To do,Corrective-Breakdown-3,Diagnostics and Troubleshooting,Corrective,Breakdown,3,1,"1,0",Hours,"0,0",Minutes,"Electrician, Mecanician, Inspector Senior",2.0,,,,,,In service,Asset Description 103,Adequate,Sint-Amandsstraat,120.0,8000.0,Bruges,Flanders,Customer 49,1,60
903,To do,Corrective-Breakdown-4,Component Repair or Replacement,Corrective,Breakdown,4,1,"1,0",Hours,"0,0",Minutes,"Electrician, Mecanician, Inspector Senior",3.0,,,,,,In service,Asset Description 103,Adequate,Sint-Amandsstraat,120.0,8000.0,Bruges,Flanders,Customer 49,1,60
904,To do,Corrective-Breakdown-7,Post-Repair Adjustments,Corrective,Breakdown,7,1,"20,0",Minutes,"0,0",Minutes,"Electrician, Mecanician, Inspector Senior",6.0,,,,,,In service,Asset Description 103,Adequate,Sint-Amandsstraat,120.0,8000.0,Bruges,Flanders,Customer 49,1,20
905,To do,Corrective-Breakdown-5,Control System Reset,Corrective,Breakdown,5,1,"30,0",Minutes,"0,0",Minutes,"Electrician, Mecanician, Inspector Senior",4.0,,,,,,In service,Asset Description 103,Adequate,Sint-Amandsstraat,120.0,8000.0,Bruges,Flanders,Customer 49,1,30
906,To do,Corrective-Breakdown-6,Detailed Testing and Validation,Corrective,Breakdown,6,1,"45,0",Minutes,"0,0",Minutes,"Electrician, Mecanician, Inspector Senior",5.0,,,,,,In service,Asset Description 103,Adequate,Sint-Amandsstraat,120.0,8000.0,Bruges,Flanders,Customer 49,1,45
907,To do,Corrective-Breakdown-8,System Cleanup and Safety Checks,Corrective,Breakdown,8,1,"15,0",Minutes,"0,0",Minutes,"Electrician, Mecanician, Inspector Senior",7.0,,,,,,In service,Asset Description 103,Adequate,Sint-Amandsstraat,120.0,8000.0,Bruges,Flanders,Customer 49,1,15
908,To do,Corrective-Breakdown-10,Restore Service,Corrective,Breakdown,10,1,"15,0",Minutes,"0,0",Minutes,"Electrician, Mecanician, Inspector Senior",21.0,,,,,,In service,Asset Description 103,Adequate,Sint-Amandsstraat,120.0,8000.0,Bruges,Flanders,Customer 49,1,15
909,To do,Corrective-Breakdown-9,Documentation and Reporting,Corrective,Breakdown,9,1,"20,0",Minutes,"0,0",Minutes,"Electrician, Mecanician, Inspector Senior",20.0,,,,,,In service,Asset Description 103,Adequate,Sint-Amandsstraat,120.0,8000.0,Bruges,Flanders,Customer 49,1,20
910,To do,Corrective-Breakdown-1,Secure the Area,Corrective,Breakdown,1,1,"15,0",Minutes,"0,0",Minutes,"Electrician, Mecanician, Inspector Senior",,,,,,,In service,Asset Description 104,Bad,Tiensestraat,125.0,3000.0,Leuven,Flanders,Customer 50,1,15
911,To do,Corrective-Breakdown-2,Preliminary Inspection,Corrective,Breakdown,2,1,"20,0",Minutes,"0,0",Minutes,"Electrician, Mecanician, Inspector Senior",1.0,,,,,,In service,Asset Description 104,Bad,Tiensestraat,125.0,3000.0,Leuven,Flanders,Customer 50,1,20
912,To do,Corrective-Breakdown-3,Diagnostics and Troubleshooting,Corrective,Breakdown,3,1,"1,0",Hours,"0,0",Minutes,"Electrician, Mecanician, Inspector Senior",2.0,,,,,,In service,Asset Description 104,Bad,Tiensestraat,125.0,3000.0,Leuven,Flanders,Customer 50,1,60
913,To do,Corrective-Breakdown-4,Component Repair or Replacement,Corrective,Breakdown,4,1,"1,0",Hours,"0,0",Minutes,"Electrician, Mecanician, Inspector Senior",3.0,,,,,,In service,Asset Description 104,Bad,Tiensestraat,125.0,3000.0,Leuven,Flanders,Customer 50,1,60
914,To do,Corrective-Breakdown-7,Post-Repair Adjustments,Corrective,Breakdown,7,1,"20,0",Minutes,"0,0",Minutes,"Electrician, Mecanician, Inspector Senior",6.0,,,,,,In service,Asset Description 104,Bad,Tiensestraat,125.0,3000.0,Leuven,Flanders,Customer 50,1,20
915,To do,Corrective-Breakdown-5,Control System Reset,Corrective,Breakdown,5,1,"30,0",Minutes,"0,0",Minutes,"Electrician, Mecanician, Inspector Senior",4.0,,,,,,In service,Asset Description 104,Bad,Tiensestraat,125.0,3000.0,Leuven,Flanders,Customer 50,1,30
916,To do,Corrective-Breakdown-6,Detailed Testing and Validation,Corrective,Breakdown,6,1,"45,0",Minutes,"0,0",Minutes,"Electrician, Mecanician, Inspector Senior",5.0,,,,,,In service,Asset Description 104,Bad,Tiensestraat,125.0,3000.0,Leuven,Flanders,Customer 50,1,45
917,To do,Corrective-Breakdown-8,System Cleanup and Safety Checks,Corrective,Breakdown,8,1,"15,0",Minutes,"0,0",Minutes,"Electrician, Mecanician, Inspector Senior",7.0,,,,,,In service,Asset Description 104,Bad,Tiensestraat,125.0,3000.0,Leuven,Flanders,Customer 50,1,15
918,To do,Corrective-Breakdown-10,Restore Service,Corrective,Breakdown,10,1,"15,0",Minutes,"0,0",Minutes,"Electrician, Mecanician, Inspector Senior",21.0,,,,,,In service,Asset Description 104,Bad,Tiensestraat,125.0,3000.0,Leuven,Flanders,Customer 50,1,15
919,To do,Corrective-Breakdown-9,Documentation and Reporting,Corrective,Breakdown,9,1,"20,0",Minutes,"0,0",Minutes,"Electrician, Mecanician, Inspector Senior",20.0,,,,,,In service,Asset Description 104,Bad,Tiensestraat,125.0,3000.0,Leuven,Flanders,Customer 50,1,20
920,To do,Corrective-Breakdown-1,Secure the Area,Corrective,Breakdown,1,1,"15,0",Minutes,"0,0",Minutes,"Electrician, Mecanician, Inspector Senior",,,,,,,,,,,,,,,,1,15
921,To do,Corrective-Breakdown-2,Preliminary Inspection,Corrective,Breakdown,2,1,"20,0",Minutes,"0,0",Minutes,"Electrician, Mecanician, Inspector Senior",1.0,,,,,,,,,,,,,,,1,20
922,To do,Corrective-Breakdown-3,Diagnostics and Troubleshooting,Corrective,Breakdown,3,1,"1,0",Hours,"0,0",Minutes,"Electrician, Mecanician, Inspector Senior",2.0,,,,,,,,,,,,,,,1,60
923,To do,Corrective-Breakdown-4,Component Repair or Replacement,Corrective,Breakdown,4,1,"1,0",Hours,"0,0",Minutes,"Electrician, Mecanician, Inspector Senior",3.0,,,,,,,,,,,,,,,1,60
924,To do,Corrective-Breakdown-7,Post-Repair Adjustments,Corrective,Breakdown,7,1,"20,0",Minutes,"0,0",Minutes,"Electrician, Mecanician, Inspector Senior",6.0,,,,,,,,,,,,,,,1,20
925,To do,Corrective-Breakdown-5,Control System Reset,Corrective,Breakdown,5,1,"30,0",Minutes,"0,0",Minutes,"Electrician, Mecanician, Inspector Senior",4.0,,,,,,,,,,,,,,,1,30
926,To do,Corrective-Breakdown-6,Detailed Testing and Validation,Corrective,Breakdown,6,1,"45,0",Minutes,"0,0",Minutes,"Electrician, Mecanician, Inspector Senior",5.0,,,,,,,,,,,,,,,1,45
927,To do,Corrective-Breakdown-8,System Cleanup and Safety Checks,Corrective,Breakdown,8,1,"15,0",Minutes,"0,0",Minutes,"Electrician, Mecanician, Inspector Senior",7.0,,,,,,,,,,,,,,,1,15
928,To do,Corrective-Breakdown-10,Restore Service,Corrective,Breakdown,10,1,"15,0",Minutes,"0,0",Minutes,"Electrician, Mecanician, Inspector Senior",21.0,,,,,,,,,,,,,,,1,15
929,To do,Corrective-Breakdown-9,Documentation and Reporting,Corrective,Breakdown,9,1,"20,0",Minutes,"0,0",Minutes,"Electrician, Mecanician, Inspector Senior",20.0,,,,,,,,,,,,,,,1,20
930,To do,Corrective-Breakdown-1,Secure the Area,Corrective,Breakdown,1,1,"15,0",Minutes,"0,0",Minutes,"Electrician, Mecanician, Inspector Senior",,,,,,,In service,Asset Description 106,Good,Avenue de la Joyeuse Entrée,1.0,1040.0,Brussels,Brussels,Customer 17,1,15
931,To do,Corrective-Breakdown-2,Preliminary Inspection,Corrective,Breakdown,2,1,"20,0",Minutes,"0,0",Minutes,"Electrician, Mecanician, Inspector Senior",1.0,,,,,,In service,Asset Description 106,Good,Avenue de la Joyeuse Entrée,1.0,1040.0,Brussels,Brussels,Customer 17,1,20
932,To do,Corrective-Breakdown-3,Diagnostics and Troubleshooting,Corrective,Breakdown,3,1,"1,0",Hours,"0,0",Minutes,"Electrician, Mecanician, Inspector Senior",2.0,,,,,,In service,Asset Description 106,Good,Avenue de la Joyeuse Entrée,1.0,1040.0,Brussels,Brussels,Customer 17,1,60
933,To do,Corrective-Breakdown-4,Component Repair or Replacement,Corrective,Breakdown,4,1,"1,0",Hours,"0,0",Minutes,"Electrician, Mecanician, Inspector Senior",3.0,,,,,,In service,Asset Description 106,Good,Avenue de la Joyeuse Entrée,1.0,1040.0,Brussels,Brussels,Customer 17,1,60
934,To do,Corrective-Breakdown-7,Post-Repair Adjustments,Corrective,Breakdown,7,1,"20,0",Minutes,"0,0",Minutes,"Electrician, Mecanician, Inspector Senior",6.0,,,,,,In service,Asset Description 106,Good,Avenue de la Joyeuse Entrée,1.0,1040.0,Brussels,Brussels,Customer 17,1,20
935,To do,Corrective-Breakdown-5,Control System Reset,Corrective,Breakdown,5,1,"30,0",Minutes,"0,0",Minutes,"Electrician, Mecanician, Inspector Senior",4.0,,,,,,In service,Asset Description 106,Good,Avenue de la Joyeuse Entrée,1.0,1040.0,Brussels,Brussels,Customer 17,1,30
936,To do,Corrective-Breakdown-6,Detailed Testing and Validation,Corrective,Breakdown,6,1,"45,0",Minutes,"0,0",Minutes,"Electrician, Mecanician, Inspector Senior",5.0,,,,,,In service,Asset Description 106,Good,Avenue de la Joyeuse Entrée,1.0,1040.0,Brussels,Brussels,Customer 17,1,45
937,To do,Corrective-Breakdown-8,System Cleanup and Safety Checks,Corrective,Breakdown,8,1,"15,0",Minutes,"0,0",Minutes,"Electrician, Mecanician, Inspector Senior",7.0,,,,,,In service,Asset Description 106,Good,Avenue de la Joyeuse Entrée,1.0,1040.0,Brussels,Brussels,Customer 17,1,15
938,To do,Corrective-Breakdown-10,Restore Service,Corrective,Breakdown,10,1,"15,0",Minutes,"0,0",Minutes,"Electrician, Mecanician, Inspector Senior",21.0,,,,,,In service,Asset Description 106,Good,Avenue de la Joyeuse Entrée,1.0,1040.0,Brussels,Brussels,Customer 17,1,15
939,To do,Corrective-Breakdown-9,Documentation and Reporting,Corrective,Breakdown,9,1,"20,0",Minutes,"0,0",Minutes,"Electrician, Mecanician, Inspector Senior",20.0,,,,,,In service,Asset Description 106,Good,Avenue de la Joyeuse Entrée,1.0,1040.0,Brussels,Brussels,Customer 17,1,20
940,To do,Corrective-Breakdown-1,Secure the Area,Corrective,Breakdown,1,1,"15,0",Minutes,"0,0",Minutes,"Electrician, Mecanician, Inspector Senior",,,,,,,In service,Asset Description 107,Good,Rue de la Loi,200.0,1000.0,Brussels,Brussels,Customer 29,1,15
941,To do,Corrective-Breakdown-2,Preliminary Inspection,Corrective,Breakdown,2,1,"20,0",Minutes,"0,0",Minutes,"Electrician, Mecanician, Inspector Senior",1.0,,,,,,In service,Asset Description 107,Good,Rue de la Loi,200.0,1000.0,Brussels,Brussels,Customer 29,1,20
942,To do,Corrective-Breakdown-3,Diagnostics and Troubleshooting,Corrective,Breakdown,3,1,"1,0",Hours,"0,0",Minutes,"Electrician, Mecanician, Inspector Senior",2.0,,,,,,In service,Asset Description 107,Good,Rue de la Loi,200.0,1000.0,Brussels,Brussels,Customer 29,1,60
943,To do,Corrective-Breakdown-4,Component Repair or Replacement,Corrective,Breakdown,4,1,"1,0",Hours,"0,0",Minutes,"Electrician, Mecanician, Inspector Senior",3.0,,,,,,In service,Asset Description 107,Good,Rue de la Loi,200.0,1000.0,Brussels,Brussels,Customer 29,1,60
944,To do,Corrective-Breakdown-7,Post-Repair Adjustments,Corrective,Breakdown,7,1,"20,0",Minutes,"0,0",Minutes,"Electrician, Mecanician, Inspector Senior",6.0,,,,,,In service,Asset Description 107,Good,Rue de la Loi,200.0,1000.0,Brussels,Brussels,Customer 29,1,20
945,To do,Corrective-Breakdown-5,Control System Reset,Corrective,Breakdown,5,1,"30,0",Minutes,"0,0",Minutes,"Electrician, Mecanician, Inspector Senior",4.0,,,,,,In service,Asset Description 107,Good,Rue de la Loi,200.0,1000.0,Brussels,Brussels,Customer 29,1,30
946,To do,Corrective-Breakdown-6,Detailed Testing and Validation,Corrective,Breakdown,6,1,"45,0",Minutes,"0,0",Minutes,"Electrician, Mecanician, Inspector Senior",5.0,,,,,,In service,Asset Description 107,Good,Rue de la Loi,200.0,1000.0,Brussels,Brussels,Customer 29,1,45
947,To do,Corrective-Breakdown-8,System Cleanup and Safety Checks,Corrective,Breakdown,8,1,"15,0",Minutes,"0,0",Minutes,"Electrician, Mecanician, Inspector Senior",7.0,,,,,,In service,Asset Description 107,Good,Rue de la Loi,200.0,1000.0,Brussels,Brussels,Customer 29,1,15
948,To do,Corrective-Breakdown-10,Restore Service,Corrective,Breakdown,10,1,"15,0",Minutes,"0,0",Minutes,"Electrician, Mecanician, Inspector Senior",21.0,,,,,,In service,Asset Description 107,Good,Rue de la Loi,200.0,1000.0,Brussels,Brussels,Customer 29,1,15
949,To do,Corrective-Breakdown-9,Documentation and Reporting,Corrective,Breakdown,9,1,"20,0",Minutes,"0,0",Minutes,"Electrician, Mecanician, Inspector Senior",20.0,,,,,,In service,Asset Description 107,Good,Rue de la Loi,200.0,1000.0,Brussels,Brussels,Customer 29,1,20
950,To do,Corrective-Breakdown-1,Secure the Area,Corrective,Breakdown,1,1,"15,0",Minutes,"0,0",Minutes,"Electrician, Mecanician, Inspector Senior",,,,,,,In service,Asset Description 108,Good,Avenue de la Renaissance,30.0,1000.0,Brussels,Brussels,Customer 55,1,15
951,To do,Corrective-Breakdown-2,Preliminary Inspection,Corrective,Breakdown,2,1,"20,0",Minutes,"0,0",Minutes,"Electrician, Mecanician, Inspector Senior",1.0,,,,,,In service,Asset Description 108,Good,Avenue de la Renaissance,30.0,1000.0,Brussels,Brussels,Customer 55,1,20
952,To do,Corrective-Breakdown-3,Diagnostics and Troubleshooting,Corrective,Breakdown,3,1,"1,0",Hours,"0,0",Minutes,"Electrician, Mecanician, Inspector Senior",2.0,,,,,,In service,Asset Description 108,Good,Avenue de la Renaissance,30.0,1000.0,Brussels,Brussels,Customer 55,1,60
953,To do,Corrective-Breakdown-4,Component Repair or Replacement,Corrective,Breakdown,4,1,"1,0",Hours,"0,0",Minutes,"Electrician, Mecanician, Inspector Senior",3.0,,,,,,In service,Asset Description 108,Good,Avenue de la Renaissance,30.0,1000.0,Brussels,Brussels,Customer 55,1,60
954,To do,Corrective-Breakdown-7,Post-Repair Adjustments,Corrective,Breakdown,7,1,"20,0",Minutes,"0,0",Minutes,"Electrician, Mecanician, Inspector Senior",6.0,,,,,,In service,Asset Description 108,Good,Avenue de la Renaissance,30.0,1000.0,Brussels,Brussels,Customer 55,1,20
955,To do,Corrective-Breakdown-5,Control System Reset,Corrective,Breakdown,5,1,"30,0",Minutes,"0,0",Minutes,"Electrician, Mecanician, Inspector Senior",4.0,,,,,,In service,Asset Description 108,Good,Avenue de la Renaissance,30.0,1000.0,Brussels,Brussels,Customer 55,1,30
956,To do,Corrective-Breakdown-6,Detailed Testing and Validation,Corrective,Breakdown,6,1,"45,0",Minutes,"0,0",Minutes,"Electrician, Mecanician, Inspector Senior",5.0,,,,,,In service,Asset Description 108,Good,Avenue de la Renaissance,30.0,1000.0,Brussels,Brussels,Customer 55,1,45
957,To do,Corrective-Breakdown-8,System Cleanup and Safety Checks,Corrective,Breakdown,8,1,"15,0",Minutes,"0,0",Minutes,"Electrician, Mecanician, Inspector Senior",7.0,,,,,,In service,Asset Description 108,Good,Avenue de la Renaissance,30.0,1000.0,Brussels,Brussels,Customer 55,1,15
958,To do,Corrective-Breakdown-10,Restore Service,Corrective,Breakdown,10,1,"15,0",Minutes,"0,0",Minutes,"Electrician, Mecanician, Inspector Senior",21.0,,,,,,In service,Asset Description 108,Good,Avenue de la Renaissance,30.0,1000.0,Brussels,Brussels,Customer 55,1,15
959,To do,Corrective-Breakdown-9,Documentation and Reporting,Corrective,Breakdown,9,1,"20,0",Minutes,"0,0",Minutes,"Electrician, Mecanician, Inspector Senior",20.0,,,,,,In service,Asset Description 108,Good,Avenue de la Renaissance,30.0,1000.0,Brussels,Brussels,Customer 55,1,20
961,To do,Corrective-Breakdown-1,Secure the Area,Corrective,Breakdown,1,1,"15,0",Minutes,"0,0",Minutes,"Electrician, Mecanician, Inspector Senior",,,,,,,In service,Asset Description 109,Bad,Rue de la Science,14.0,1040.0,Brussels,Brussels,Customer 56,1,15
962,To do,Corrective-Breakdown-2,Preliminary Inspection,Corrective,Breakdown,2,1,"20,0",Minutes,"0,0",Minutes,"Electrician, Mecanician, Inspector Senior",1.0,,,,,,In service,Asset Description 109,Bad,Rue de la Science,14.0,1040.0,Brussels,Brussels,Customer 56,1,20
963,To do,Corrective-Breakdown-3,Diagnostics and Troubleshooting,Corrective,Breakdown,3,1,"1,0",Hours,"0,0",Minutes,"Electrician, Mecanician, Inspector Senior",2.0,,,,,,In service,Asset Description 109,Bad,Rue de la Science,14.0,1040.0,Brussels,Brussels,Customer 56,1,60
964,To do,Corrective-Breakdown-4,Component Repair or Replacement,Corrective,Breakdown,4,1,"1,0",Hours,"0,0",Minutes,"Electrician, Mecanician, Inspector Senior",3.0,,,,,,In service,Asset Description 109,Bad,Rue de la Science,14.0,1040.0,Brussels,Brussels,Customer 56,1,60
965,To do,Corrective-Breakdown-7,Post-Repair Adjustments,Corrective,Breakdown,7,1,"20,0",Minutes,"0,0",Minutes,"Electrician, Mecanician, Inspector Senior",6.0,,,,,,In service,Asset Description 109,Bad,Rue de la Science,14.0,1040.0,Brussels,Brussels,Customer 56,1,20
966,To do,Corrective-Breakdown-5,Control System Reset,Corrective,Breakdown,5,1,"30,0",Minutes,"0,0",Minutes,"Electrician, Mecanician, Inspector Senior",4.0,,,,,,In service,Asset Description 109,Bad,Rue de la Science,14.0,1040.0,Brussels,Brussels,Customer 56,1,30
967,To do,Corrective-Breakdown-6,Detailed Testing and Validation,Corrective,Breakdown,6,1,"45,0",Minutes,"0,0",Minutes,"Electrician, Mecanician, Inspector Senior",5.0,,,,,,In service,Asset Description 109,Bad,Rue de la Science,14.0,1040.0,Brussels,Brussels,Customer 56,1,45
968,To do,Corrective-Breakdown-8,System Cleanup and Safety Checks,Corrective,Breakdown,8,1,"15,0",Minutes,"0,0",Minutes,"Electrician, Mecanician, Inspector Senior",7.0,,,,,,In service,Asset Description 109,Bad,Rue de la Science,14.0,1040.0,Brussels,Brussels,Customer 56,1,15
969,To do,Corrective-Breakdown-10,Restore Service,Corrective,Breakdown,10,1,"15,0",Minutes,"0,0",Minutes,"Electrician, Mecanician, Inspector Senior",21.0,,,,,,In service,Asset Description 109,Bad,Rue de la Science,14.0,1040.0,Brussels,Brussels,Customer 56,1,15
970,To do,Corrective-Breakdown-9,Documentation and Reporting,Corrective,Breakdown,9,1,"20,0",Minutes,"0,0",Minutes,"Electrician, Mecanician, Inspector Senior",20.0,,,,,,In service,Asset Description 109,Bad,Rue de la Science,14.0,1040.0,Brussels,Brussels,Customer 56,1,20
975,To do,Corrective-Low-1,Diagnostics and Troubleshooting,Corrective,Low,1,4,"30,0",Minutes,"0,0",Minutes,"Electrician, Mecanician, Inspector Junior, Inspector Senior",,,,,,,In service,Asset Description 110,Adequate,Rue de la Loi,200.0,4000.0,Liège,Wallonia,Customer 57,1,30
976,To do,Corrective-Low-2,Component Repair and Replacement,Corrective,Low,2,4,"1,0",Hours,"0,0",Minutes,"Electrician, Mecanician, Inspector Junior, Inspector Senior",8.0,,,,,,In service,Asset Description 110,Adequate,Rue de la Loi,200.0,4000.0,Liège,Wallonia,Customer 57,1,60
977,To do,Corrective-Low-3,Control System Checks,Corrective,Low,3,4,"5,0",Minutes,"0,0",Minutes,"Electrician, Mecanician, Inspector Junior, Inspector Senior",9.0,,,,,,In service,Asset Description 110,Adequate,Rue de la Loi,200.0,4000.0,Liège,Wallonia,Customer 57,1,5
978,To do,Corrective-Low-4,Testing and Validation,Corrective,Low,4,4,"5,0",Minutes,"0,0",Minutes,"Electrician, Mecanician, Inspector Junior, Inspector Senior",10.0,,,,,,In service,Asset Description 110,Adequate,Rue de la Loi,200.0,4000.0,Liège,Wallonia,Customer 57,1,5
979,To do,Corrective-Low-5,Documentation and Reporting,Corrective,Low,5,4,"5,0",Minutes,"0,0",Minutes,"Electrician, Mecanician, Inspector Junior, Inspector Senior",11.0,,,,,,In service,Asset Description 110,Adequate,Rue de la Loi,200.0,4000.0,Liège,Wallonia,Customer 57,1,5
980,To do,Corrective-Low-6,Post-Maintenance Adjustments,Corrective,Low,6,4,"5,0",Minutes,"0,0",Minutes,"Electrician, Mecanician, Inspector Junior, Inspector Senior",12.0,,,,,,In service,Asset Description 110,Adequate,Rue de la Loi,200.0,4000.0,Liège,Wallonia,Customer 57,1,5
981,To do,Corrective-Low-7,System Cleanup and Safety Checks,Corrective,Low,7,4,"10,0",Minutes,"0,0",Minutes,"Electrician, Mecanician, Inspector Junior, Inspector Senior",13.0,,,,,,In service,Asset Description 110,Adequate,Rue de la Loi,200.0,4000.0,Liège,Wallonia,Customer 57,1,10
983,To do,Corrective-Low-1,Diagnostics and Troubleshooting,Corrective,Low,1,4,"30,0",Minutes,"0,0",Minutes,"Electrician, Mecanician, Inspector Junior, Inspector Senior",,,,,,,In service,Asset Description 111,Bad,Av. Baron de Moreau,1.0,5000.0,Namur,Wallonia,Customer 58,1,30
984,To do,Corrective-Low-2,Component Repair and Replacement,Corrective,Low,2,4,"1,0",Hours,"0,0",Minutes,"Electrician, Mecanician, Inspector Junior, Inspector Senior",8.0,,,,,,In service,Asset Description 111,Bad,Av. Baron de Moreau,1.0,5000.0,Namur,Wallonia,Customer 58,1,60
985,To do,Corrective-Low-3,Control System Checks,Corrective,Low,3,4,"5,0",Minutes,"0,0",Minutes,"Electrician, Mecanician, Inspector Junior, Inspector Senior",9.0,,,,,,In service,Asset Description 111,Bad,Av. Baron de Moreau,1.0,5000.0,Namur,Wallonia,Customer 58,1,5
986,To do,Corrective-Low-4,Testing and Validation,Corrective,Low,4,4,"5,0",Minutes,"0,0",Minutes,"Electrician, Mecanician, Inspector Junior, Inspector Senior",10.0,,,,,,In service,Asset Description 111,Bad,Av. Baron de Moreau,1.0,5000.0,Namur,Wallonia,Customer 58,1,5
987,To do,Corrective-Low-5,Documentation and Reporting,Corrective,Low,5,4,"5,0",Minutes,"0,0",Minutes,"Electrician, Mecanician, Inspector Junior, Inspector Senior",11.0,,,,,,In service,Asset Description 111,Bad,Av. Baron de Moreau,1.0,5000.0,Namur,Wallonia,Customer 58,1,5
988,To do,Corrective-Low-6,Post-Maintenance Adjustments,Corrective,Low,6,4,"5,0",Minutes,"0,0",Minutes,"Electrician, Mecanician, Inspector Junior, Inspector Senior",12.0,,,,,,In service,Asset Description 111,Bad,Av. Baron de Moreau,1.0,5000.0,Namur,Wallonia,Customer 58,1,5
989,To do,Corrective-Low-7,System Cleanup and Safety Checks,Corrective,Low,7,4,"10,0",Minutes,"0,0",Minutes,"Electrician, Mecanician, Inspector Junior, Inspector Senior",13.0,,,,,,In service,Asset Description 111,Bad,Av. Baron de Moreau,1.0,5000.0,Namur,Wallonia,Customer 58,1,10
990,To do,Corrective-Low-1,Diagnostics and Troubleshooting,Corrective,Low,1,4,"30,0",Minutes,"0,0",Minutes,"Electrician, Mecanician, Inspector Junior, Inspector Senior",,,,,,,In service,Asset Description 112,Adequate,Rue de la Science,14.0,6000.0,Charleroi,Wallonia,Customer 55,1,30
991,To do,Corrective-Low-2,Component Repair and Replacement,Corrective,Low,2,4,"1,0",Hours,"0,0",Minutes,"Electrician, Mecanician, Inspector Junior, Inspector Senior",8.0,,,,,,In service,Asset Description 112,Adequate,Rue de la Science,14.0,6000.0,Charleroi,Wallonia,Customer 55,1,60
992,To do,Corrective-Low-3,Control System Checks,Corrective,Low,3,4,"5,0",Minutes,"0,0",Minutes,"Electrician, Mecanician, Inspector Junior, Inspector Senior",9.0,,,,,,In service,Asset Description 112,Adequate,Rue de la Science,14.0,6000.0,Charleroi,Wallonia,Customer 55,1,5
993,To do,Corrective-Low-4,Testing and Validation,Corrective,Low,4,4,"5,0",Minutes,"0,0",Minutes,"Electrician, Mecanician, Inspector Junior, Inspector Senior",10.0,,,,,,In service,Asset Description 112,Adequate,Rue de la Science,14.0,6000.0,Charleroi,Wallonia,Customer 55,1,5
994,To do,Corrective-Low-5,Documentation and Reporting,Corrective,Low,5,4,"5,0",Minutes,"0,0",Minutes,"Electrician, Mecanician, Inspector Junior, Inspector Senior",11.0,,,,,,In service,Asset Description 112,Adequate,Rue de la Science,14.0,6000.0,Charleroi,Wallonia,Customer 55,1,5
995,To do,Corrective-Low-6,Post-Maintenance Adjustments,Corrective,Low,6,4,"5,0",Minutes,"0,0",Minutes,"Electrician, Mecanician, Inspector Junior, Inspector Senior",12.0,,,,,,In service,Asset Description 112,Adequate,Rue de la Science,14.0,6000.0,Charleroi,Wallonia,Customer 55,1,5
996,To do,Corrective-Low-7,System Cleanup and Safety Checks,Corrective,Low,7,4,"10,0",Minutes,"0,0",Minutes,"Electrician, Mecanician, Inspector Junior, Inspector Senior",13.0,,,,,,In service,Asset Description 112,Adequate,Rue de la Science,14.0,6000.0,Charleroi,Wallonia,Customer 55,1,10
997,To do,Corrective-Low-1,Diagnostics and Troubleshooting,Corrective,Low,1,4,"30,0",Minutes,"0,0",Minutes,"Electrician, Mecanician, Inspector Junior, Inspector Senior",,,,,,,In service,Asset Description 113,Bad,Rue Belliard,99.0,1040.0,Brussels,Brussels,Customer 56,1,30
998,To do,Corrective-Low-2,Component Repair and Replacement,Corrective,Low,2,4,"1,0",Hours,"0,0",Minutes,"Electrician, Mecanician, Inspector Junior, Inspector Senior",8.0,,,,,,In service,Asset Description 113,Bad,Rue Belliard,99.0,1040.0,Brussels,Brussels,Customer 56,1,60
999,To do,Corrective-Low-3,Control System Checks,Corrective,Low,3,4,"5,0",Minutes,"0,0",Minutes,"Electrician, Mecanician, Inspector Junior, Inspector Senior",9.0,,,,,,In service,Asset Description 113,Bad,Rue Belliard,99.0,1040.0,Brussels,Brussels,Customer 56,1,5
1000,To do,Corrective-Low-4,Testing and Validation,Corrective,Low,4,4,"5,0",Minutes,"0,0",Minutes,"Electrician, Mecanician, Inspector Junior, Inspector Senior",10.0,,,,,,In service,Asset Description 113,Bad,Rue Belliard,99.0,1040.0,Brussels,Brussels,Customer 56,1,5
1001,To do,Corrective-Low-5,Documentation and Reporting,Corrective,Low,5,4,"5,0",Minutes,"0,0",Minutes,"Electrician, Mecanician, Inspector Junior, Inspector Senior",11.0,,,,,,In service,Asset Description 113,Bad,Rue Belliard,99.0,1040.0,Brussels,Brussels,Customer 56,1,5
1002,To do,Corrective-Low-6,Post-Maintenance Adjustments,Corrective,Low,6,4,"5,0",Minutes,"0,0",Minutes,"Electrician, Mecanician, Inspector Junior, Inspector Senior",12.0,,,,,,In service,Asset Description 113,Bad,Rue Belliard,99.0,1040.0,Brussels,Brussels,Customer 56,1,5
1003,To do,Corrective-Low-7,System Cleanup and Safety Checks,Corrective,Low,7,4,"10,0",Minutes,"0,0",Minutes,"Electrician, Mecanician, Inspector Junior, Inspector Senior",13.0,,,,,,In service,Asset Description 113,Bad,Rue Belliard,99.0,1040.0,Brussels,Brussels,Customer 56,1,10
1004,To do,Corrective-Low-1,Diagnostics and Troubleshooting,Corrective,Low,1,4,"30,0",Minutes,"0,0",Minutes,"Electrician, Mecanician, Inspector Junior, Inspector Senior",,,,,,,In service,Asset Description 114,Good,Avenue de la Joyeuse Entrée,1.0,1040.0,Brussels,Brussels,Customer 57,1,30
1005,To do,Corrective-Low-2,Component Repair and Replacement,Corrective,Low,2,4,"1,0",Hours,"0,0",Minutes,"Electrician, Mecanician, Inspector Junior, Inspector Senior",8.0,,,,,,In service,Asset Description 114,Good,Avenue de la Joyeuse Entrée,1.0,1040.0,Brussels,Brussels,Customer 57,1,60
1006,To do,Corrective-Low-3,Control System Checks,Corrective,Low,3,4,"5,0",Minutes,"0,0",Minutes,"Electrician, Mecanician, Inspector Junior, Inspector Senior",9.0,,,,,,In service,Asset Description 114,Good,Avenue de la Joyeuse Entrée,1.0,1040.0,Brussels,Brussels,Customer 57,1,5
1007,To do,Corrective-Low-4,Testing and Validation,Corrective,Low,4,4,"5,0",Minutes,"0,0",Minutes,"Electrician, Mecanician, Inspector Junior, Inspector Senior",10.0,,,,,,In service,Asset Description 114,Good,Avenue de la Joyeuse Entrée,1.0,1040.0,Brussels,Brussels,Customer 57,1,5
1008,To do,Corrective-Low-5,Documentation and Reporting,Corrective,Low,5,4,"5,0",Minutes,"0,0",Minutes,"Electrician, Mecanician, Inspector Junior, Inspector Senior",11.0,,,,,,In service,Asset Description 114,Good,Avenue de la Joyeuse Entrée,1.0,1040.0,Brussels,Brussels,Customer 57,1,5
1009,To do,Corrective-Low-6,Post-Maintenance Adjustments,Corrective,Low,6,4,"5,0",Minutes,"0,0",Minutes,"Electrician, Mecanician, Inspector Junior, Inspector Senior",12.0,,,,,,In service,Asset Description 114,Good,Avenue de la Joyeuse Entrée,1.0,1040.0,Brussels,Brussels,Customer 57,1,5
1010,To do,Corrective-Low-7,System Cleanup and Safety Checks,Corrective,Low,7,4,"10,0",Minutes,"0,0",Minutes,"Electrician, Mecanician, Inspector Junior, Inspector Senior",13.0,,,,,,In service,Asset Description 114,Good,Avenue de la Joyeuse Entrée,1.0,1040.0,Brussels,Brussels,Customer 57,1,10
1011,To do,Corrective-Low-1,Diagnostics and Troubleshooting,Corrective,Low,1,4,"30,0",Minutes,"0,0",Minutes,"Electrician, Mecanician, Inspector Junior, Inspector Senior",,,,,,,In service,Asset Description 115,Good,Rue de la Loi,200.0,1000.0,Brussels,Brussels,Customer 58,1,30
1012,To do,Corrective-Low-2,Component Repair and Replacement,Corrective,Low,2,4,"1,0",Hours,"0,0",Minutes,"Electrician, Mecanician, Inspector Junior, Inspector Senior",8.0,,,,,,In service,Asset Description 115,Good,Rue de la Loi,200.0,1000.0,Brussels,Brussels,Customer 58,1,60
1013,To do,Corrective-Low-3,Control System Checks,Corrective,Low,3,4,"5,0",Minutes,"0,0",Minutes,"Electrician, Mecanician, Inspector Junior, Inspector Senior",9.0,,,,,,In service,Asset Description 115,Good,Rue de la Loi,200.0,1000.0,Brussels,Brussels,Customer 58,1,5
1014,To do,Corrective-Low-4,Testing and Validation,Corrective,Low,4,4,"5,0",Minutes,"0,0",Minutes,"Electrician, Mecanician, Inspector Junior, Inspector Senior",10.0,,,,,,In service,Asset Description 115,Good,Rue de la Loi,200.0,1000.0,Brussels,Brussels,Customer 58,1,5
1015,To do,Corrective-Low-5,Documentation and Reporting,Corrective,Low,5,4,"5,0",Minutes,"0,0",Minutes,"Electrician, Mecanician, Inspector Junior, Inspector Senior",11.0,,,,,,In service,Asset Description 115,Good,Rue de la Loi,200.0,1000.0,Brussels,Brussels,Customer 58,1,5
1016,To do,Corrective-Low-6,Post-Maintenance Adjustments,Corrective,Low,6,4,"5,0",Minutes,"0,0",Minutes,"Electrician, Mecanician, Inspector Junior, Inspector Senior",12.0,,,,,,In service,Asset Description 115,Good,Rue de la Loi,200.0,1000.0,Brussels,Brussels,Customer 58,1,5
1017,To do,Corrective-Low-7,System Cleanup and Safety Checks,Corrective,Low,7,4,"10,0",Minutes,"0,0",Minutes,"Electrician, Mecanician, Inspector Junior, Inspector Senior",13.0,,,,,,In service,Asset Description 115,Good,Rue de la Loi,200.0,1000.0,Brussels,Brussels,Customer 58,1,10
1018,To do,Corrective-Low-1,Diagnostics and Troubleshooting,Corrective,Low,1,4,"30,0",Minutes,"0,0",Minutes,"Electrician, Mecanician, Inspector Junior, Inspector Senior",,,,,,,In service,Asset Description 116,Good,Av. Thomas Edison,30.0,7000.0,Mons,Wallonia,Customer 51,1,30
1019,To do,Corrective-Low-2,Component Repair and Replacement,Corrective,Low,2,4,"1,0",Hours,"0,0",Minutes,"Electrician, Mecanician, Inspector Junior, Inspector Senior",8.0,,,,,,In service,Asset Description 116,Good,Av. Thomas Edison,30.0,7000.0,Mons,Wallonia,Customer 51,1,60
1020,To do,Corrective-Low-3,Control System Checks,Corrective,Low,3,4,"5,0",Minutes,"0,0",Minutes,"Electrician, Mecanician, Inspector Junior, Inspector Senior",9.0,,,,,,In service,Asset Description 116,Good,Av. Thomas Edison,30.0,7000.0,Mons,Wallonia,Customer 51,1,5
1021,To do,Corrective-Low-4,Testing and Validation,Corrective,Low,4,4,"5,0",Minutes,"0,0",Minutes,"Electrician, Mecanician, Inspector Junior, Inspector Senior",10.0,,,,,,In service,Asset Description 116,Good,Av. Thomas Edison,30.0,7000.0,Mons,Wallonia,Customer 51,1,5
1022,To do,Corrective-Low-5,Documentation and Reporting,Corrective,Low,5,4,"5,0",Minutes,"0,0",Minutes,"Electrician, Mecanician, Inspector Junior, Inspector Senior",11.0,,,,,,In service,Asset Description 116,Good,Av. Thomas Edison,30.0,7000.0,Mons,Wallonia,Customer 51,1,5
1023,To do,Corrective-Low-6,Post-Maintenance Adjustments,Corrective,Low,6,4,"5,0",Minutes,"0,0",Minutes,"Electrician, Mecanician, Inspector Junior, Inspector Senior",12.0,,,,,,In service,Asset Description 116,Good,Av. Thomas Edison,30.0,7000.0,Mons,Wallonia,Customer 51,1,5
1024,To do,Corrective-Low-7,System Cleanup and Safety Checks,Corrective,Low,7,4,"10,0",Minutes,"0,0",Minutes,"Electrician, Mecanician, Inspector Junior, Inspector Senior",13.0,,,,,,In service,Asset Description 116,Good,Av. Thomas Edison,30.0,7000.0,Mons,Wallonia,Customer 51,1,10
1025,To do,Corrective-Low-1,Diagnostics and Troubleshooting,Corrective,Low,1,4,"30,0",Minutes,"0,0",Minutes,"Electrician, Mecanician, Inspector Junior, Inspector Senior",,,,,,,In service,Asset Description 117,Bad,Rue de Gaillarmont ,600.0,4030.0,Liège,Wallonia,Customer 52,1,30
1026,To do,Corrective-Low-2,Component Repair and Replacement,Corrective,Low,2,4,"1,0",Hours,"0,0",Minutes,"Electrician, Mecanician, Inspector Junior, Inspector Senior",8.0,,,,,,In service,Asset Description 117,Bad,Rue de Gaillarmont ,600.0,4030.0,Liège,Wallonia,Customer 52,1,60
1027,To do,Corrective-Low-3,Control System Checks,Corrective,Low,3,4,"5,0",Minutes,"0,0",Minutes,"Electrician, Mecanician, Inspector Junior, Inspector Senior",9.0,,,,,,In service,Asset Description 117,Bad,Rue de Gaillarmont ,600.0,4030.0,Liège,Wallonia,Customer 52,1,5
1028,To do,Corrective-Low-4,Testing and Validation,Corrective,Low,4,4,"5,0",Minutes,"0,0",Minutes,"Electrician, Mecanician, Inspector Junior, Inspector Senior",10.0,,,,,,In service,Asset Description 117,Bad,Rue de Gaillarmont ,600.0,4030.0,Liège,Wallonia,Customer 52,1,5
1029,To do,Corrective-Low-5,Documentation and Reporting,Corrective,Low,5,4,"5,0",Minutes,"0,0",Minutes,"Electrician, Mecanician, Inspector Junior, Inspector Senior",11.0,,,,,,In service,Asset Description 117,Bad,Rue de Gaillarmont ,600.0,4030.0,Liège,Wallonia,Customer 52,1,5
1030,To do,Corrective-Low-6,Post-Maintenance Adjustments,Corrective,Low,6,4,"5,0",Minutes,"0,0",Minutes,"Electrician, Mecanician, Inspector Junior, Inspector Senior",12.0,,,,,,In service,Asset Description 117,Bad,Rue de Gaillarmont ,600.0,4030.0,Liège,Wallonia,Customer 52,1,5
1031,To do,Corrective-Low-7,System Cleanup and Safety Checks,Corrective,Low,7,4,"10,0",Minutes,"0,0",Minutes,"Electrician, Mecanician, Inspector Junior, Inspector Senior",13.0,,,,,,In service,Asset Description 117,Bad,Rue de Gaillarmont ,600.0,4030.0,Liège,Wallonia,Customer 52,1,10
1032,To do,Corrective-Low-1,Diagnostics and Troubleshooting,Corrective,Low,1,4,"30,0",Minutes,"0,0",Minutes,"Electrician, Mecanician, Inspector Junior, Inspector Senior",,,,,,,In service,Asset Description 118,Adequate,Rue de Géronsart ,148.0,5100.0,Namur,Wallonia,Customer 53,1,30
1033,To do,Corrective-Low-2,Component Repair and Replacement,Corrective,Low,2,4,"1,0",Hours,"0,0",Minutes,"Electrician, Mecanician, Inspector Junior, Inspector Senior",8.0,,,,,,In service,Asset Description 118,Adequate,Rue de Géronsart ,148.0,5100.0,Namur,Wallonia,Customer 53,1,60
1034,To do,Corrective-Low-3,Control System Checks,Corrective,Low,3,4,"5,0",Minutes,"0,0",Minutes,"Electrician, Mecanician, Inspector Junior, Inspector Senior",9.0,,,,,,In service,Asset Description 118,Adequate,Rue de Géronsart ,148.0,5100.0,Namur,Wallonia,Customer 53,1,5
1035,To do,Corrective-Low-4,Testing and Validation,Corrective,Low,4,4,"5,0",Minutes,"0,0",Minutes,"Electrician, Mecanician, Inspector Junior, Inspector Senior",10.0,,,,,,In service,Asset Description 118,Adequate,Rue de Géronsart ,148.0,5100.0,Namur,Wallonia,Customer 53,1,5
1036,To do,Corrective-Low-5,Documentation and Reporting,Corrective,Low,5,4,"5,0",Minutes,"0,0",Minutes,"Electrician, Mecanician, Inspector Junior, Inspector Senior",11.0,,,,,,In service,Asset Description 118,Adequate,Rue de Géronsart ,148.0,5100.0,Namur,Wallonia,Customer 53,1,5
1037,To do,Corrective-Low-6,Post-Maintenance Adjustments,Corrective,Low,6,4,"5,0",Minutes,"0,0",Minutes,"Electrician, Mecanician, Inspector Junior, Inspector Senior",12.0,,,,,,In service,Asset Description 118,Adequate,Rue de Géronsart ,148.0,5100.0,Namur,Wallonia,Customer 53,1,5
1038,To do,Corrective-Low-7,System Cleanup and Safety Checks,Corrective,Low,7,4,"10,0",Minutes,"0,0",Minutes,"Electrician, Mecanician, Inspector Junior, Inspector Senior",13.0,,,,,,In service,Asset Description 118,Adequate,Rue de Géronsart ,148.0,5100.0,Namur,Wallonia,Customer 53,1,10
1039,To do,Corrective-Low-1,Diagnostics and Troubleshooting,Corrective,Low,1,4,"30,0",Minutes,"0,0",Minutes,"Electrician, Mecanician, Inspector Junior, Inspector Senior",,,,,,,In service,Asset Description 119,Bad,Rue de Villers,1.0,6280.0,Charleroi,Wallonia,Customer 54,1,30
1040,To do,Corrective-Low-2,Component Repair and Replacement,Corrective,Low,2,4,"1,0",Hours,"0,0",Minutes,"Electrician, Mecanician, Inspector Junior, Inspector Senior",8.0,,,,,,In service,Asset Description 119,Bad,Rue de Villers,1.0,6280.0,Charleroi,Wallonia,Customer 54,1,60
1041,To do,Corrective-Low-3,Control System Checks,Corrective,Low,3,4,"5,0",Minutes,"0,0",Minutes,"Electrician, Mecanician, Inspector Junior, Inspector Senior",9.0,,,,,,In service,Asset Description 119,Bad,Rue de Villers,1.0,6280.0,Charleroi,Wallonia,Customer 54,1,5
1042,To do,Corrective-Low-4,Testing and Validation,Corrective,Low,4,4,"5,0",Minutes,"0,0",Minutes,"Electrician, Mecanician, Inspector Junior, Inspector Senior",10.0,,,,,,In service,Asset Description 119,Bad,Rue de Villers,1.0,6280.0,Charleroi,Wallonia,Customer 54,1,5
1043,To do,Corrective-Low-5,Documentation and Reporting,Corrective,Low,5,4,"5,0",Minutes,"0,0",Minutes,"Electrician, Mecanician, Inspector Junior, Inspector Senior",11.0,,,,,,In service,Asset Description 119,Bad,Rue de Villers,1.0,6280.0,Charleroi,Wallonia,Customer 54,1,5
1044,To do,Corrective-Low-6,Post-Maintenance Adjustments,Corrective,Low,6,4,"5,0",Minutes,"0,0",Minutes,"Electrician, Mecanician, Inspector Junior, Inspector Senior",12.0,,,,,,In service,Asset Description 119,Bad,Rue de Villers,1.0,6280.0,Charleroi,Wallonia,Customer 54,1,5
1045,To do,Corrective-Low-7,System Cleanup and Safety Checks,Corrective,Low,7,4,"10,0",Minutes,"0,0",Minutes,"Electrician, Mecanician, Inspector Junior, Inspector Senior",13.0,,,,,,In service,Asset Description 119,Bad,Rue de Villers,1.0,6280.0,Charleroi,Wallonia,Customer 54,1,10
1046,To do,Corrective-Low-1,Diagnostics and Troubleshooting,Corrective,Low,1,4,"30,0",Minutes,"0,0",Minutes,"Electrician, Mecanician, Inspector Junior, Inspector Senior",,,,,,,In service,Asset Description 120,Adequate,Avenue de la Renaissance,30.0,1000.0,Brussels,Brussels,Customer 55,1,30
1047,To do,Corrective-Low-2,Component Repair and Replacement,Corrective,Low,2,4,"1,0",Hours,"0,0",Minutes,"Electrician, Mecanician, Inspector Junior, Inspector Senior",8.0,,,,,,In service,Asset Description 120,Adequate,Avenue de la Renaissance,30.0,1000.0,Brussels,Brussels,Customer 55,1,60
1048,To do,Corrective-Low-3,Control System Checks,Corrective,Low,3,4,"5,0",Minutes,"0,0",Minutes,"Electrician, Mecanician, Inspector Junior, Inspector Senior",9.0,,,,,,In service,Asset Description 120,Adequate,Avenue de la Renaissance,30.0,1000.0,Brussels,Brussels,Customer 55,1,5
1049,To do,Corrective-Low-4,Testing and Validation,Corrective,Low,4,4,"5,0",Minutes,"0,0",Minutes,"Electrician, Mecanician, Inspector Junior, Inspector Senior",10.0,,,,,,In service,Asset Description 120,Adequate,Avenue de la Renaissance,30.0,1000.0,Brussels,Brussels,Customer 55,1,5
1050,To do,Corrective-Low-5,Documentation and Reporting,Corrective,Low,5,4,"5,0",Minutes,"0,0",Minutes,"Electrician, Mecanician, Inspector Junior, Inspector Senior",11.0,,,,,,In service,Asset Description 120,Adequate,Avenue de la Renaissance,30.0,1000.0,Brussels,Brussels,Customer 55,1,5
1051,To do,Corrective-Low-6,Post-Maintenance Adjustments,Corrective,Low,6,4,"5,0",Minutes,"0,0",Minutes,"Electrician, Mecanician, Inspector Junior, Inspector Senior",12.0,,,,,,In service,Asset Description 120,Adequate,Avenue de la Renaissance,30.0,1000.0,Brussels,Brussels,Customer 55,1,5
1052,To do,Corrective-Low-7,System Cleanup and Safety Checks,Corrective,Low,7,4,"10,0",Minutes,"0,0",Minutes,"Electrician, Mecanician, Inspector Junior, Inspector Senior",13.0,,,,,,In service,Asset Description 120,Adequate,Avenue de la Renaissance,30.0,1000.0,Brussels,Brussels,Customer 55,1,10
1060,To do,Corrective-Low-1,Diagnostics and Troubleshooting,Corrective,Low,1,4,"30,0",Minutes,"0,0",Minutes,"Electrician, Mecanician, Inspector Junior, Inspector Senior",,,,,,,In service,Asset Description 122,Good,Rue Belliard,99.0,1040.0,Brussels,Brussels,Customer 57,1,30
1061,To do,Corrective-Low-2,Component Repair and Replacement,Corrective,Low,2,4,"1,0",Hours,"0,0",Minutes,"Electrician, Mecanician, Inspector Junior, Inspector Senior",8.0,,,,,,In service,Asset Description 122,Good,Rue Belliard,99.0,1040.0,Brussels,Brussels,Customer 57,1,60
1062,To do,Corrective-Low-3,Control System Checks,Corrective,Low,3,4,"5,0",Minutes,"0,0",Minutes,"Electrician, Mecanician, Inspector Junior, Inspector Senior",9.0,,,,,,In service,Asset Description 122,Good,Rue Belliard,99.0,1040.0,Brussels,Brussels,Customer 57,1,5
1063,To do,Corrective-Low-4,Testing and Validation,Corrective,Low,4,4,"5,0",Minutes,"0,0",Minutes,"Electrician, Mecanician, Inspector Junior, Inspector Senior",10.0,,,,,,In service,Asset Description 122,Good,Rue Belliard,99.0,1040.0,Brussels,Brussels,Customer 57,1,5
1064,To do,Corrective-Low-5,Documentation and Reporting,Corrective,Low,5,4,"5,0",Minutes,"0,0",Minutes,"Electrician, Mecanician, Inspector Junior, Inspector Senior",11.0,,,,,,In service,Asset Description 122,Good,Rue Belliard,99.0,1040.0,Brussels,Brussels,Customer 57,1,5
1065,To do,Corrective-Low-6,Post-Maintenance Adjustments,Corrective,Low,6,4,"5,0",Minutes,"0,0",Minutes,"Electrician, Mecanician, Inspector Junior, Inspector Senior",12.0,,,,,,In service,Asset Description 122,Good,Rue Belliard,99.0,1040.0,Brussels,Brussels,Customer 57,1,5
1066,To do,Corrective-Low-7,System Cleanup and Safety Checks,Corrective,Low,7,4,"10,0",Minutes,"0,0",Minutes,"Electrician, Mecanician, Inspector Junior, Inspector Senior",13.0,,,,,,In service,Asset Description 122,Good,Rue Belliard,99.0,1040.0,Brussels,Brussels,Customer 57,1,10
1067,To do,Corrective-Low-1,Diagnostics and Troubleshooting,Corrective,Low,1,4,"30,0",Minutes,"0,0",Minutes,"Electrician, Mecanician, Inspector Junior, Inspector Senior",,,,,,,In service,Asset Description 123,Good,Avenue de la Joyeuse Entrée,1.0,1040.0,Brussels,Brussels,Customer 58,1,30
1068,To do,Corrective-Low-2,Component Repair and Replacement,Corrective,Low,2,4,"1,0",Hours,"0,0",Minutes,"Electrician, Mecanician, Inspector Junior, Inspector Senior",8.0,,,,,,In service,Asset Description 123,Good,Avenue de la Joyeuse Entrée,1.0,1040.0,Brussels,Brussels,Customer 58,1,60
1069,To do,Corrective-Low-3,Control System Checks,Corrective,Low,3,4,"5,0",Minutes,"0,0",Minutes,"Electrician, Mecanician, Inspector Junior, Inspector Senior",9.0,,,,,,In service,Asset Description 123,Good,Avenue de la Joyeuse Entrée,1.0,1040.0,Brussels,Brussels,Customer 58,1,5
1070,To do,Corrective-Low-4,Testing and Validation,Corrective,Low,4,4,"5,0",Minutes,"0,0",Minutes,"Electrician, Mecanician, Inspector Junior, Inspector Senior",10.0,,,,,,In service,Asset Description 123,Good,Avenue de la Joyeuse Entrée,1.0,1040.0,Brussels,Brussels,Customer 58,1,5
1071,To do,Corrective-Low-5,Documentation and Reporting,Corrective,Low,5,4,"5,0",Minutes,"0,0",Minutes,"Electrician, Mecanician, Inspector Junior, Inspector Senior",11.0,,,,,,In service,Asset Description 123,Good,Avenue de la Joyeuse Entrée,1.0,1040.0,Brussels,Brussels,Customer 58,1,5
1072,To do,Corrective-Low-6,Post-Maintenance Adjustments,Corrective,Low,6,4,"5,0",Minutes,"0,0",Minutes,"Electrician, Mecanician, Inspector Junior, Inspector Senior",12.0,,,,,,In service,Asset Description 123,Good,Avenue de la Joyeuse Entrée,1.0,1040.0,Brussels,Brussels,Customer 58,1,5
1073,To do,Corrective-Low-7,System Cleanup and Safety Checks,Corrective,Low,7,4,"10,0",Minutes,"0,0",Minutes,"Electrician, Mecanician, Inspector Junior, Inspector Senior",13.0,,,,,,In service,Asset Description 123,Good,Avenue de la Joyeuse Entrée,1.0,1040.0,Brussels,Brussels,Customer 58,1,10
1074,To do,Corrective-Low-1,Diagnostics and Troubleshooting,Corrective,Low,1,4,"30,0",Minutes,"0,0",Minutes,"Electrician, Mecanician, Inspector Junior, Inspector Senior",,,,,,,In service,Asset Description 124,Good,Rue de la Loi,200.0,1000.0,Brussels,Brussels,Customer 59,1,30
1075,To do,Corrective-Low-2,Component Repair and Replacement,Corrective,Low,2,4,"1,0",Hours,"0,0",Minutes,"Electrician, Mecanician, Inspector Junior, Inspector Senior",8.0,,,,,,In service,Asset Description 124,Good,Rue de la Loi,200.0,1000.0,Brussels,Brussels,Customer 59,1,60
1076,To do,Corrective-Low-3,Control System Checks,Corrective,Low,3,4,"5,0",Minutes,"0,0",Minutes,"Electrician, Mecanician, Inspector Junior, Inspector Senior",9.0,,,,,,In service,Asset Description 124,Good,Rue de la Loi,200.0,1000.0,Brussels,Brussels,Customer 59,1,5
1077,To do,Corrective-Low-4,Testing and Validation,Corrective,Low,4,4,"5,0",Minutes,"0,0",Minutes,"Electrician, Mecanician, Inspector Junior, Inspector Senior",10.0,,,,,,In service,Asset Description 124,Good,Rue de la Loi,200.0,1000.0,Brussels,Brussels,Customer 59,1,5
1078,To do,Corrective-Low-5,Documentation and Reporting,Corrective,Low,5,4,"5,0",Minutes,"0,0",Minutes,"Electrician, Mecanician, Inspector Junior, Inspector Senior",11.0,,,,,,In service,Asset Description 124,Good,Rue de la Loi,200.0,1000.0,Brussels,Brussels,Customer 59,1,5
1079,To do,Corrective-Low-6,Post-Maintenance Adjustments,Corrective,Low,6,4,"5,0",Minutes,"0,0",Minutes,"Electrician, Mecanician, Inspector Junior, Inspector Senior",12.0,,,,,,In service,Asset Description 124,Good,Rue de la Loi,200.0,1000.0,Brussels,Brussels,Customer 59,1,5
1080,To do,Corrective-Low-7,System Cleanup and Safety Checks,Corrective,Low,7,4,"10,0",Minutes,"0,0",Minutes,"Electrician, Mecanician, Inspector Junior, Inspector Senior",13.0,,,,,,In service,Asset Description 124,Good,Rue de la Loi,200.0,1000.0,Brussels,Brussels,Customer 59,1,10
1081,To do,Corrective-Low-1,Diagnostics and Troubleshooting,Corrective,Low,1,4,"30,0",Minutes,"0,0",Minutes,"Electrician, Mecanician, Inspector Junior, Inspector Senior",,,,,,,In service,Asset Description 125,Bad,Avenue de la Renaissance,30.0,1000.0,Brussels,Brussels,Customer 60,1,30
1082,To do,Corrective-Low-2,Component Repair and Replacement,Corrective,Low,2,4,"1,0",Hours,"0,0",Minutes,"Electrician, Mecanician, Inspector Junior, Inspector Senior",8.0,,,,,,In service,Asset Description 125,Bad,Avenue de la Renaissance,30.0,1000.0,Brussels,Brussels,Customer 60,1,60
1083,To do,Corrective-Low-3,Control System Checks,Corrective,Low,3,4,"5,0",Minutes,"0,0",Minutes,"Electrician, Mecanician, Inspector Junior, Inspector Senior",9.0,,,,,,In service,Asset Description 125,Bad,Avenue de la Renaissance,30.0,1000.0,Brussels,Brussels,Customer 60,1,5
1084,To do,Corrective-Low-4,Testing and Validation,Corrective,Low,4,4,"5,0",Minutes,"0,0",Minutes,"Electrician, Mecanician, Inspector Junior, Inspector Senior",10.0,,,,,,In service,Asset Description 125,Bad,Avenue de la Renaissance,30.0,1000.0,Brussels,Brussels,Customer 60,1,5
1085,To do,Corrective-Low-5,Documentation and Reporting,Corrective,Low,5,4,"5,0",Minutes,"0,0",Minutes,"Electrician, Mecanician, Inspector Junior, Inspector Senior",11.0,,,,,,In service,Asset Description 125,Bad,Avenue de la Renaissance,30.0,1000.0,Brussels,Brussels,Customer 60,1,5
1086,To do,Corrective-Low-6,Post-Maintenance Adjustments,Corrective,Low,6,4,"5,0",Minutes,"0,0",Minutes,"Electrician, Mecanician, Inspector Junior, Inspector Senior",12.0,,,,,,In service,Asset Description 125,Bad,Avenue de la Renaissance,30.0,1000.0,Brussels,Brussels,Customer 60,1,5
1087,To do,Corrective-Low-7,System Cleanup and Safety Checks,Corrective,Low,7,4,"10,0",Minutes,"0,0",Minutes,"Electrician, Mecanician, Inspector Junior, Inspector Senior",13.0,,,,,,In service,Asset Description 125,Bad,Avenue de la Renaissance,30.0,1000.0,Brussels,Brussels,Customer 60,1,10
1088,To do,Corrective-Low-1,Diagnostics and Troubleshooting,Corrective,Low,1,4,"30,0",Minutes,"0,0",Minutes,"Electrician, Mecanician, Inspector Junior, Inspector Senior",,,,,,,In service,Asset Description 126,Adequate,Rue de la Science,14.0,1040.0,Brussels,Brussels,Customer 61,1,30
1089,To do,Corrective-Low-2,Component Repair and Replacement,Corrective,Low,2,4,"1,0",Hours,"0,0",Minutes,"Electrician, Mecanician, Inspector Junior, Inspector Senior",8.0,,,,,,In service,Asset Description 126,Adequate,Rue de la Science,14.0,1040.0,Brussels,Brussels,Customer 61,1,60
1090,To do,Corrective-Low-3,Control System Checks,Corrective,Low,3,4,"5,0",Minutes,"0,0",Minutes,"Electrician, Mecanician, Inspector Junior, Inspector Senior",9.0,,,,,,In service,Asset Description 126,Adequate,Rue de la Science,14.0,1040.0,Brussels,Brussels,Customer 61,1,5
1091,To do,Corrective-Low-4,Testing and Validation,Corrective,Low,4,4,"5,0",Minutes,"0,0",Minutes,"Electrician, Mecanician, Inspector Junior, Inspector Senior",10.0,,,,,,In service,Asset Description 126,Adequate,Rue de la Science,14.0,1040.0,Brussels,Brussels,Customer 61,1,5
1092,To do,Corrective-Low-5,Documentation and Reporting,Corrective,Low,5,4,"5,0",Minutes,"0,0",Minutes,"Electrician, Mecanician, Inspector Junior, Inspector Senior",11.0,,,,,,In service,Asset Description 126,Adequate,Rue de la Science,14.0,1040.0,Brussels,Brussels,Customer 61,1,5
1093,To do,Corrective-Low-6,Post-Maintenance Adjustments,Corrective,Low,6,4,"5,0",Minutes,"0,0",Minutes,"Electrician, Mecanician, Inspector Junior, Inspector Senior",12.0,,,,,,In service,Asset Description 126,Adequate,Rue de la Science,14.0,1040.0,Brussels,Brussels,Customer 61,1,5
1094,To do,Corrective-Low-7,System Cleanup and Safety Checks,Corrective,Low,7,4,"10,0",Minutes,"0,0",Minutes,"Electrician, Mecanician, Inspector Junior, Inspector Senior",13.0,,,,,,In service,Asset Description 126,Adequate,Rue de la Science,14.0,1040.0,Brussels,Brussels,Customer 61,1,10
1095,To do,Corrective-Low-1,Diagnostics and Troubleshooting,Corrective,Low,1,4,"30,0",Minutes,"0,0",Minutes,"Electrician, Mecanician, Inspector Junior, Inspector Senior",,,,,,,In service,Asset Description 127,Bad,Rue Belliard,99.0,1040.0,Brussels,Brussels,Customer 62,1,30
1096,To do,Corrective-Low-2,Component Repair and Replacement,Corrective,Low,2,4,"1,0",Hours,"0,0",Minutes,"Electrician, Mecanician, Inspector Junior, Inspector Senior",8.0,,,,,,In service,Asset Description 127,Bad,Rue Belliard,99.0,1040.0,Brussels,Brussels,Customer 62,1,60
1097,To do,Corrective-Low-3,Control System Checks,Corrective,Low,3,4,"5,0",Minutes,"0,0",Minutes,"Electrician, Mecanician, Inspector Junior, Inspector Senior",9.0,,,,,,In service,Asset Description 127,Bad,Rue Belliard,99.0,1040.0,Brussels,Brussels,Customer 62,1,5
1098,To do,Corrective-Low-4,Testing and Validation,Corrective,Low,4,4,"5,0",Minutes,"0,0",Minutes,"Electrician, Mecanician, Inspector Junior, Inspector Senior",10.0,,,,,,In service,Asset Description 127,Bad,Rue Belliard,99.0,1040.0,Brussels,Brussels,Customer 62,1,5
1099,To do,Corrective-Low-5,Documentation and Reporting,Corrective,Low,5,4,"5,0",Minutes,"0,0",Minutes,"Electrician, Mecanician, Inspector Junior, Inspector Senior",11.0,,,,,,In service,Asset Description 127,Bad,Rue Belliard,99.0,1040.0,Brussels,Brussels,Customer 62,1,5
1100,To do,Corrective-Low-6,Post-Maintenance Adjustments,Corrective,Low,6,4,"5,0",Minutes,"0,0",Minutes,"Electrician, Mecanician, Inspector Junior, Inspector Senior",12.0,,,,,,In service,Asset Description 127,Bad,Rue Belliard,99.0,1040.0,Brussels,Brussels,Customer 62,1,5
1101,To do,Corrective-Low-7,System Cleanup and Safety Checks,Corrective,Low,7,4,"10,0",Minutes,"0,0",Minutes,"Electrician, Mecanician, Inspector Junior, Inspector Senior",13.0,,,,,,In service,Asset Description 127,Bad,Rue Belliard,99.0,1040.0,Brussels,Brussels,Customer 62,1,10
1102,To do,Corrective-Low-1,Diagnostics and Troubleshooting,Corrective,Low,1,4,"30,0",Minutes,"0,0",Minutes,"Electrician, Mecanician, Inspector Junior, Inspector Senior",,,,,,,In service,Asset Description 128,Adequate,Avenue de la Joyeuse Entrée,1.0,1040.0,Brussels,Brussels,Customer 51,1,30
1103,To do,Corrective-Low-2,Component Repair and Replacement,Corrective,Low,2,4,"1,0",Hours,"0,0",Minutes,"Electrician, Mecanician, Inspector Junior, Inspector Senior",8.0,,,,,,In service,Asset Description 128,Adequate,Avenue de la Joyeuse Entrée,1.0,1040.0,Brussels,Brussels,Customer 51,1,60
1104,To do,Corrective-Low-3,Control System Checks,Corrective,Low,3,4,"5,0",Minutes,"0,0",Minutes,"Electrician, Mecanician, Inspector Junior, Inspector Senior",9.0,,,,,,In service,Asset Description 128,Adequate,Avenue de la Joyeuse Entrée,1.0,1040.0,Brussels,Brussels,Customer 51,1,5
1105,To do,Corrective-Low-4,Testing and Validation,Corrective,Low,4,4,"5,0",Minutes,"0,0",Minutes,"Electrician, Mecanician, Inspector Junior, Inspector Senior",10.0,,,,,,In service,Asset Description 128,Adequate,Avenue de la Joyeuse Entrée,1.0,1040.0,Brussels,Brussels,Customer 51,1,5
1106,To do,Corrective-Low-5,Documentation and Reporting,Corrective,Low,5,4,"5,0",Minutes,"0,0",Minutes,"Electrician, Mecanician, Inspector Junior, Inspector Senior",11.0,,,,,,In service,Asset Description 128,Adequate,Avenue de la Joyeuse Entrée,1.0,1040.0,Brussels,Brussels,Customer 51,1,5
1107,To do,Corrective-Low-6,Post-Maintenance Adjustments,Corrective,Low,6,4,"5,0",Minutes,"0,0",Minutes,"Electrician, Mecanician, Inspector Junior, Inspector Senior",12.0,,,,,,In service,Asset Description 128,Adequate,Avenue de la Joyeuse Entrée,1.0,1040.0,Brussels,Brussels,Customer 51,1,5
1108,To do,Corrective-Low-7,System Cleanup and Safety Checks,Corrective,Low,7,4,"10,0",Minutes,"0,0",Minutes,"Electrician, Mecanician, Inspector Junior, Inspector Senior",13.0,,,,,,In service,Asset Description 128,Adequate,Avenue de la Joyeuse Entrée,1.0,1040.0,Brussels,Brussels,Customer 51,1,10
1109,To do,Corrective-Low-1,Diagnostics and Troubleshooting,Corrective,Low,1,4,"30,0",Minutes,"0,0",Minutes,"Electrician, Mecanician, Inspector Junior, Inspector Senior",,,,,,,In service,Asset Description 129,Bad,Avenue de la Renaissance,40.0,1000.0,Brussels,Brussels,Customer 52,1,30
1110,To do,Corrective-Low-2,Component Repair and Replacement,Corrective,Low,2,4,"1,0",Hours,"0,0",Minutes,"Electrician, Mecanician, Inspector Junior, Inspector Senior",8.0,,,,,,In service,Asset Description 129,Bad,Avenue de la Renaissance,40.0,1000.0,Brussels,Brussels,Customer 52,1,60
1111,To do,Corrective-Low-3,Control System Checks,Corrective,Low,3,4,"5,0",Minutes,"0,0",Minutes,"Electrician, Mecanician, Inspector Junior, Inspector Senior",9.0,,,,,,In service,Asset Description 129,Bad,Avenue de la Renaissance,40.0,1000.0,Brussels,Brussels,Customer 52,1,5
1112,To do,Corrective-Low-4,Testing and Validation,Corrective,Low,4,4,"5,0",Minutes,"0,0",Minutes,"Electrician, Mecanician, Inspector Junior, Inspector Senior",10.0,,,,,,In service,Asset Description 129,Bad,Avenue de la Renaissance,40.0,1000.0,Brussels,Brussels,Customer 52,1,5
1113,To do,Corrective-Low-5,Documentation and Reporting,Corrective,Low,5,4,"5,0",Minutes,"0,0",Minutes,"Electrician, Mecanician, Inspector Junior, Inspector Senior",11.0,,,,,,In service,Asset Description 129,Bad,Avenue de la Renaissance,40.0,1000.0,Brussels,Brussels,Customer 52,1,5
1114,To do,Corrective-Low-6,Post-Maintenance Adjustments,Corrective,Low,6,4,"5,0",Minutes,"0,0",Minutes,"Electrician, Mecanician, Inspector Junior, Inspector Senior",12.0,,,,,,In service,Asset Description 129,Bad,Avenue de la Renaissance,40.0,1000.0,Brussels,Brussels,Customer 52,1,5
1115,To do,Corrective-Low-7,System Cleanup and Safety Checks,Corrective,Low,7,4,"10,0",Minutes,"0,0",Minutes,"Electrician, Mecanician, Inspector Junior, Inspector Senior",13.0,,,,,,In service,Asset Description 129,Bad,Avenue de la Renaissance,40.0,1000.0,Brussels,Brussels,Customer 52,1,10
1116,To do,Corrective-Low-1,Diagnostics and Troubleshooting,Corrective,Low,1,4,"30,0",Minutes,"0,0",Minutes,"Electrician, Mecanician, Inspector Junior, Inspector Senior",,,,,,,In service,Asset Description 130,Good,Bruul,130.0,2800.0,Mechelen,Flanders,Customer 53,1,30
1117,To do,Corrective-Low-2,Component Repair and Replacement,Corrective,Low,2,4,"1,0",Hours,"0,0",Minutes,"Electrician, Mecanician, Inspector Junior, Inspector Senior",8.0,,,,,,In service,Asset Description 130,Good,Bruul,130.0,2800.0,Mechelen,Flanders,Customer 53,1,60
1118,To do,Corrective-Low-3,Control System Checks,Corrective,Low,3,4,"5,0",Minutes,"0,0",Minutes,"Electrician, Mecanician, Inspector Junior, Inspector Senior",9.0,,,,,,In service,Asset Description 130,Good,Bruul,130.0,2800.0,Mechelen,Flanders,Customer 53,1,5
1119,To do,Corrective-Low-4,Testing and Validation,Corrective,Low,4,4,"5,0",Minutes,"0,0",Minutes,"Electrician, Mecanician, Inspector Junior, Inspector Senior",10.0,,,,,,In service,Asset Description 130,Good,Bruul,130.0,2800.0,Mechelen,Flanders,Customer 53,1,5
1120,To do,Corrective-Low-5,Documentation and Reporting,Corrective,Low,5,4,"5,0",Minutes,"0,0",Minutes,"Electrician, Mecanician, Inspector Junior, Inspector Senior",11.0,,,,,,In service,Asset Description 130,Good,Bruul,130.0,2800.0,Mechelen,Flanders,Customer 53,1,5
1121,To do,Corrective-Low-6,Post-Maintenance Adjustments,Corrective,Low,6,4,"5,0",Minutes,"0,0",Minutes,"Electrician, Mecanician, Inspector Junior, Inspector Senior",12.0,,,,,,In service,Asset Description 130,Good,Bruul,130.0,2800.0,Mechelen,Flanders,Customer 53,1,5
1122,To do,Corrective-Low-7,System Cleanup and Safety Checks,Corrective,Low,7,4,"10,0",Minutes,"0,0",Minutes,"Electrician, Mecanician, Inspector Junior, Inspector Senior",13.0,,,,,,In service,Asset Description 130,Good,Bruul,130.0,2800.0,Mechelen,Flanders,Customer 53,1,10
1123,To do,Corrective-Low-1,Diagnostics and Troubleshooting,Corrective,Low,1,4,"30,0",Minutes,"0,0",Minutes,"Electrician, Mecanician, Inspector Junior, Inspector Senior",,,,,,,In service,Asset Description 131,Good,Veldstraat,135.0,9000.0,Ghent,Flanders,Customer 54,1,30
1124,To do,Corrective-Low-2,Component Repair and Replacement,Corrective,Low,2,4,"1,0",Hours,"0,0",Minutes,"Electrician, Mecanician, Inspector Junior, Inspector Senior",8.0,,,,,,In service,Asset Description 131,Good,Veldstraat,135.0,9000.0,Ghent,Flanders,Customer 54,1,60
1125,To do,Corrective-Low-3,Control System Checks,Corrective,Low,3,4,"5,0",Minutes,"0,0",Minutes,"Electrician, Mecanician, Inspector Junior, Inspector Senior",9.0,,,,,,In service,Asset Description 131,Good,Veldstraat,135.0,9000.0,Ghent,Flanders,Customer 54,1,5
1126,To do,Corrective-Low-4,Testing and Validation,Corrective,Low,4,4,"5,0",Minutes,"0,0",Minutes,"Electrician, Mecanician, Inspector Junior, Inspector Senior",10.0,,,,,,In service,Asset Description 131,Good,Veldstraat,135.0,9000.0,Ghent,Flanders,Customer 54,1,5
1127,To do,Corrective-Low-5,Documentation and Reporting,Corrective,Low,5,4,"5,0",Minutes,"0,0",Minutes,"Electrician, Mecanician, Inspector Junior, Inspector Senior",11.0,,,,,,In service,Asset Description 131,Good,Veldstraat,135.0,9000.0,Ghent,Flanders,Customer 54,1,5
1128,To do,Corrective-Low-6,Post-Maintenance Adjustments,Corrective,Low,6,4,"5,0",Minutes,"0,0",Minutes,"Electrician, Mecanician, Inspector Junior, Inspector Senior",12.0,,,,,,In service,Asset Description 131,Good,Veldstraat,135.0,9000.0,Ghent,Flanders,Customer 54,1,5
1129,To do,Corrective-Low-7,System Cleanup and Safety Checks,Corrective,Low,7,4,"10,0",Minutes,"0,0",Minutes,"Electrician, Mecanician, Inspector Junior, Inspector Senior",13.0,,,,,,In service,Asset Description 131,Good,Veldstraat,135.0,9000.0,Ghent,Flanders,Customer 54,1,10
1130,To do,Corrective-Low-1,Diagnostics and Troubleshooting,Corrective,Low,1,4,"30,0",Minutes,"0,0",Minutes,"Electrician, Mecanician, Inspector Junior, Inspector Senior",,,,,,,In service,Asset Description 132,Good,Meir,140.0,2000.0,Antwerpen,Flanders,Customer 55,1,30
1131,To do,Corrective-Low-2,Component Repair and Replacement,Corrective,Low,2,4,"1,0",Hours,"0,0",Minutes,"Electrician, Mecanician, Inspector Junior, Inspector Senior",8.0,,,,,,In service,Asset Description 132,Good,Meir,140.0,2000.0,Antwerpen,Flanders,Customer 55,1,60
1132,To do,Corrective-Low-3,Control System Checks,Corrective,Low,3,4,"5,0",Minutes,"0,0",Minutes,"Electrician, Mecanician, Inspector Junior, Inspector Senior",9.0,,,,,,In service,Asset Description 132,Good,Meir,140.0,2000.0,Antwerpen,Flanders,Customer 55,1,5
1133,To do,Corrective-Low-4,Testing and Validation,Corrective,Low,4,4,"5,0",Minutes,"0,0",Minutes,"Electrician, Mecanician, Inspector Junior, Inspector Senior",10.0,,,,,,In service,Asset Description 132,Good,Meir,140.0,2000.0,Antwerpen,Flanders,Customer 55,1,5
1134,To do,Corrective-Low-5,Documentation and Reporting,Corrective,Low,5,4,"5,0",Minutes,"0,0",Minutes,"Electrician, Mecanician, Inspector Junior, Inspector Senior",11.0,,,,,,In service,Asset Description 132,Good,Meir,140.0,2000.0,Antwerpen,Flanders,Customer 55,1,5
1135,To do,Corrective-Low-6,Post-Maintenance Adjustments,Corrective,Low,6,4,"5,0",Minutes,"0,0",Minutes,"Electrician, Mecanician, Inspector Junior, Inspector Senior",12.0,,,,,,In service,Asset Description 132,Good,Meir,140.0,2000.0,Antwerpen,Flanders,Customer 55,1,5
1136,To do,Corrective-Low-7,System Cleanup and Safety Checks,Corrective,Low,7,4,"10,0",Minutes,"0,0",Minutes,"Electrician, Mecanician, Inspector Junior, Inspector Senior",13.0,,,,,,In service,Asset Description 132,Good,Meir,140.0,2000.0,Antwerpen,Flanders,Customer 55,1,10
1137,To do,Corrective-Low-1,Diagnostics and Troubleshooting,Corrective,Low,1,4,"30,0",Minutes,"0,0",Minutes,"Electrician, Mecanician, Inspector Junior, Inspector Senior",,,,,,,In service,Asset Description 133,Bad,Steenstraat,145.0,8000.0,Bruges,Flanders,Customer 56,1,30
1138,To do,Corrective-Low-2,Component Repair and Replacement,Corrective,Low,2,4,"1,0",Hours,"0,0",Minutes,"Electrician, Mecanician, Inspector Junior, Inspector Senior",8.0,,,,,,In service,Asset Description 133,Bad,Steenstraat,145.0,8000.0,Bruges,Flanders,Customer 56,1,60
1139,To do,Corrective-Low-3,Control System Checks,Corrective,Low,3,4,"5,0",Minutes,"0,0",Minutes,"Electrician, Mecanician, Inspector Junior, Inspector Senior",9.0,,,,,,In service,Asset Description 133,Bad,Steenstraat,145.0,8000.0,Bruges,Flanders,Customer 56,1,5
1140,To do,Corrective-Low-4,Testing and Validation,Corrective,Low,4,4,"5,0",Minutes,"0,0",Minutes,"Electrician, Mecanician, Inspector Junior, Inspector Senior",10.0,,,,,,In service,Asset Description 133,Bad,Steenstraat,145.0,8000.0,Bruges,Flanders,Customer 56,1,5
1141,To do,Corrective-Low-5,Documentation and Reporting,Corrective,Low,5,4,"5,0",Minutes,"0,0",Minutes,"Electrician, Mecanician, Inspector Junior, Inspector Senior",11.0,,,,,,In service,Asset Description 133,Bad,Steenstraat,145.0,8000.0,Bruges,Flanders,Customer 56,1,5
1142,To do,Corrective-Low-6,Post-Maintenance Adjustments,Corrective,Low,6,4,"5,0",Minutes,"0,0",Minutes,"Electrician, Mecanician, Inspector Junior, Inspector Senior",12.0,,,,,,In service,Asset Description 133,Bad,Steenstraat,145.0,8000.0,Bruges,Flanders,Customer 56,1,5
1143,To do,Corrective-Low-7,System Cleanup and Safety Checks,Corrective,Low,7,4,"10,0",Minutes,"0,0",Minutes,"Electrician, Mecanician, Inspector Junior, Inspector Senior",13.0,,,,,,In service,Asset Description 133,Bad,Steenstraat,145.0,8000.0,Bruges,Flanders,Customer 56,1,10
1144,To do,Corrective-Low-1,Diagnostics and Troubleshooting,Corrective,Low,1,4,"30,0",Minutes,"0,0",Minutes,"Electrician, Mecanician, Inspector Junior, Inspector Senior",,,,,,,In service,Asset Description 134,Adequate,Bondgenotenlaan,150.0,3000.0,Leuven,Flanders,Customer 57,1,30
1145,To do,Corrective-Low-2,Component Repair and Replacement,Corrective,Low,2,4,"1,0",Hours,"0,0",Minutes,"Electrician, Mecanician, Inspector Junior, Inspector Senior",8.0,,,,,,In service,Asset Description 134,Adequate,Bondgenotenlaan,150.0,3000.0,Leuven,Flanders,Customer 57,1,60
1146,To do,Corrective-Low-3,Control System Checks,Corrective,Low,3,4,"5,0",Minutes,"0,0",Minutes,"Electrician, Mecanician, Inspector Junior, Inspector Senior",9.0,,,,,,In service,Asset Description 134,Adequate,Bondgenotenlaan,150.0,3000.0,Leuven,Flanders,Customer 57,1,5
1147,To do,Corrective-Low-4,Testing and Validation,Corrective,Low,4,4,"5,0",Minutes,"0,0",Minutes,"Electrician, Mecanician, Inspector Junior, Inspector Senior",10.0,,,,,,In service,Asset Description 134,Adequate,Bondgenotenlaan,150.0,3000.0,Leuven,Flanders,Customer 57,1,5
1148,To do,Corrective-Low-5,Documentation and Reporting,Corrective,Low,5,4,"5,0",Minutes,"0,0",Minutes,"Electrician, Mecanician, Inspector Junior, Inspector Senior",11.0,,,,,,In service,Asset Description 134,Adequate,Bondgenotenlaan,150.0,3000.0,Leuven,Flanders,Customer 57,1,5
1149,To do,Corrective-Low-6,Post-Maintenance Adjustments,Corrective,Low,6,4,"5,0",Minutes,"0,0",Minutes,"Electrician, Mecanician, Inspector Junior, Inspector Senior",12.0,,,,,,In service,Asset Description 134,Adequate,Bondgenotenlaan,150.0,3000.0,Leuven,Flanders,Customer 57,1,5
1150,To do,Corrective-Low-7,System Cleanup and Safety Checks,Corrective,Low,7,4,"10,0",Minutes,"0,0",Minutes,"Electrician, Mecanician, Inspector Junior, Inspector Senior",13.0,,,,,,In service,Asset Description 134,Adequate,Bondgenotenlaan,150.0,3000.0,Leuven,Flanders,Customer 57,1,10
1151,To do,Corrective-Low-1,Diagnostics and Troubleshooting,Corrective,Low,1,4,"30,0",Minutes,"0,0",Minutes,"Electrician, Mecanician, Inspector Junior, Inspector Senior",,,,,,,In service,Asset Description 135,Bad,Onze-Lieve-Vrouwestraat,155.0,2800.0,Mechelen,Flanders,Customer 58,1,30
1152,To do,Corrective-Low-2,Component Repair and Replacement,Corrective,Low,2,4,"1,0",Hours,"0,0",Minutes,"Electrician, Mecanician, Inspector Junior, Inspector Senior",8.0,,,,,,In service,Asset Description 135,Bad,Onze-Lieve-Vrouwestraat,155.0,2800.0,Mechelen,Flanders,Customer 58,1,60
1153,To do,Corrective-Low-3,Control System Checks,Corrective,Low,3,4,"5,0",Minutes,"0,0",Minutes,"Electrician, Mecanician, Inspector Junior, Inspector Senior",9.0,,,,,,In service,Asset Description 135,Bad,Onze-Lieve-Vrouwestraat,155.0,2800.0,Mechelen,Flanders,Customer 58,1,5
1154,To do,Corrective-Low-4,Testing and Validation,Corrective,Low,4,4,"5,0",Minutes,"0,0",Minutes,"Electrician, Mecanician, Inspector Junior, Inspector Senior",10.0,,,,,,In service,Asset Description 135,Bad,Onze-Lieve-Vrouwestraat,155.0,2800.0,Mechelen,Flanders,Customer 58,1,5
1155,To do,Corrective-Low-5,Documentation and Reporting,Corrective,Low,5,4,"5,0",Minutes,"0,0",Minutes,"Electrician, Mecanician, Inspector Junior, Inspector Senior",11.0,,,,,,In service,Asset Description 135,Bad,Onze-Lieve-Vrouwestraat,155.0,2800.0,Mechelen,Flanders,Customer 58,1,5
1156,To do,Corrective-Low-6,Post-Maintenance Adjustments,Corrective,Low,6,4,"5,0",Minutes,"0,0",Minutes,"Electrician, Mecanician, Inspector Junior, Inspector Senior",12.0,,,,,,In service,Asset Description 135,Bad,Onze-Lieve-Vrouwestraat,155.0,2800.0,Mechelen,Flanders,Customer 58,1,5
1157,To do,Corrective-Low-7,System Cleanup and Safety Checks,Corrective,Low,7,4,"10,0",Minutes,"0,0",Minutes,"Electrician, Mecanician, Inspector Junior, Inspector Senior",13.0,,,,,,In service,Asset Description 135,Bad,Onze-Lieve-Vrouwestraat,155.0,2800.0,Mechelen,Flanders,Customer 58,1,10
1160,To do,Corrective-Low-1,Diagnostics and Troubleshooting,Corrective,Low,1,4,"30,0",Minutes,"0,0",Minutes,"Electrician, Mecanician, Inspector Junior, Inspector Senior",,,,,,,In service,Asset Description 136,Adequate,Vlaanderenstraat,160.0,9000.0,Ghent,Flanders,Customer 59,1,30
1161,To do,Corrective-Low-2,Component Repair and Replacement,Corrective,Low,2,4,"1,0",Hours,"0,0",Minutes,"Electrician, Mecanician, Inspector Junior, Inspector Senior",8.0,,,,,,In service,Asset Description 136,Adequate,Vlaanderenstraat,160.0,9000.0,Ghent,Flanders,Customer 59,1,60
1162,To do,Corrective-Low-3,Control System Checks,Corrective,Low,3,4,"5,0",Minutes,"0,0",Minutes,"Electrician, Mecanician, Inspector Junior, Inspector Senior",9.0,,,,,,In service,Asset Description 136,Adequate,Vlaanderenstraat,160.0,9000.0,Ghent,Flanders,Customer 59,1,5
1163,To do,Corrective-Low-4,Testing and Validation,Corrective,Low,4,4,"5,0",Minutes,"0,0",Minutes,"Electrician, Mecanician, Inspector Junior, Inspector Senior",10.0,,,,,,In service,Asset Description 136,Adequate,Vlaanderenstraat,160.0,9000.0,Ghent,Flanders,Customer 59,1,5
1164,To do,Corrective-Low-5,Documentation and Reporting,Corrective,Low,5,4,"5,0",Minutes,"0,0",Minutes,"Electrician, Mecanician, Inspector Junior, Inspector Senior",11.0,,,,,,In service,Asset Description 136,Adequate,Vlaanderenstraat,160.0,9000.0,Ghent,Flanders,Customer 59,1,5
1165,To do,Corrective-Low-6,Post-Maintenance Adjustments,Corrective,Low,6,4,"5,0",Minutes,"0,0",Minutes,"Electrician, Mecanician, Inspector Junior, Inspector Senior",12.0,,,,,,In service,Asset Description 136,Adequate,Vlaanderenstraat,160.0,9000.0,Ghent,Flanders,Customer 59,1,5
1166,To do,Corrective-Low-7,System Cleanup and Safety Checks,Corrective,Low,7,4,"10,0",Minutes,"0,0",Minutes,"Electrician, Mecanician, Inspector Junior, Inspector Senior",13.0,,,,,,In service,Asset Description 136,Adequate,Vlaanderenstraat,160.0,9000.0,Ghent,Flanders,Customer 59,1,10
1167,To do,Corrective-Low-1,Diagnostics and Troubleshooting,Corrective,Low,1,4,"30,0",Minutes,"0,0",Minutes,"Electrician, Mecanician, Inspector Junior, Inspector Senior",,,,,,,In service,Asset Description 137,Bad,Hoogstraat,165.0,2000.0,Antwerpen,Flanders,Customer 60,1,30
1168,To do,Corrective-Low-2,Component Repair and Replacement,Corrective,Low,2,4,"1,0",Hours,"0,0",Minutes,"Electrician, Mecanician, Inspector Junior, Inspector Senior",8.0,,,,,,In service,Asset Description 137,Bad,Hoogstraat,165.0,2000.0,Antwerpen,Flanders,Customer 60,1,60
1169,To do,Corrective-Low-3,Control System Checks,Corrective,Low,3,4,"5,0",Minutes,"0,0",Minutes,"Electrician, Mecanician, Inspector Junior, Inspector Senior",9.0,,,,,,In service,Asset Description 137,Bad,Hoogstraat,165.0,2000.0,Antwerpen,Flanders,Customer 60,1,5
1170,To do,Corrective-Low-4,Testing and Validation,Corrective,Low,4,4,"5,0",Minutes,"0,0",Minutes,"Electrician, Mecanician, Inspector Junior, Inspector Senior",10.0,,,,,,In service,Asset Description 137,Bad,Hoogstraat,165.0,2000.0,Antwerpen,Flanders,Customer 60,1,5
1171,To do,Corrective-Low-5,Documentation and Reporting,Corrective,Low,5,4,"5,0",Minutes,"0,0",Minutes,"Electrician, Mecanician, Inspector Junior, Inspector Senior",11.0,,,,,,In service,Asset Description 137,Bad,Hoogstraat,165.0,2000.0,Antwerpen,Flanders,Customer 60,1,5
1172,To do,Corrective-Low-6,Post-Maintenance Adjustments,Corrective,Low,6,4,"5,0",Minutes,"0,0",Minutes,"Electrician, Mecanician, Inspector Junior, Inspector Senior",12.0,,,,,,In service,Asset Description 137,Bad,Hoogstraat,165.0,2000.0,Antwerpen,Flanders,Customer 60,1,5
1173,To do,Corrective-Low-7,System Cleanup and Safety Checks,Corrective,Low,7,4,"10,0",Minutes,"0,0",Minutes,"Electrician, Mecanician, Inspector Junior, Inspector Senior",13.0,,,,,,In service,Asset Description 137,Bad,Hoogstraat,165.0,2000.0,Antwerpen,Flanders,Customer 60,1,10
1174,To do,Corrective-Low-1,Diagnostics and Troubleshooting,Corrective,Low,1,4,"30,0",Minutes,"0,0",Minutes,"Electrician, Mecanician, Inspector Junior, Inspector Senior",,,,,,,In service,Asset Description 138,Good,Langestraat,170.0,8000.0,Bruges,Flanders,Customer 61,1,30
1175,To do,Corrective-Low-2,Component Repair and Replacement,Corrective,Low,2,4,"1,0",Hours,"0,0",Minutes,"Electrician, Mecanician, Inspector Junior, Inspector Senior",8.0,,,,,,In service,Asset Description 138,Good,Langestraat,170.0,8000.0,Bruges,Flanders,Customer 61,1,60
1176,To do,Corrective-Low-3,Control System Checks,Corrective,Low,3,4,"5,0",Minutes,"0,0",Minutes,"Electrician, Mecanician, Inspector Junior, Inspector Senior",9.0,,,,,,In service,Asset Description 138,Good,Langestraat,170.0,8000.0,Bruges,Flanders,Customer 61,1,5
1177,To do,Corrective-Low-4,Testing and Validation,Corrective,Low,4,4,"5,0",Minutes,"0,0",Minutes,"Electrician, Mecanician, Inspector Junior, Inspector Senior",10.0,,,,,,In service,Asset Description 138,Good,Langestraat,170.0,8000.0,Bruges,Flanders,Customer 61,1,5
1178,To do,Corrective-Low-5,Documentation and Reporting,Corrective,Low,5,4,"5,0",Minutes,"0,0",Minutes,"Electrician, Mecanician, Inspector Junior, Inspector Senior",11.0,,,,,,In service,Asset Description 138,Good,Langestraat,170.0,8000.0,Bruges,Flanders,Customer 61,1,5
1179,To do,Corrective-Low-6,Post-Maintenance Adjustments,Corrective,Low,6,4,"5,0",Minutes,"0,0",Minutes,"Electrician, Mecanician, Inspector Junior, Inspector Senior",12.0,,,,,,In service,Asset Description 138,Good,Langestraat,170.0,8000.0,Bruges,Flanders,Customer 61,1,5
1180,To do,Corrective-Low-7,System Cleanup and Safety Checks,Corrective,Low,7,4,"10,0",Minutes,"0,0",Minutes,"Electrician, Mecanician, Inspector Junior, Inspector Senior",13.0,,,,,,In service,Asset Description 138,Good,Langestraat,170.0,8000.0,Bruges,Flanders,Customer 61,1,10
1181,To do,Corrective-Low-1,Diagnostics and Troubleshooting,Corrective,Low,1,4,"30,0",Minutes,"0,0",Minutes,"Electrician, Mecanician, Inspector Junior, Inspector Senior",,,,,,,In service,Asset Description 139,Good,Naamsestraat,175.0,3000.0,Leuven,Flanders,Customer 62,1,30
1182,To do,Corrective-Low-2,Component Repair and Replacement,Corrective,Low,2,4,"1,0",Hours,"0,0",Minutes,"Electrician, Mecanician, Inspector Junior, Inspector Senior",8.0,,,,,,In service,Asset Description 139,Good,Naamsestraat,175.0,3000.0,Leuven,Flanders,Customer 62,1,60
1183,To do,Corrective-Low-3,Control System Checks,Corrective,Low,3,4,"5,0",Minutes,"0,0",Minutes,"Electrician, Mecanician, Inspector Junior, Inspector Senior",9.0,,,,,,In service,Asset Description 139,Good,Naamsestraat,175.0,3000.0,Leuven,Flanders,Customer 62,1,5
1184,To do,Corrective-Low-4,Testing and Validation,Corrective,Low,4,4,"5,0",Minutes,"0,0",Minutes,"Electrician, Mecanician, Inspector Junior, Inspector Senior",10.0,,,,,,In service,Asset Description 139,Good,Naamsestraat,175.0,3000.0,Leuven,Flanders,Customer 62,1,5
1185,To do,Corrective-Low-5,Documentation and Reporting,Corrective,Low,5,4,"5,0",Minutes,"0,0",Minutes,"Electrician, Mecanician, Inspector Junior, Inspector Senior",11.0,,,,,,In service,Asset Description 139,Good,Naamsestraat,175.0,3000.0,Leuven,Flanders,Customer 62,1,5
1186,To do,Corrective-Low-6,Post-Maintenance Adjustments,Corrective,Low,6,4,"5,0",Minutes,"0,0",Minutes,"Electrician, Mecanician, Inspector Junior, Inspector Senior",12.0,,,,,,In service,Asset Description 139,Good,Naamsestraat,175.0,3000.0,Leuven,Flanders,Customer 62,1,5
1187,To do,Corrective-Low-7,System Cleanup and Safety Checks,Corrective,Low,7,4,"10,0",Minutes,"0,0",Minutes,"Electrician, Mecanician, Inspector Junior, Inspector Senior",13.0,,,,,,In service,Asset Description 139,Good,Naamsestraat,175.0,3000.0,Leuven,Flanders,Customer 62,1,10
1188,To do,Corrective-Low-1,Diagnostics and Troubleshooting,Corrective,Low,1,4,"30,0",Minutes,"0,0",Minutes,"Electrician, Mecanician, Inspector Junior, Inspector Senior",,,,,,,In service,Asset Description 140,Good,Rue de la Science,14.0,7000.0,Mons,Wallonia,Customer 40,1,30
1189,To do,Corrective-Low-2,Component Repair and Replacement,Corrective,Low,2,4,"1,0",Hours,"0,0",Minutes,"Electrician, Mecanician, Inspector Junior, Inspector Senior",8.0,,,,,,In service,Asset Description 140,Good,Rue de la Science,14.0,7000.0,Mons,Wallonia,Customer 40,1,60
1190,To do,Corrective-Low-3,Control System Checks,Corrective,Low,3,4,"5,0",Minutes,"0,0",Minutes,"Electrician, Mecanician, Inspector Junior, Inspector Senior",9.0,,,,,,In service,Asset Description 140,Good,Rue de la Science,14.0,7000.0,Mons,Wallonia,Customer 40,1,5
1191,To do,Corrective-Low-4,Testing and Validation,Corrective,Low,4,4,"5,0",Minutes,"0,0",Minutes,"Electrician, Mecanician, Inspector Junior, Inspector Senior",10.0,,,,,,In service,Asset Description 140,Good,Rue de la Science,14.0,7000.0,Mons,Wallonia,Customer 40,1,5
1192,To do,Corrective-Low-5,Documentation and Reporting,Corrective,Low,5,4,"5,0",Minutes,"0,0",Minutes,"Electrician, Mecanician, Inspector Junior, Inspector Senior",11.0,,,,,,In service,Asset Description 140,Good,Rue de la Science,14.0,7000.0,Mons,Wallonia,Customer 40,1,5
1193,To do,Corrective-Low-6,Post-Maintenance Adjustments,Corrective,Low,6,4,"5,0",Minutes,"0,0",Minutes,"Electrician, Mecanician, Inspector Junior, Inspector Senior",12.0,,,,,,In service,Asset Description 140,Good,Rue de la Science,14.0,7000.0,Mons,Wallonia,Customer 40,1,5
1194,To do,Corrective-Low-7,System Cleanup and Safety Checks,Corrective,Low,7,4,"10,0",Minutes,"0,0",Minutes,"Electrician, Mecanician, Inspector Junior, Inspector Senior",13.0,,,,,,In service,Asset Description 140,Good,Rue de la Science,14.0,7000.0,Mons,Wallonia,Customer 40,1,10
1195,To do,Corrective-Low-1,Diagnostics and Troubleshooting,Corrective,Low,1,4,"30,0",Minutes,"0,0",Minutes,"Electrician, Mecanician, Inspector Junior, Inspector Senior",,,,,,,In service,Asset Description 141,Good,Rue Belliard,99.0,4000.0,Liège,Wallonia,Customer 3,1,30
1196,To do,Corrective-Low-2,Component Repair and Replacement,Corrective,Low,2,4,"1,0",Hours,"0,0",Minutes,"Electrician, Mecanician, Inspector Junior, Inspector Senior",8.0,,,,,,In service,Asset Description 141,Good,Rue Belliard,99.0,4000.0,Liège,Wallonia,Customer 3,1,60
1197,To do,Corrective-Low-3,Control System Checks,Corrective,Low,3,4,"5,0",Minutes,"0,0",Minutes,"Electrician, Mecanician, Inspector Junior, Inspector Senior",9.0,,,,,,In service,Asset Description 141,Good,Rue Belliard,99.0,4000.0,Liège,Wallonia,Customer 3,1,5
1198,To do,Corrective-Low-4,Testing and Validation,Corrective,Low,4,4,"5,0",Minutes,"0,0",Minutes,"Electrician, Mecanician, Inspector Junior, Inspector Senior",10.0,,,,,,In service,Asset Description 141,Good,Rue Belliard,99.0,4000.0,Liège,Wallonia,Customer 3,1,5
1199,To do,Corrective-Low-5,Documentation and Reporting,Corrective,Low,5,4,"5,0",Minutes,"0,0",Minutes,"Electrician, Mecanician, Inspector Junior, Inspector Senior",11.0,,,,,,In service,Asset Description 141,Good,Rue Belliard,99.0,4000.0,Liège,Wallonia,Customer 3,1,5
1200,To do,Corrective-Low-6,Post-Maintenance Adjustments,Corrective,Low,6,4,"5,0",Minutes,"0,0",Minutes,"Electrician, Mecanician, Inspector Junior, Inspector Senior",12.0,,,,,,In service,Asset Description 141,Good,Rue Belliard,99.0,4000.0,Liège,Wallonia,Customer 3,1,5
1201,To do,Corrective-Low-7,System Cleanup and Safety Checks,Corrective,Low,7,4,"10,0",Minutes,"0,0",Minutes,"Electrician, Mecanician, Inspector Junior, Inspector Senior",13.0,,,,,,In service,Asset Description 141,Good,Rue Belliard,99.0,4000.0,Liège,Wallonia,Customer 3,1,10
1257,To do,Preventive-monthly-1,Safety Systems Check,Preventive,monthly,1,3,"30,0",Minutes,"0,0",Minutes,"Inspector Junior, Inspector Senior",,4/11/2024,8/11/2024,,,,In service,Asset Description 143,Good,Rue de la Loi,200.0,6000.0,Charleroi,Wallonia,Customer 5,0,30
1258,To do,Preventive-monthly-2,Structural and Mechanical Inspection,Preventive,monthly,2,3,"30,0",Minutes,"0,0",Minutes,"Inspector Junior, Inspector Senior",15.0,4/11/2024,8/11/2024,,,,In service,Asset Description 143,Good,Rue de la Loi,200.0,6000.0,Charleroi,Wallonia,Customer 5,0,30
1259,To do,Preventive-monthly-3,Electrical and Control Systems Examination,Preventive,monthly,3,3,"30,0",Minutes,"0,0",Minutes,"Inspector Junior, Inspector Senior",16.0,4/11/2024,8/11/2024,,,,In service,Asset Description 143,Good,Rue de la Loi,200.0,6000.0,Charleroi,Wallonia,Customer 5,0,30
1260,To do,Preventive-monthly-4,Performance and Load Testing,Preventive,monthly,4,3,"50,0",Minutes,"0,0",Minutes,"Inspector Junior, Inspector Senior",17.0,4/11/2024,8/11/2024,,,,In service,Asset Description 143,Good,Rue de la Loi,200.0,6000.0,Charleroi,Wallonia,Customer 5,0,50
1261,To do,Preventive-monthly-5,Documentation and Compliance Verification,Preventive,monthly,5,3,"10,0",Minutes,"0,0",Minutes,"Inspector Junior, Inspector Senior",18.0,4/11/2024,8/11/2024,,,,In service,Asset Description 143,Good,Rue de la Loi,200.0,6000.0,Charleroi,Wallonia,Customer 5,0,10
1252,To do,Preventive-monthly-1,Safety Systems Check,Preventive,monthly,1,3,"30,0",Minutes,"0,0",Minutes,"Inspector Junior, Inspector Senior",,4/11/2024,8/11/2024,,,,In service,Asset Description 144,Good,Av. Baudouin de Constantinople,5.0,7000.0,Mons,Wallonia,Customer 44,0,30
1253,To do,Preventive-monthly-2,Structural and Mechanical Inspection,Preventive,monthly,2,3,"30,0",Minutes,"0,0",Minutes,"Inspector Junior, Inspector Senior",15.0,4/11/2024,8/11/2024,,,,In service,Asset Description 144,Good,Av. Baudouin de Constantinople,5.0,7000.0,Mons,Wallonia,Customer 44,0,30
1254,To do,Preventive-monthly-3,Electrical and Control Systems Examination,Preventive,monthly,3,3,"30,0",Minutes,"0,0",Minutes,"Inspector Junior, Inspector Senior",16.0,4/11/2024,8/11/2024,,,,In service,Asset Description 144,Good,Av. Baudouin de Constantinople,5.0,7000.0,Mons,Wallonia,Customer 44,0,30
1255,To do,Preventive-monthly-4,Performance and Load Testing,Preventive,monthly,4,3,"50,0",Minutes,"0,0",Minutes,"Inspector Junior, Inspector Senior",17.0,4/11/2024,8/11/2024,,,,In service,Asset Description 144,Good,Av. Baudouin de Constantinople,5.0,7000.0,Mons,Wallonia,Customer 44,0,50
1256,To do,Preventive-monthly-5,Documentation and Compliance Verification,Preventive,monthly,5,3,"10,0",Minutes,"0,0",Minutes,"Inspector Junior, Inspector Senior",18.0,4/11/2024,8/11/2024,,,,In service,Asset Description 144,Good,Av. Baudouin de Constantinople,5.0,7000.0,Mons,Wallonia,Customer 44,0,10
1247,To do,Preventive-monthly-1,Safety Systems Check,Preventive,monthly,1,3,"30,0",Minutes,"0,0",Minutes,"Inspector Junior, Inspector Senior",,11/11/2024,15/11/2024,,,,In service,Asset Description 145,Good,Rue de la Science,14.0,4000.0,Liège,Wallonia,Customer 45,0,30
1248,To do,Preventive-monthly-2,Structural and Mechanical Inspection,Preventive,monthly,2,3,"30,0",Minutes,"0,0",Minutes,"Inspector Junior, Inspector Senior",15.0,11/11/2024,15/11/2024,,,,In service,Asset Description 145,Good,Rue de la Science,14.0,4000.0,Liège,Wallonia,Customer 45,0,30
1249,To do,Preventive-monthly-3,Electrical and Control Systems Examination,Preventive,monthly,3,3,"30,0",Minutes,"0,0",Minutes,"Inspector Junior, Inspector Senior",16.0,11/11/2024,15/11/2024,,,,In service,Asset Description 145,Good,Rue de la Science,14.0,4000.0,Liège,Wallonia,Customer 45,0,30
1250,To do,Preventive-monthly-4,Performance and Load Testing,Preventive,monthly,4,3,"50,0",Minutes,"0,0",Minutes,"Inspector Junior, Inspector Senior",17.0,11/11/2024,15/11/2024,,,,In service,Asset Description 145,Good,Rue de la Science,14.0,4000.0,Liège,Wallonia,Customer 45,0,50
1251,To do,Preventive-monthly-5,Documentation and Compliance Verification,Preventive,monthly,5,3,"10,0",Minutes,"0,0",Minutes,"Inspector Junior, Inspector Senior",18.0,11/11/2024,15/11/2024,,,,In service,Asset Description 145,Good,Rue de la Science,14.0,4000.0,Liège,Wallonia,Customer 45,0,10
1242,To do,Preventive-monthly-1,Safety Systems Check,Preventive,monthly,1,3,"30,0",Minutes,"0,0",Minutes,"Inspector Junior, Inspector Senior",,4/11/2024,8/11/2024,,,,In service,Asset Description 146,Good,Rue Belliard,99.0,5000.0,Namur,Wallonia,Customer 56,0,30
1243,To do,Preventive-monthly-2,Structural and Mechanical Inspection,Preventive,monthly,2,3,"30,0",Minutes,"0,0",Minutes,"Inspector Junior, Inspector Senior",15.0,4/11/2024,8/11/2024,,,,In service,Asset Description 146,Good,Rue Belliard,99.0,5000.0,Namur,Wallonia,Customer 56,0,30
1244,To do,Preventive-monthly-3,Electrical and Control Systems Examination,Preventive,monthly,3,3,"30,0",Minutes,"0,0",Minutes,"Inspector Junior, Inspector Senior",16.0,4/11/2024,8/11/2024,,,,In service,Asset Description 146,Good,Rue Belliard,99.0,5000.0,Namur,Wallonia,Customer 56,0,30
1245,To do,Preventive-monthly-4,Performance and Load Testing,Preventive,monthly,4,3,"50,0",Minutes,"0,0",Minutes,"Inspector Junior, Inspector Senior",17.0,4/11/2024,8/11/2024,,,,In service,Asset Description 146,Good,Rue Belliard,99.0,5000.0,Namur,Wallonia,Customer 56,0,50
1246,To do,Preventive-monthly-5,Documentation and Compliance Verification,Preventive,monthly,5,3,"10,0",Minutes,"0,0",Minutes,"Inspector Junior, Inspector Senior",18.0,4/11/2024,8/11/2024,,,,In service,Asset Description 146,Good,Rue Belliard,99.0,5000.0,Namur,Wallonia,Customer 56,0,10
1237,To do,Preventive-monthly-1,Safety Systems Check,Preventive,monthly,1,3,"30,0",Minutes,"0,0",Minutes,"Inspector Junior, Inspector Senior",,4/11/2024,8/11/2024,,,,,,,,,,,,,0,30
1238,To do,Preventive-monthly-2,Structural and Mechanical Inspection,Preventive,monthly,2,3,"30,0",Minutes,"0,0",Minutes,"Inspector Junior, Inspector Senior",15.0,4/11/2024,8/11/2024,,,,,,,,,,,,,0,30
1239,To do,Preventive-monthly-3,Electrical and Control Systems Examination,Preventive,monthly,3,3,"30,0",Minutes,"0,0",Minutes,"Inspector Junior, Inspector Senior",16.0,4/11/2024,8/11/2024,,,,,,,,,,,,,0,30
1240,To do,Preventive-monthly-4,Performance and Load Testing,Preventive,monthly,4,3,"50,0",Minutes,"0,0",Minutes,"Inspector Junior, Inspector Senior",17.0,4/11/2024,8/11/2024,,,,,,,,,,,,,0,50
1241,To do,Preventive-monthly-5,Documentation and Compliance Verification,Preventive,monthly,5,3,"10,0",Minutes,"0,0",Minutes,"Inspector Junior, Inspector Senior",18.0,4/11/2024,8/11/2024,,,,,,,,,,,,,0,10
1232,To do,Preventive-monthly-1,Safety Systems Check,Preventive,monthly,1,3,"30,0",Minutes,"0,0",Minutes,"Inspector Junior, Inspector Senior",,4/11/2024,8/11/2024,,,,,,,,,,,,,0,30
1233,To do,Preventive-monthly-2,Structural and Mechanical Inspection,Preventive,monthly,2,3,"30,0",Minutes,"0,0",Minutes,"Inspector Junior, Inspector Senior",15.0,4/11/2024,8/11/2024,,,,,,,,,,,,,0,30
1234,To do,Preventive-monthly-3,Electrical and Control Systems Examination,Preventive,monthly,3,3,"30,0",Minutes,"0,0",Minutes,"Inspector Junior, Inspector Senior",16.0,4/11/2024,8/11/2024,,,,,,,,,,,,,0,30
1235,To do,Preventive-monthly-4,Performance and Load Testing,Preventive,monthly,4,3,"50,0",Minutes,"0,0",Minutes,"Inspector Junior, Inspector Senior",17.0,4/11/2024,8/11/2024,,,,,,,,,,,,,0,50
1236,To do,Preventive-monthly-5,Documentation and Compliance Verification,Preventive,monthly,5,3,"10,0",Minutes,"0,0",Minutes,"Inspector Junior, Inspector Senior",18.0,4/11/2024,8/11/2024,,,,,,,,,,,,,0,10
1227,To do,Preventive-monthly-1,Safety Systems Check,Preventive,monthly,1,3,"30,0",Minutes,"0,0",Minutes,"Inspector Junior, Inspector Senior",,11/11/2024,15/11/2024,,,,,,,,,,,,,0,30
1228,To do,Preventive-monthly-2,Structural and Mechanical Inspection,Preventive,monthly,2,3,"30,0",Minutes,"0,0",Minutes,"Inspector Junior, Inspector Senior",15.0,11/11/2024,15/11/2024,,,,,,,,,,,,,0,30
1229,To do,Preventive-monthly-3,Electrical and Control Systems Examination,Preventive,monthly,3,3,"30,0",Minutes,"0,0",Minutes,"Inspector Junior, Inspector Senior",16.0,11/11/2024,15/11/2024,,,,,,,,,,,,,0,30
1230,To do,Preventive-monthly-4,Performance and Load Testing,Preventive,monthly,4,3,"50,0",Minutes,"0,0",Minutes,"Inspector Junior, Inspector Senior",17.0,11/11/2024,15/11/2024,,,,,,,,,,,,,0,50
1231,To do,Preventive-monthly-5,Documentation and Compliance Verification,Preventive,monthly,5,3,"10,0",Minutes,"0,0",Minutes,"Inspector Junior, Inspector Senior",18.0,11/11/2024,15/11/2024,,,,,,,,,,,,,0,10
1222,To do,Preventive-monthly-1,Safety Systems Check,Preventive,monthly,1,3,"30,0",Minutes,"0,0",Minutes,"Inspector Junior, Inspector Senior",,4/11/2024,8/11/2024,,,,,,,,,,,,,0,30
1223,To do,Preventive-monthly-2,Structural and Mechanical Inspection,Preventive,monthly,2,3,"30,0",Minutes,"0,0",Minutes,"Inspector Junior, Inspector Senior",15.0,4/11/2024,8/11/2024,,,,,,,,,,,,,0,30
1224,To do,Preventive-monthly-3,Electrical and Control Systems Examination,Preventive,monthly,3,3,"30,0",Minutes,"0,0",Minutes,"Inspector Junior, Inspector Senior",16.0,4/11/2024,8/11/2024,,,,,,,,,,,,,0,30
1225,To do,Preventive-monthly-4,Performance and Load Testing,Preventive,monthly,4,3,"50,0",Minutes,"0,0",Minutes,"Inspector Junior, Inspector Senior",17.0,4/11/2024,8/11/2024,,,,,,,,,,,,,0,50
1226,To do,Preventive-monthly-5,Documentation and Compliance Verification,Preventive,monthly,5,3,"10,0",Minutes,"0,0",Minutes,"Inspector Junior, Inspector Senior",18.0,4/11/2024,8/11/2024,,,,,,,,,,,,,0,10
1217,To do,Preventive-monthly-1,Safety Systems Check,Preventive,monthly,1,3,"30,0",Minutes,"0,0",Minutes,"Inspector Junior, Inspector Senior",,4/11/2024,8/11/2024,,,,,,,,,,,,,0,30
1218,To do,Preventive-monthly-2,Structural and Mechanical Inspection,Preventive,monthly,2,3,"30,0",Minutes,"0,0",Minutes,"Inspector Junior, Inspector Senior",15.0,4/11/2024,8/11/2024,,,,,,,,,,,,,0,30
1219,To do,Preventive-monthly-3,Electrical and Control Systems Examination,Preventive,monthly,3,3,"30,0",Minutes,"0,0",Minutes,"Inspector Junior, Inspector Senior",16.0,4/11/2024,8/11/2024,,,,,,,,,,,,,0,30
1220,To do,Preventive-monthly-4,Performance and Load Testing,Preventive,monthly,4,3,"50,0",Minutes,"0,0",Minutes,"Inspector Junior, Inspector Senior",17.0,4/11/2024,8/11/2024,,,,,,,,,,,,,0,50
1221,To do,Preventive-monthly-5,Documentation and Compliance Verification,Preventive,monthly,5,3,"10,0",Minutes,"0,0",Minutes,"Inspector Junior, Inspector Senior",18.0,4/11/2024,8/11/2024,,,,,,,,,,,,,0,10
1212,To do,Preventive-monthly-1,Safety Systems Check,Preventive,monthly,1,3,"30,0",Minutes,"0,0",Minutes,"Inspector Junior, Inspector Senior",,11/11/2024,15/11/2024,,,,,,,,,,,,,0,30
1213,To do,Preventive-monthly-2,Structural and Mechanical Inspection,Preventive,monthly,2,3,"30,0",Minutes,"0,0",Minutes,"Inspector Junior, Inspector Senior",15.0,11/11/2024,15/11/2024,,,,,,,,,,,,,0,30
1214,To do,Preventive-monthly-3,Electrical and Control Systems Examination,Preventive,monthly,3,3,"30,0",Minutes,"0,0",Minutes,"Inspector Junior, Inspector Senior",16.0,11/11/2024,15/11/2024,,,,,,,,,,,,,0,30
1215,To do,Preventive-monthly-4,Performance and Load Testing,Preventive,monthly,4,3,"50,0",Minutes,"0,0",Minutes,"Inspector Junior, Inspector Senior",17.0,11/11/2024,15/11/2024,,,,,,,,,,,,,0,50
1216,To do,Preventive-monthly-5,Documentation and Compliance Verification,Preventive,monthly,5,3,"10,0",Minutes,"0,0",Minutes,"Inspector Junior, Inspector Senior",18.0,11/11/2024,15/11/2024,,,,,,,,,,,,,0,10
1207,To do,Preventive-monthly-1,Safety Systems Check,Preventive,monthly,1,3,"30,0",Minutes,"0,0",Minutes,"Inspector Junior, Inspector Senior",,4/11/2024,8/11/2024,,,,,,,,,,,,,0,30
1208,To do,Preventive-monthly-2,Structural and Mechanical Inspection,Preventive,monthly,2,3,"30,0",Minutes,"0,0",Minutes,"Inspector Junior, Inspector Senior",15.0,4/11/2024,8/11/2024,,,,,,,,,,,,,0,30
1209,To do,Preventive-monthly-3,Electrical and Control Systems Examination,Preventive,monthly,3,3,"30,0",Minutes,"0,0",Minutes,"Inspector Junior, Inspector Senior",16.0,4/11/2024,8/11/2024,,,,,,,,,,,,,0,30
1210,To do,Preventive-monthly-4,Performance and Load Testing,Preventive,monthly,4,3,"50,0",Minutes,"0,0",Minutes,"Inspector Junior, Inspector Senior",17.0,4/11/2024,8/11/2024,,,,,,,,,,,,,0,50
1211,To do,Preventive-monthly-5,Documentation and Compliance Verification,Preventive,monthly,5,3,"10,0",Minutes,"0,0",Minutes,"Inspector Junior, Inspector Senior",18.0,4/11/2024,8/11/2024,,,,,,,,,,,,,0,10
1202,To do,Preventive-monthly-1,Safety Systems Check,Preventive,monthly,1,3,"30,0",Minutes,"0,0",Minutes,"Inspector Junior, Inspector Senior",,4/11/2024,8/11/2024,,,,,,,,,,,,,0,30
1203,To do,Preventive-monthly-2,Structural and Mechanical Inspection,Preventive,monthly,2,3,"30,0",Minutes,"0,0",Minutes,"Inspector Junior, Inspector Senior",15.0,4/11/2024,8/11/2024,,,,,,,,,,,,,0,30
1204,To do,Preventive-monthly-3,Electrical and Control Systems Examination,Preventive,monthly,3,3,"30,0",Minutes,"0,0",Minutes,"Inspector Junior, Inspector Senior",16.0,4/11/2024,8/11/2024,,,,,,,,,,,,,0,30
1205,To do,Preventive-monthly-4,Performance and Load Testing,Preventive,monthly,4,3,"50,0",Minutes,"0,0",Minutes,"Inspector Junior, Inspector Senior",17.0,4/11/2024,8/11/2024,,,,,,,,,,,,,0,50
1206,To do,Preventive-monthly-5,Documentation and Compliance Verification,Preventive,monthly,5,3,"10,0",Minutes,"0,0",Minutes,"Inspector Junior, Inspector Senior",18.0,4/11/2024,8/11/2024,,,,,,,,,,,,,0,10
1264,To do,Corrective-Meca-1,Lubrication of Moving Parts,Corrective,Meca,1,2,"1,0",Hours,"0,0",Minutes,Mecanician,,,,,,,,,,,,,,,,1,60
1265,To do,Corrective-Meca-2,Inspection and Adjustment of Suspension Cables,Corrective,Meca,2,2,"30,0",Minutes,"0,0",Minutes,Mecanician,23.0,,,,,,,,,,,,,,,1,30
1266,To do,Corrective-Meca-3,Alignment and Adjustment of Door Mechanisms,Corrective,Meca,3,2,"30,0",Minutes,"0,0",Minutes,Mecanician,24.0,,,,,,,,,,,,,,,1,30
1267,To do,Corrective-Meca-1,Lubrication of Moving Parts,Corrective,Meca,1,2,"1,0",Hours,"0,0",Minutes,Mecanician,,,,,,,,,,,,,,,,1,60
1268,To do,Corrective-Meca-2,Inspection and Adjustment of Suspension Cables,Corrective,Meca,2,2,"30,0",Minutes,"0,0",Minutes,Mecanician,23.0,,,,,,,,,,,,,,,1,30
1269,To do,Corrective-Meca-3,Alignment and Adjustment of Door Mechanisms,Corrective,Meca,3,2,"30,0",Minutes,"0,0",Minutes,Mecanician,24.0,,,,,,,,,,,,,,,1,30
1270,To do,Corrective-Meca-1,Lubrication of Moving Parts,Corrective,Meca,1,2,"1,0",Hours,"0,0",Minutes,Mecanician,,,,,,,,,,,,,,,,1,60
1271,To do,Corrective-Meca-2,Inspection and Adjustment of Suspension Cables,Corrective,Meca,2,2,"30,0",Minutes,"0,0",Minutes,Mecanician,23.0,,,,,,,,,,,,,,,1,30
1272,To do,Corrective-Meca-3,Alignment and Adjustment of Door Mechanisms,Corrective,Meca,3,2,"30,0",Minutes,"0,0",Minutes,Mecanician,24.0,,,,,,,,,,,,,,,1,30
1273,To do,Corrective-Meca-1,Lubrication of Moving Parts,Corrective,Meca,1,2,"1,0",Hours,"0,0",Minutes,Mecanician,,,,,,,,,,,,,,,,1,60
1274,To do,Corrective-Meca-2,Inspection and Adjustment of Suspension Cables,Corrective,Meca,2,2,"30,0",Minutes,"0,0",Minutes,Mecanician,23.0,,,,,,,,,,,,,,,1,30
1275,To do,Corrective-Meca-3,Alignment and Adjustment of Door Mechanisms,Corrective,Meca,3,2,"30,0",Minutes,"0,0",Minutes,Mecanician,24.0,,,,,,,,,,,,,,,1,30
1276,To do,Corrective-Meca-1,Lubrication of Moving Parts,Corrective,Meca,1,2,"1,0",Hours,"0,0",Minutes,Mecanician,,,,,,,,,,,,,,,,1,60
1277,To do,Corrective-Meca-2,Inspection and Adjustment of Suspension Cables,Corrective,Meca,2,2,"30,0",Minutes,"0,0",Minutes,Mecanician,23.0,,,,,,,,,,,,,,,1,30
1278,To do,Corrective-Meca-3,Alignment and Adjustment of Door Mechanisms,Corrective,Meca,3,2,"30,0",Minutes,"0,0",Minutes,Mecanician,24.0,,,,,,,,,,,,,,,1,30
1279,To do,Corrective-Meca-1,Lubrication of Moving Parts,Corrective,Meca,1,2,"1,0",Hours,"0,0",Minutes,Mecanician,,,,,,,,,,,,,,,,1,60
1280,To do,Corrective-Meca-2,Inspection and Adjustment of Suspension Cables,Corrective,Meca,2,2,"30,0",Minutes,"0,0",Minutes,Mecanician,23.0,,,,,,,,,,,,,,,1,30
1281,To do,Corrective-Meca-3,Alignment and Adjustment of Door Mechanisms,Corrective,Meca,3,2,"30,0",Minutes,"0,0",Minutes,Mecanician,24.0,,,,,,,,,,,,,,,1,30
1282,To do,Corrective-Meca-1,Lubrication of Moving Parts,Corrective,Meca,1,2,"1,0",Hours,"0,0",Minutes,Mecanician,,,,,,,,,,,,,,,,1,60
1283,To do,Corrective-Meca-2,Inspection and Adjustment of Suspension Cables,Corrective,Meca,2,2,"30,0",Minutes,"0,0",Minutes,Mecanician,23.0,,,,,,,,,,,,,,,1,30
1284,To do,Corrective-Meca-3,Alignment and Adjustment of Door Mechanisms,Corrective,Meca,3,2,"30,0",Minutes,"0,0",Minutes,Mecanician,24.0,,,,,,,,,,,,,,,1,30
1285,To do,Corrective-Meca-1,Lubrication of Moving Parts,Corrective,Meca,1,2,"1,0",Hours,"0,0",Minutes,Mecanician,,,,,,,,,,,,,,,,1,60
1286,To do,Corrective-Meca-2,Inspection and Adjustment of Suspension Cables,Corrective,Meca,2,2,"30,0",Minutes,"0,0",Minutes,Mecanician,23.0,,,,,,,,,,,,,,,1,30
1287,To do,Corrective-Meca-3,Alignment and Adjustment of Door Mechanisms,Corrective,Meca,3,2,"30,0",Minutes,"0,0",Minutes,Mecanician,24.0,,,,,,,,,,,,,,,1,30
1288,To do,Corrective-Meca-1,Lubrication of Moving Parts,Corrective,Meca,1,2,"1,0",Hours,"0,0",Minutes,Mecanician,,,,,,,,,,,,,,,,1,60
1289,To do,Corrective-Meca-2,Inspection and Adjustment of Suspension Cables,Corrective,Meca,2,2,"30,0",Minutes,"0,0",Minutes,Mecanician,23.0,,,,,,,,,,,,,,,1,30
1290,To do,Corrective-Meca-3,Alignment and Adjustment of Door Mechanisms,Corrective,Meca,3,2,"30,0",Minutes,"0,0",Minutes,Mecanician,24.0,,,,,,,,,,,,,,,1,30
1291,To do,Corrective-Meca-1,Lubrication of Moving Parts,Corrective,Meca,1,2,"1,0",Hours,"0,0",Minutes,Mecanician,,,,,,,,,,,,,,,,1,60
1292,To do,Corrective-Meca-2,Inspection and Adjustment of Suspension Cables,Corrective,Meca,2,2,"30,0",Minutes,"0,0",Minutes,Mecanician,23.0,,,,,,,,,,,,,,,1,30
1293,To do,Corrective-Meca-3,Alignment and Adjustment of Door Mechanisms,Corrective,Meca,3,2,"30,0",Minutes,"0,0",Minutes,Mecanician,24.0,,,,,,,,,,,,,,,1,30
1294,To do,Corrective-Meca-1,Lubrication of Moving Parts,Corrective,Meca,1,2,"1,0",Hours,"0,0",Minutes,Mecanician,,,,,,,,,,,,,,,,1,60
1295,To do,Corrective-Meca-2,Inspection and Adjustment of Suspension Cables,Corrective,Meca,2,2,"30,0",Minutes,"0,0",Minutes,Mecanician,23.0,,,,,,,,,,,,,,,1,30
1296,To do,Corrective-Meca-3,Alignment and Adjustment of Door Mechanisms,Corrective,Meca,3,2,"30,0",Minutes,"0,0",Minutes,Mecanician,24.0,,,,,,,,,,,,,,,1,30
1297,To do,Corrective-Meca-1,Lubrication of Moving Parts,Corrective,Meca,1,2,"1,0",Hours,"0,0",Minutes,Mecanician,,,,,,,,,,,,,,,,1,60
1298,To do,Corrective-Meca-2,Inspection and Adjustment of Suspension Cables,Corrective,Meca,2,2,"30,0",Minutes,"0,0",Minutes,Mecanician,23.0,,,,,,,,,,,,,,,1,30
1299,To do,Corrective-Meca-3,Alignment and Adjustment of Door Mechanisms,Corrective,Meca,3,2,"30,0",Minutes,"0,0",Minutes,Mecanician,24.0,,,,,,,,,,,,,,,1,30
1300,To do,Corrective-Meca-1,Lubrication of Moving Parts,Corrective,Meca,1,2,"1,0",Hours,"0,0",Minutes,Mecanician,,,,,,,,,,,,,,,,1,60
1301,To do,Corrective-Meca-2,Inspection and Adjustment of Suspension Cables,Corrective,Meca,2,2,"30,0",Minutes,"0,0",Minutes,Mecanician,23.0,,,,,,,,,,,,,,,1,30
1302,To do,Corrective-Meca-3,Alignment and Adjustment of Door Mechanisms,Corrective,Meca,3,2,"30,0",Minutes,"0,0",Minutes,Mecanician,24.0,,,,,,,,,,,,,,,1,30
1306,To do,Corrective-Elec-1,Inspection and Testing of Control Panels,Corrective,Elec,1,2,"45,0",Minutes,"0,0",Minutes,Electrician,,,,,,,,,,,,,,,,1,45
1307,To do,Corrective-Elec-2,Checking and Testing of Safety Circuits,Corrective,Elec,2,2,"45,0",Minutes,"0,0",Minutes,Electrician,26.0,,,,,,,,,,,,,,,1,45
1309,To do,Corrective-Elec-1,Inspection and Testing of Control Panels,Corrective,Elec,1,2,"45,0",Minutes,"0,0",Minutes,Electrician,,,,,,,,,,,,,,,,1,45
1310,To do,Corrective-Elec-2,Checking and Testing of Safety Circuits,Corrective,Elec,2,2,"45,0",Minutes,"0,0",Minutes,Electrician,26.0,,,,,,,,,,,,,,,1,45
1335,To do,Corrective-Elec-1,Inspection and Testing of Control Panels,Corrective,Elec,1,2,"45,0",Minutes,"0,0",Minutes,Electrician,,,,,,,,,,,,,,,,1,45
1336,To do,Corrective-Elec-2,Checking and Testing of Safety Circuits,Corrective,Elec,2,2,"45,0",Minutes,"0,0",Minutes,Electrician,26.0,,,,,,,,,,,,,,,1,45
1333,To do,Corrective-Elec-1,Inspection and Testing of Control Panels,Corrective,Elec,1,2,"45,0",Minutes,"0,0",Minutes,Electrician,,,,,,,,,,,,,,,,1,45
1334,To do,Corrective-Elec-2,Checking and Testing of Safety Circuits,Corrective,Elec,2,2,"45,0",Minutes,"0,0",Minutes,Electrician,26.0,,,,,,,,,,,,,,,1,45
1331,To do,Corrective-Elec-1,Inspection and Testing of Control Panels,Corrective,Elec,1,2,"45,0",Minutes,"0,0",Minutes,Electrician,,,,,,,,,,,,,,,,1,45
1332,To do,Corrective-Elec-2,Checking and Testing of Safety Circuits,Corrective,Elec,2,2,"45,0",Minutes,"0,0",Minutes,Electrician,26.0,,,,,,,,,,,,,,,1,45
1329,To do,Corrective-Elec-1,Inspection and Testing of Control Panels,Corrective,Elec,1,2,"45,0",Minutes,"0,0",Minutes,Electrician,,,,,,,,,,,,,,,,1,45
1330,To do,Corrective-Elec-2,Checking and Testing of Safety Circuits,Corrective,Elec,2,2,"45,0",Minutes,"0,0",Minutes,Electrician,26.0,,,,,,,,,,,,,,,1,45
1327,To do,Corrective-Elec-1,Inspection and Testing of Control Panels,Corrective,Elec,1,2,"45,0",Minutes,"0,0",Minutes,Electrician,,,,,,,,,,,,,,,,1,45
1328,To do,Corrective-Elec-2,Checking and Testing of Safety Circuits,Corrective,Elec,2,2,"45,0",Minutes,"0,0",Minutes,Electrician,26.0,,,,,,,,,,,,,,,1,45
1325,To do,Corrective-Elec-1,Inspection and Testing of Control Panels,Corrective,Elec,1,2,"45,0",Minutes,"0,0",Minutes,Electrician,,,,,,,,,,,,,,,,1,45
1326,To do,Corrective-Elec-2,Checking and Testing of Safety Circuits,Corrective,Elec,2,2,"45,0",Minutes,"0,0",Minutes,Electrician,26.0,,,,,,,,,,,,,,,1,45
1323,To do,Corrective-Elec-1,Inspection and Testing of Control Panels,Corrective,Elec,1,2,"45,0",Minutes,"0,0",Minutes,Electrician,,,,,,,,,,,,,,,,1,45
1324,To do,Corrective-Elec-2,Checking and Testing of Safety Circuits,Corrective,Elec,2,2,"45,0",Minutes,"0,0",Minutes,Electrician,26.0,,,,,,,,,,,,,,,1,45
1321,To do,Corrective-Elec-1,Inspection and Testing of Control Panels,Corrective,Elec,1,2,"45,0",Minutes,"0,0",Minutes,Electrician,,,,,,,,,,,,,,,,1,45
1322,To do,Corrective-Elec-2,Checking and Testing of Safety Circuits,Corrective,Elec,2,2,"45,0",Minutes,"0,0",Minutes,Electrician,26.0,,,,,,,,,,,,,,,1,45
1319,To do,Corrective-Elec-1,Inspection and Testing of Control Panels,Corrective,Elec,1,2,"45,0",Minutes,"0,0",Minutes,Electrician,,,,,,,,,,,,,,,,1,45
1320,To do,Corrective-Elec-2,Checking and Testing of Safety Circuits,Corrective,Elec,2,2,"45,0",Minutes,"0,0",Minutes,Electrician,26.0,,,,,,,,,,,,,,,1,45
1317,To do,Corrective-Elec-1,Inspection and Testing of Control Panels,Corrective,Elec,1,2,"45,0",Minutes,"0,0",Minutes,Electrician,,,,,,,,,,,,,,,,1,45
1318,To do,Corrective-Elec-2,Checking and Testing of Safety Circuits,Corrective,Elec,2,2,"45,0",Minutes,"0,0",Minutes,Electrician,26.0,,,,,,,,,,,,,,,1,45
