pk_woo_id,status,operation_key,operation_description,operation_type,operation_subtype,operation_order,priority_score,duration,duration_unit,confirmed_work,confirmed_work_unit,required_skill_desc,predecessor_operation_key,order_basic_start_date,order_basic_end_date,asset_status,asset_description,asset_criticality,asset_address_street,asset_address_door,asset_address_post_code,asset_address_city,asset_address_region,customer_description,is_corrective,duration_minutes,fk_assigned_technician_id,operation_scheduled_start,operation_scheduled_end
132,To do,Preventive-monthly-1,Safety Systems Check,Preventive,monthly,1,3,"30,0",Minutes,"0,0",Minutes,"Inspector Junior, Inspector Senior",,4/11/2024,8/11/2024,In service,Asset Description 1,Good,Rue de la Loi,16.0,1000.0,Brussels,Brussels,Customer 1,0,30,9,2024-11-06 10:20,2024-11-06 10:50
133,To do,Preventive-monthly-2,Structural and Mechanical Inspection,Preventive,monthly,2,3,"30,0",Minutes,"0,0",Minutes,"Inspector Junior, Inspector Senior",15.0,4/11/2024,8/11/2024,In service,Asset Description 1,Good,Rue de la Loi,16.0,1000.0,Brussels,Brussels,Customer 1,0,30,9,2024-11-06 12:50,2024-11-06 13:20
134,To do,Preventive-monthly-3,Electrical and Control Systems Examination,Preventive,monthly,3,3,"30,0",Minutes,"0,0",Minutes,"Inspector Junior, Inspector Senior",16.0,4/11/2024,8/11/2024,In service,Asset Description 1,Good,Rue de la Loi,16.0,1000.0,Brussels,Brussels,Customer 1,0,30,9,2024-11-06 13:20,2024-11-06 13:50
135,To do,Preventive-monthly-4,Performance and Load Testing,Preventive,monthly,4,3,"50,0",Minutes,"0,0",Minutes,"Inspector Junior, Inspector Senior",17.0,4/11/2024,8/11/2024,In service,Asset Description 1,Good,Rue de la Loi,16.0,1000.0,Brussels,Brussels,Customer 1,0,50,9,2024-11-06 13:50,2024-11-06 14:40
136,To do,Preventive-monthly-5,Documentation and Compliance Verification,Preventive,monthly,5,3,"10,0",Minutes,"0,0",Minutes,"Inspector Junior, Inspector Senior",18.0,4/11/2024,8/11/2024,In service,Asset Description 1,Good,Rue de la Loi,16.0,1000.0,Brussels,Brussels,Customer 1,0,10,12,2024-11-06 16:50,2024-11-06 17:00
137,To do,Corrective-Breakdown-1,Secure the Area,Corrective,Breakdown,1,1,"15,0",Minutes,"0,0",Minutes,"Electrician, Mecanician, Inspector Senior",,,,In service,Asset Description 2,Adequate,Avenue Louise,50.0,1050.0,Brussels,Brussels,Customer 1,1,15,16,2024-11-04 13:50,2024-11-04 14:05
138,To do,Corrective-Breakdown-2,Preliminary Inspection,Corrective,Breakdown,2,1,"20,0",Minutes,"0,0",Minutes,"Electrician, Mecanician, Inspector Senior",1.0,,,In service,Asset Description 2,Adequate,Avenue Louise,50.0,1050.0,Brussels,Brussels,Customer 1,1,20,16,2024-11-04 14:05,2024-11-04 14:25
139,To do,Corrective-Breakdown-3,Diagnostics and Troubleshooting,Corrective,Breakdown,3,1,"1,0",Hours,"0,0",Minutes,"Electrician, Mecanician, Inspector Senior",2.0,,,In service,Asset Description 2,Adequate,Avenue Louise,50.0,1050.0,Brussels,Brussels,Customer 1,1,60,16,2024-11-04 14:25,2024-11-04 15:25
140,To do,Corrective-Breakdown-4,Component Repair or Replacement,Corrective,Breakdown,4,1,"1,0",Hours,"0,0",Minutes,"Electrician, Mecanician, Inspector Senior",3.0,,,In service,Asset Description 2,Adequate,Avenue Louise,50.0,1050.0,Brussels,Brussels,Customer 1,1,60,16,2024-11-04 15:25,2024-11-04 16:25
141,To do,Corrective-Breakdown-7,Post-Repair Adjustments,Corrective,Breakdown,7,1,"20,0",Minutes,"0,0",Minutes,"Electrician, Mecanician, Inspector Senior",6.0,,,In service,Asset Description 2,Adequate,Avenue Louise,50.0,1050.0,Brussels,Brussels,Customer 1,1,20,16,2024-11-04 16:25,2024-11-04 16:45
142,To do,Corrective-Breakdown-5,Control System Reset,Corrective,Breakdown,5,1,"30,0",Minutes,"0,0",Minutes,"Electrician, Mecanician, Inspector Senior",4.0,,,In service,Asset Description 2,Adequate,Avenue Louise,50.0,1050.0,Brussels,Brussels,Customer 1,1,30,17,2024-11-04 07:00,2024-11-04 07:30
143,To do,Corrective-Breakdown-6,Detailed Testing and Validation,Corrective,Breakdown,6,1,"45,0",Minutes,"0,0",Minutes,"Electrician, Mecanician, Inspector Senior",5.0,,,In service,Asset Description 2,Adequate,Avenue Louise,50.0,1050.0,Brussels,Brussels,Customer 1,1,45,17,2024-11-04 07:30,2024-11-04 08:15
144,To do,Corrective-Breakdown-8,System Cleanup and Safety Checks,Corrective,Breakdown,8,1,"15,0",Minutes,"0,0",Minutes,"Electrician, Mecanician, Inspector Senior",7.0,,,In service,Asset Description 2,Adequate,Avenue Louise,50.0,1050.0,Brussels,Brussels,Customer 1,1,15,16,2024-11-04 16:45,2024-11-04 17:00
145,To do,Corrective-Breakdown-10,Restore Service,Corrective,Breakdown,10,1,"15,0",Minutes,"0,0",Minutes,"Electrician, Mecanician, Inspector Senior",21.0,,,In service,Asset Description 2,Adequate,Avenue Louise,50.0,1050.0,Brussels,Brussels,Customer 1,1,15,17,2024-11-04 08:15,2024-11-04 08:30
146,To do,Corrective-Breakdown-9,Documentation and Reporting,Corrective,Breakdown,9,1,"20,0",Minutes,"0,0",Minutes,"Electrician, Mecanician, Inspector Senior",20.0,,,In service,Asset Description 2,Adequate,Avenue Louise,50.0,1050.0,Brussels,Brussels,Customer 1,1,20,17,2024-11-04 08:30,2024-11-04 08:50
147,To do,Corrective-Low-1,Diagnostics and Troubleshooting,Corrective,Low,1,4,"30,0",Minutes,"0,0",Minutes,"Electrician, Mecanician, Inspector Junior, Inspector Senior",,,,In service,Asset Description 3,Bad,Chaussée de Waterloo,200.0,1060.0,Brussels,Brussels,Customer 1,1,30,2,2024-11-07 16:30,2024-11-07 17:00
148,To do,Corrective-Low-2,Component Repair and Replacement,Corrective,Low,2,4,"1,0",Hours,"0,0",Minutes,"Electrician, Mecanician, Inspector Junior, Inspector Senior",8.0,,,In service,Asset Description 3,Bad,Chaussée de Waterloo,200.0,1060.0,Brussels,Brussels,Customer 1,1,60,12,2024-11-07 15:30,2024-11-07 16:30
149,To do,Corrective-Low-3,Control System Checks,Corrective,Low,3,4,"5,0",Minutes,"0,0",Minutes,"Electrician, Mecanician, Inspector Junior, Inspector Senior",9.0,,,In service,Asset Description 3,Bad,Chaussée de Waterloo,200.0,1060.0,Brussels,Brussels,Customer 1,1,5,2,2024-11-07 10:45,2024-11-07 10:50
150,To do,Corrective-Low-4,Testing and Validation,Corrective,Low,4,4,"5,0",Minutes,"0,0",Minutes,"Electrician, Mecanician, Inspector Junior, Inspector Senior",10.0,,,In service,Asset Description 3,Bad,Chaussée de Waterloo,200.0,1060.0,Brussels,Brussels,Customer 1,1,5,2,2024-11-07 10:50,2024-11-07 10:55
151,To do,Corrective-Low-5,Documentation and Reporting,Corrective,Low,5,4,"5,0",Minutes,"0,0",Minutes,"Electrician, Mecanician, Inspector Junior, Inspector Senior",11.0,,,In service,Asset Description 3,Bad,Chaussée de Waterloo,200.0,1060.0,Brussels,Brussels,Customer 1,1,5,2,2024-11-07 10:55,2024-11-07 11:00
152,To do,Corrective-Low-6,Post-Maintenance Adjustments,Corrective,Low,6,4,"5,0",Minutes,"0,0",Minutes,"Electrician, Mecanician, Inspector Junior, Inspector Senior",12.0,,,In service,Asset Description 3,Bad,Chaussée de Waterloo,200.0,1060.0,Brussels,Brussels,Customer 1,1,5,12,2024-11-07 16:30,2024-11-07 16:35
153,To do,Corrective-Low-7,System Cleanup and Safety Checks,Corrective,Low,7,4,"10,0",Minutes,"0,0",Minutes,"Electrician, Mecanician, Inspector Junior, Inspector Senior",13.0,,,In service,Asset Description 3,Bad,Chaussée de Waterloo,200.0,1060.0,Brussels,Brussels,Customer 1,1,10,12,2024-11-07 16:35,2024-11-07 16:45
333,To do,Preventive-monthly-1,Safety Systems Check,Preventive,monthly,1,3,"30,0",Minutes,"0,0",Minutes,"Inspector Junior, Inspector Senior",,4/11/2024,8/11/2024,In service,Asset Description 4,Adequate,Rue Victor Hugo,100.0,1030.0,Brussels,Brussels,Customer 1,0,30,9,2024-11-04 12:50,2024-11-04 13:20
334,To do,Preventive-monthly-2,Structural and Mechanical Inspection,Preventive,monthly,2,3,"30,0",Minutes,"0,0",Minutes,"Inspector Junior, Inspector Senior",15.0,4/11/2024,8/11/2024,In service,Asset Description 4,Adequate,Rue Victor Hugo,100.0,1030.0,Brussels,Brussels,Customer 1,0,30,9,2024-11-04 13:20,2024-11-04 13:50
335,To do,Preventive-monthly-3,Electrical and Control Systems Examination,Preventive,monthly,3,3,"30,0",Minutes,"0,0",Minutes,"Inspector Junior, Inspector Senior",16.0,4/11/2024,8/11/2024,In service,Asset Description 4,Adequate,Rue Victor Hugo,100.0,1030.0,Brussels,Brussels,Customer 1,0,30,9,2024-11-04 13:50,2024-11-04 14:20
336,To do,Preventive-monthly-4,Performance and Load Testing,Preventive,monthly,4,3,"50,0",Minutes,"0,0",Minutes,"Inspector Junior, Inspector Senior",17.0,4/11/2024,8/11/2024,In service,Asset Description 4,Adequate,Rue Victor Hugo,100.0,1030.0,Brussels,Brussels,Customer 1,0,50,9,2024-11-04 14:20,2024-11-04 15:10
337,To do,Preventive-monthly-5,Documentation and Compliance Verification,Preventive,monthly,5,3,"10,0",Minutes,"0,0",Minutes,"Inspector Junior, Inspector Senior",18.0,4/11/2024,8/11/2024,In service,Asset Description 4,Adequate,Rue Victor Hugo,100.0,1030.0,Brussels,Brussels,Customer 1,0,10,9,2024-11-04 10:40,2024-11-04 10:50
338,To do,Preventive-monthly-1,Safety Systems Check,Preventive,monthly,1,3,"30,0",Minutes,"0,0",Minutes,"Inspector Junior, Inspector Senior",,4/11/2024,8/11/2024,In service,Asset Description 5,Good,Avenue de Tervueren,150.0,1150.0,Brussels,Brussels,Customer 1,0,30,9,2024-11-06 14:40,2024-11-06 15:10
339,To do,Preventive-monthly-2,Structural and Mechanical Inspection,Preventive,monthly,2,3,"30,0",Minutes,"0,0",Minutes,"Inspector Junior, Inspector Senior",15.0,4/11/2024,8/11/2024,In service,Asset Description 5,Good,Avenue de Tervueren,150.0,1150.0,Brussels,Brussels,Customer 1,0,30,9,2024-11-06 15:10,2024-11-06 15:40
340,To do,Preventive-monthly-3,Electrical and Control Systems Examination,Preventive,monthly,3,3,"30,0",Minutes,"0,0",Minutes,"Inspector Junior, Inspector Senior",16.0,4/11/2024,8/11/2024,In service,Asset Description 5,Good,Avenue de Tervueren,150.0,1150.0,Brussels,Brussels,Customer 1,0,30,9,2024-11-06 15:40,2024-11-06 16:10
341,To do,Preventive-monthly-4,Performance and Load Testing,Preventive,monthly,4,3,"50,0",Minutes,"0,0",Minutes,"Inspector Junior, Inspector Senior",17.0,4/11/2024,8/11/2024,In service,Asset Description 5,Good,Avenue de Tervueren,150.0,1150.0,Brussels,Brussels,Customer 1,0,50,9,2024-11-06 16:10,2024-11-06 17:00
342,To do,Preventive-monthly-5,Documentation and Compliance Verification,Preventive,monthly,5,3,"10,0",Minutes,"0,0",Minutes,"Inspector Junior, Inspector Senior",18.0,4/11/2024,8/11/2024,In service,Asset Description 5,Good,Avenue de Tervueren,150.0,1150.0,Brussels,Brussels,Customer 1,0,10,9,2024-11-06 10:50,2024-11-06 11:00
328,To do,Preventive-monthly-1,Safety Systems Check,Preventive,monthly,1,3,"30,0",Minutes,"0,0",Minutes,"Inspector Junior, Inspector Senior",,4/11/2024,8/11/2024,In service,Asset Description 6,Good,Boulevard Lambermont,300.0,1030.0,Brussels,Brussels,Customer 2,0,30,16,2024-11-06 12:20,2024-11-06 12:50
329,To do,Preventive-monthly-2,Structural and Mechanical Inspection,Preventive,monthly,2,3,"30,0",Minutes,"0,0",Minutes,"Inspector Junior, Inspector Senior",15.0,4/11/2024,8/11/2024,In service,Asset Description 6,Good,Boulevard Lambermont,300.0,1030.0,Brussels,Brussels,Customer 2,0,30,16,2024-11-06 12:50,2024-11-06 13:20
330,To do,Preventive-monthly-3,Electrical and Control Systems Examination,Preventive,monthly,3,3,"30,0",Minutes,"0,0",Minutes,"Inspector Junior, Inspector Senior",16.0,4/11/2024,8/11/2024,In service,Asset Description 6,Good,Boulevard Lambermont,300.0,1030.0,Brussels,Brussels,Customer 2,0,30,16,2024-11-06 13:20,2024-11-06 13:50
331,To do,Preventive-monthly-4,Performance and Load Testing,Preventive,monthly,4,3,"50,0",Minutes,"0,0",Minutes,"Inspector Junior, Inspector Senior",17.0,4/11/2024,8/11/2024,In service,Asset Description 6,Good,Boulevard Lambermont,300.0,1030.0,Brussels,Brussels,Customer 2,0,50,16,2024-11-06 13:50,2024-11-06 14:40
332,To do,Preventive-monthly-5,Documentation and Compliance Verification,Preventive,monthly,5,3,"10,0",Minutes,"0,0",Minutes,"Inspector Junior, Inspector Senior",18.0,4/11/2024,8/11/2024,In service,Asset Description 6,Good,Boulevard Lambermont,300.0,1030.0,Brussels,Brussels,Customer 2,0,10,16,2024-11-06 10:45,2024-11-06 10:55
323,To do,Preventive-monthly-1,Safety Systems Check,Preventive,monthly,1,3,"30,0",Minutes,"0,0",Minutes,"Inspector Junior, Inspector Senior",,4/11/2024,8/11/2024,In service,Asset Description 7,Adequate,Rue de la Station,5.0,1080.0,Brussels,Brussels,Customer 2,0,30,9,2024-11-04 15:10,2024-11-04 15:40
324,To do,Preventive-monthly-2,Structural and Mechanical Inspection,Preventive,monthly,2,3,"30,0",Minutes,"0,0",Minutes,"Inspector Junior, Inspector Senior",15.0,4/11/2024,8/11/2024,In service,Asset Description 7,Adequate,Rue de la Station,5.0,1080.0,Brussels,Brussels,Customer 2,0,30,9,2024-11-04 15:40,2024-11-04 16:10
325,To do,Preventive-monthly-3,Electrical and Control Systems Examination,Preventive,monthly,3,3,"30,0",Minutes,"0,0",Minutes,"Inspector Junior, Inspector Senior",16.0,4/11/2024,8/11/2024,In service,Asset Description 7,Adequate,Rue de la Station,5.0,1080.0,Brussels,Brussels,Customer 2,0,30,9,2024-11-04 16:10,2024-11-04 16:40
326,To do,Preventive-monthly-4,Performance and Load Testing,Preventive,monthly,4,3,"50,0",Minutes,"0,0",Minutes,"Inspector Junior, Inspector Senior",17.0,4/11/2024,8/11/2024,In service,Asset Description 7,Adequate,Rue de la Station,5.0,1080.0,Brussels,Brussels,Customer 2,0,50,11,2024-11-05 07:00,2024-11-05 07:50
327,To do,Preventive-monthly-5,Documentation and Compliance Verification,Preventive,monthly,5,3,"10,0",Minutes,"0,0",Minutes,"Inspector Junior, Inspector Senior",18.0,4/11/2024,8/11/2024,In service,Asset Description 7,Adequate,Rue de la Station,5.0,1080.0,Brussels,Brussels,Customer 2,0,10,11,2024-11-05 07:50,2024-11-05 08:00
318,To do,Preventive-monthly-1,Safety Systems Check,Preventive,monthly,1,3,"30,0",Minutes,"0,0",Minutes,"Inspector Junior, Inspector Senior",,11/11/2024,15/11/2024,In service,Asset Description 8,Adequate,Avenue Charles Quint,25.0,1082.0,Brussels,Brussels,Customer 3,0,30,11,2024-11-06 15:10,2024-11-06 15:40
319,To do,Preventive-monthly-2,Structural and Mechanical Inspection,Preventive,monthly,2,3,"30,0",Minutes,"0,0",Minutes,"Inspector Junior, Inspector Senior",15.0,11/11/2024,15/11/2024,In service,Asset Description 8,Adequate,Avenue Charles Quint,25.0,1082.0,Brussels,Brussels,Customer 3,0,30,11,2024-11-06 15:40,2024-11-06 16:10
320,To do,Preventive-monthly-3,Electrical and Control Systems Examination,Preventive,monthly,3,3,"30,0",Minutes,"0,0",Minutes,"Inspector Junior, Inspector Senior",16.0,11/11/2024,15/11/2024,In service,Asset Description 8,Adequate,Avenue Charles Quint,25.0,1082.0,Brussels,Brussels,Customer 3,0,30,11,2024-11-06 16:10,2024-11-06 16:40
321,To do,Preventive-monthly-4,Performance and Load Testing,Preventive,monthly,4,3,"50,0",Minutes,"0,0",Minutes,"Inspector Junior, Inspector Senior",17.0,11/11/2024,15/11/2024,In service,Asset Description 8,Adequate,Avenue Charles Quint,25.0,1082.0,Brussels,Brussels,Customer 3,0,50,12,2024-11-06 07:00,2024-11-06 07:50
322,To do,Preventive-monthly-5,Documentation and Compliance Verification,Preventive,monthly,5,3,"10,0",Minutes,"0,0",Minutes,"Inspector Junior, Inspector Senior",18.0,11/11/2024,15/11/2024,In service,Asset Description 8,Adequate,Avenue Charles Quint,25.0,1082.0,Brussels,Brussels,Customer 3,0,10,11,2024-11-06 10:50,2024-11-06 11:00
313,To do,Preventive-monthly-1,Safety Systems Check,Preventive,monthly,1,3,"30,0",Minutes,"0,0",Minutes,"Inspector Junior, Inspector Senior",,4/11/2024,8/11/2024,In service,Asset Description 9,Bad,Rue de l'Église,10.0,1081.0,Brussels,Brussels,Customer 4,0,30,11,2024-11-04 07:00,2024-11-04 07:30
314,To do,Preventive-monthly-2,Structural and Mechanical Inspection,Preventive,monthly,2,3,"30,0",Minutes,"0,0",Minutes,"Inspector Junior, Inspector Senior",15.0,4/11/2024,8/11/2024,In service,Asset Description 9,Bad,Rue de l'Église,10.0,1081.0,Brussels,Brussels,Customer 4,0,30,11,2024-11-04 07:30,2024-11-04 08:00
315,To do,Preventive-monthly-3,Electrical and Control Systems Examination,Preventive,monthly,3,3,"30,0",Minutes,"0,0",Minutes,"Inspector Junior, Inspector Senior",16.0,4/11/2024,8/11/2024,In service,Asset Description 9,Bad,Rue de l'Église,10.0,1081.0,Brussels,Brussels,Customer 4,0,30,11,2024-11-04 08:00,2024-11-04 08:30
316,To do,Preventive-monthly-4,Performance and Load Testing,Preventive,monthly,4,3,"50,0",Minutes,"0,0",Minutes,"Inspector Junior, Inspector Senior",17.0,4/11/2024,8/11/2024,In service,Asset Description 9,Bad,Rue de l'Église,10.0,1081.0,Brussels,Brussels,Customer 4,0,50,11,2024-11-04 08:30,2024-11-04 09:20
317,To do,Preventive-monthly-5,Documentation and Compliance Verification,Preventive,monthly,5,3,"10,0",Minutes,"0,0",Minutes,"Inspector Junior, Inspector Senior",18.0,4/11/2024,8/11/2024,In service,Asset Description 9,Bad,Rue de l'Église,10.0,1081.0,Brussels,Brussels,Customer 4,0,10,11,2024-11-04 09:20,2024-11-04 09:30
308,To do,Preventive-monthly-1,Safety Systems Check,Preventive,monthly,1,3,"30,0",Minutes,"0,0",Minutes,"Inspector Junior, Inspector Senior",,4/11/2024,8/11/2024,In service,Asset Description 10,Adequate,Chaussée de Gand,400.0,1080.0,Brussels,Brussels,Customer 5,0,30,11,2024-11-05 08:00,2024-11-05 08:30
309,To do,Preventive-monthly-2,Structural and Mechanical Inspection,Preventive,monthly,2,3,"30,0",Minutes,"0,0",Minutes,"Inspector Junior, Inspector Senior",15.0,4/11/2024,8/11/2024,In service,Asset Description 10,Adequate,Chaussée de Gand,400.0,1080.0,Brussels,Brussels,Customer 5,0,30,11,2024-11-05 08:30,2024-11-05 09:00
310,To do,Preventive-monthly-3,Electrical and Control Systems Examination,Preventive,monthly,3,3,"30,0",Minutes,"0,0",Minutes,"Inspector Junior, Inspector Senior",16.0,4/11/2024,8/11/2024,In service,Asset Description 10,Adequate,Chaussée de Gand,400.0,1080.0,Brussels,Brussels,Customer 5,0,30,11,2024-11-05 09:00,2024-11-05 09:30
311,To do,Preventive-monthly-4,Performance and Load Testing,Preventive,monthly,4,3,"50,0",Minutes,"0,0",Minutes,"Inspector Junior, Inspector Senior",17.0,4/11/2024,8/11/2024,In service,Asset Description 10,Adequate,Chaussée de Gand,400.0,1080.0,Brussels,Brussels,Customer 5,0,50,11,2024-11-05 09:30,2024-11-05 10:20
312,To do,Preventive-monthly-5,Documentation and Compliance Verification,Preventive,monthly,5,3,"10,0",Minutes,"0,0",Minutes,"Inspector Junior, Inspector Senior",18.0,4/11/2024,8/11/2024,In service,Asset Description 10,Adequate,Chaussée de Gand,400.0,1080.0,Brussels,Brussels,Customer 5,0,10,11,2024-11-05 10:20,2024-11-05 10:30
154,To do,Corrective-Low-1,Diagnostics and Troubleshooting,Corrective,Low,1,4,"30,0",Minutes,"0,0",Minutes,"Electrician, Mecanician, Inspector Junior, Inspector Senior",,,,In service,Asset Description 11,Adequate,Rue de la Paix,15.0,1140.0,Brussels,Brussels,Customer 1,1,30,9,2024-11-08 14:15,2024-11-08 14:45
155,To do,Corrective-Low-2,Component Repair and Replacement,Corrective,Low,2,4,"1,0",Hours,"0,0",Minutes,"Electrician, Mecanician, Inspector Junior, Inspector Senior",8.0,,,In service,Asset Description 11,Adequate,Rue de la Paix,15.0,1140.0,Brussels,Brussels,Customer 1,1,60,9,2024-11-08 14:45,2024-11-08 15:45
156,To do,Corrective-Low-3,Control System Checks,Corrective,Low,3,4,"5,0",Minutes,"0,0",Minutes,"Electrician, Mecanician, Inspector Junior, Inspector Senior",9.0,,,In service,Asset Description 11,Adequate,Rue de la Paix,15.0,1140.0,Brussels,Brussels,Customer 1,1,5,9,2024-11-08 15:45,2024-11-08 15:50
157,To do,Corrective-Low-4,Testing and Validation,Corrective,Low,4,4,"5,0",Minutes,"0,0",Minutes,"Electrician, Mecanician, Inspector Junior, Inspector Senior",10.0,,,In service,Asset Description 11,Adequate,Rue de la Paix,15.0,1140.0,Brussels,Brussels,Customer 1,1,5,9,2024-11-08 15:50,2024-11-08 15:55
158,To do,Corrective-Low-5,Documentation and Reporting,Corrective,Low,5,4,"5,0",Minutes,"0,0",Minutes,"Electrician, Mecanician, Inspector Junior, Inspector Senior",11.0,,,In service,Asset Description 11,Adequate,Rue de la Paix,15.0,1140.0,Brussels,Brussels,Customer 1,1,5,9,2024-11-08 15:55,2024-11-08 16:00
159,To do,Corrective-Low-6,Post-Maintenance Adjustments,Corrective,Low,6,4,"5,0",Minutes,"0,0",Minutes,"Electrician, Mecanician, Inspector Junior, Inspector Senior",12.0,,,In service,Asset Description 11,Adequate,Rue de la Paix,15.0,1140.0,Brussels,Brussels,Customer 1,1,5,9,2024-11-08 16:00,2024-11-08 16:05
160,To do,Corrective-Low-7,System Cleanup and Safety Checks,Corrective,Low,7,4,"10,0",Minutes,"0,0",Minutes,"Electrician, Mecanician, Inspector Junior, Inspector Senior",13.0,,,In service,Asset Description 11,Adequate,Rue de la Paix,15.0,1140.0,Brussels,Brussels,Customer 1,1,10,9,2024-11-08 16:05,2024-11-08 16:15
161,To do,Corrective-Low-1,Diagnostics and Troubleshooting,Corrective,Low,1,4,"30,0",Minutes,"0,0",Minutes,"Electrician, Mecanician, Inspector Junior, Inspector Senior",,,,In service,Asset Description 12,Good,Avenue des Cerisiers,20.0,1200.0,Brussels,Brussels,Customer 1,1,30,17,2024-11-11 15:00,2024-11-11 15:30
162,To do,Corrective-Low-2,Component Repair and Replacement,Corrective,Low,2,4,"1,0",Hours,"0,0",Minutes,"Electrician, Mecanician, Inspector Junior, Inspector Senior",8.0,,,In service,Asset Description 12,Good,Avenue des Cerisiers,20.0,1200.0,Brussels,Brussels,Customer 1,1,60,17,2024-11-11 15:30,2024-11-11 16:30
163,To do,Corrective-Low-3,Control System Checks,Corrective,Low,3,4,"5,0",Minutes,"0,0",Minutes,"Electrician, Mecanician, Inspector Junior, Inspector Senior",9.0,,,In service,Asset Description 12,Good,Avenue des Cerisiers,20.0,1200.0,Brussels,Brussels,Customer 1,1,5,17,2024-11-11 16:30,2024-11-11 16:35
164,To do,Corrective-Low-4,Testing and Validation,Corrective,Low,4,4,"5,0",Minutes,"0,0",Minutes,"Electrician, Mecanician, Inspector Junior, Inspector Senior",10.0,,,In service,Asset Description 12,Good,Avenue des Cerisiers,20.0,1200.0,Brussels,Brussels,Customer 1,1,5,17,2024-11-11 16:35,2024-11-11 16:40
165,To do,Corrective-Low-5,Documentation and Reporting,Corrective,Low,5,4,"5,0",Minutes,"0,0",Minutes,"Electrician, Mecanician, Inspector Junior, Inspector Senior",11.0,,,In service,Asset Description 12,Good,Avenue des Cerisiers,20.0,1200.0,Brussels,Brussels,Customer 1,1,5,17,2024-11-11 16:40,2024-11-11 16:45
166,To do,Corrective-Low-6,Post-Maintenance Adjustments,Corrective,Low,6,4,"5,0",Minutes,"0,0",Minutes,"Electrician, Mecanician, Inspector Junior, Inspector Senior",12.0,,,In service,Asset Description 12,Good,Avenue des Cerisiers,20.0,1200.0,Brussels,Brussels,Customer 1,1,5,17,2024-11-11 16:45,2024-11-11 16:50
167,To do,Corrective-Low-7,System Cleanup and Safety Checks,Corrective,Low,7,4,"10,0",Minutes,"0,0",Minutes,"Electrician, Mecanician, Inspector Junior, Inspector Senior",13.0,,,In service,Asset Description 12,Good,Avenue des Cerisiers,20.0,1200.0,Brussels,Brussels,Customer 1,1,10,17,2024-11-11 16:50,2024-11-11 17:00
168,To do,Corrective-Low-1,Diagnostics and Troubleshooting,Corrective,Low,1,4,"30,0",Minutes,"0,0",Minutes,"Electrician, Mecanician, Inspector Junior, Inspector Senior",,,,In service,Asset Description 13,Adequate,Rue de la Station,8.0,1210.0,Brussels,Brussels,Customer 1,1,30,9,2024-11-08 16:15,2024-11-08 16:45
169,To do,Corrective-Low-2,Component Repair and Replacement,Corrective,Low,2,4,"1,0",Hours,"0,0",Minutes,"Electrician, Mecanician, Inspector Junior, Inspector Senior",8.0,,,In service,Asset Description 13,Adequate,Rue de la Station,8.0,1210.0,Brussels,Brussels,Customer 1,1,60,16,2024-11-08 07:00,2024-11-08 08:00
170,To do,Corrective-Low-3,Control System Checks,Corrective,Low,3,4,"5,0",Minutes,"0,0",Minutes,"Electrician, Mecanician, Inspector Junior, Inspector Senior",9.0,,,In service,Asset Description 13,Adequate,Rue de la Station,8.0,1210.0,Brussels,Brussels,Customer 1,1,5,9,2024-11-08 16:45,2024-11-08 16:50
171,To do,Corrective-Low-4,Testing and Validation,Corrective,Low,4,4,"5,0",Minutes,"0,0",Minutes,"Electrician, Mecanician, Inspector Junior, Inspector Senior",10.0,,,In service,Asset Description 13,Adequate,Rue de la Station,8.0,1210.0,Brussels,Brussels,Customer 1,1,5,9,2024-11-08 16:50,2024-11-08 16:55
172,To do,Corrective-Low-5,Documentation and Reporting,Corrective,Low,5,4,"5,0",Minutes,"0,0",Minutes,"Electrician, Mecanician, Inspector Junior, Inspector Senior",11.0,,,In service,Asset Description 13,Adequate,Rue de la Station,8.0,1210.0,Brussels,Brussels,Customer 1,1,5,9,2024-11-08 16:55,2024-11-08 17:00
173,To do,Corrective-Low-6,Post-Maintenance Adjustments,Corrective,Low,6,4,"5,0",Minutes,"0,0",Minutes,"Electrician, Mecanician, Inspector Junior, Inspector Senior",12.0,,,In service,Asset Description 13,Adequate,Rue de la Station,8.0,1210.0,Brussels,Brussels,Customer 1,1,5,16,2024-11-08 08:00,2024-11-08 08:05
174,To do,Corrective-Low-7,System Cleanup and Safety Checks,Corrective,Low,7,4,"10,0",Minutes,"0,0",Minutes,"Electrician, Mecanician, Inspector Junior, Inspector Senior",13.0,,,In service,Asset Description 13,Adequate,Rue de la Station,8.0,1210.0,Brussels,Brussels,Customer 1,1,10,16,2024-11-08 08:05,2024-11-08 08:15
1337,To do,Corrective-Low-1,Diagnostics and Troubleshooting,Corrective,Low,1,4,"30,0",Minutes,"0,0",Minutes,"Electrician, Mecanician, Inspector Junior, Inspector Senior",,,,In service,Asset Description 14,Good,Boulevard du Souverain,100.0,1160.0,Brussels,Brussels,Customer 1,1,30,2,2024-11-12 07:00,2024-11-12 07:30
1338,To do,Corrective-Low-2,Component Repair and Replacement,Corrective,Low,2,4,"1,0",Hours,"0,0",Minutes,"Electrician, Mecanician, Inspector Junior, Inspector Senior",8.0,,,In service,Asset Description 14,Good,Boulevard du Souverain,100.0,1160.0,Brussels,Brussels,Customer 1,1,60,2,2024-11-12 07:30,2024-11-12 08:30
1339,To do,Corrective-Low-3,Control System Checks,Corrective,Low,3,4,"5,0",Minutes,"0,0",Minutes,"Electrician, Mecanician, Inspector Junior, Inspector Senior",9.0,,,In service,Asset Description 14,Good,Boulevard du Souverain,100.0,1160.0,Brussels,Brussels,Customer 1,1,5,2,2024-11-12 08:30,2024-11-12 08:35
1340,To do,Corrective-Low-4,Testing and Validation,Corrective,Low,4,4,"5,0",Minutes,"0,0",Minutes,"Electrician, Mecanician, Inspector Junior, Inspector Senior",10.0,,,In service,Asset Description 14,Good,Boulevard du Souverain,100.0,1160.0,Brussels,Brussels,Customer 1,1,5,2,2024-11-12 08:35,2024-11-12 08:40
1341,To do,Corrective-Low-5,Documentation and Reporting,Corrective,Low,5,4,"5,0",Minutes,"0,0",Minutes,"Electrician, Mecanician, Inspector Junior, Inspector Senior",11.0,,,In service,Asset Description 14,Good,Boulevard du Souverain,100.0,1160.0,Brussels,Brussels,Customer 1,1,5,2,2024-11-12 08:40,2024-11-12 08:45
1342,To do,Corrective-Low-6,Post-Maintenance Adjustments,Corrective,Low,6,4,"5,0",Minutes,"0,0",Minutes,"Electrician, Mecanician, Inspector Junior, Inspector Senior",12.0,,,In service,Asset Description 14,Good,Boulevard du Souverain,100.0,1160.0,Brussels,Brussels,Customer 1,1,5,2,2024-11-12 08:45,2024-11-12 08:50
1343,To do,Corrective-Low-7,System Cleanup and Safety Checks,Corrective,Low,7,4,"10,0",Minutes,"0,0",Minutes,"Electrician, Mecanician, Inspector Junior, Inspector Senior",13.0,,,In service,Asset Description 14,Good,Boulevard du Souverain,100.0,1160.0,Brussels,Brussels,Customer 1,1,10,2,2024-11-12 08:50,2024-11-12 09:00
1344,To do,Corrective-Low-1,Diagnostics and Troubleshooting,Corrective,Low,1,4,"30,0",Minutes,"0,0",Minutes,"Electrician, Mecanician, Inspector Junior, Inspector Senior",,,,In service,Asset Description 15,Bad,Rue de l'Hôtel des Monnaies,30.0,1060.0,Brussels,Brussels,Customer 1,1,30,9,2024-11-07 07:00,2024-11-07 07:30
1345,To do,Corrective-Low-2,Component Repair and Replacement,Corrective,Low,2,4,"1,0",Hours,"0,0",Minutes,"Electrician, Mecanician, Inspector Junior, Inspector Senior",8.0,,,In service,Asset Description 15,Bad,Rue de l'Hôtel des Monnaies,30.0,1060.0,Brussels,Brussels,Customer 1,1,60,9,2024-11-07 07:30,2024-11-07 08:30
1346,To do,Corrective-Low-3,Control System Checks,Corrective,Low,3,4,"5,0",Minutes,"0,0",Minutes,"Electrician, Mecanician, Inspector Junior, Inspector Senior",9.0,,,In service,Asset Description 15,Bad,Rue de l'Hôtel des Monnaies,30.0,1060.0,Brussels,Brussels,Customer 1,1,5,12,2024-11-07 16:45,2024-11-07 16:50
1347,To do,Corrective-Low-4,Testing and Validation,Corrective,Low,4,4,"5,0",Minutes,"0,0",Minutes,"Electrician, Mecanician, Inspector Junior, Inspector Senior",10.0,,,In service,Asset Description 15,Bad,Rue de l'Hôtel des Monnaies,30.0,1060.0,Brussels,Brussels,Customer 1,1,5,12,2024-11-07 16:50,2024-11-07 16:55
1348,To do,Corrective-Low-5,Documentation and Reporting,Corrective,Low,5,4,"5,0",Minutes,"0,0",Minutes,"Electrician, Mecanician, Inspector Junior, Inspector Senior",11.0,,,In service,Asset Description 15,Bad,Rue de l'Hôtel des Monnaies,30.0,1060.0,Brussels,Brussels,Customer 1,1,5,12,2024-11-07 16:55,2024-11-07 17:00
1349,To do,Corrective-Low-6,Post-Maintenance Adjustments,Corrective,Low,6,4,"5,0",Minutes,"0,0",Minutes,"Electrician, Mecanician, Inspector Junior, Inspector Senior",12.0,,,In service,Asset Description 15,Bad,Rue de l'Hôtel des Monnaies,30.0,1060.0,Brussels,Brussels,Customer 1,1,5,9,2024-11-07 08:30,2024-11-07 08:35
1350,To do,Corrective-Low-7,System Cleanup and Safety Checks,Corrective,Low,7,4,"10,0",Minutes,"0,0",Minutes,"Electrician, Mecanician, Inspector Junior, Inspector Senior",13.0,,,In service,Asset Description 15,Bad,Rue de l'Hôtel des Monnaies,30.0,1060.0,Brussels,Brussels,Customer 1,1,10,9,2024-11-07 08:35,2024-11-07 08:45
252,To do,Corrective-Low-1,Diagnostics and Troubleshooting,Corrective,Low,1,4,"30,0",Minutes,"0,0",Minutes,"Electrician, Mecanician, Inspector Junior, Inspector Senior",,,,In service,Asset Description 16,Good,Avenue de la Couronne,50.0,1050.0,Brussels,Brussels,Customer 2,1,30,2,2024-11-12 09:00,2024-11-12 09:30
253,To do,Corrective-Low-2,Component Repair and Replacement,Corrective,Low,2,4,"1,0",Hours,"0,0",Minutes,"Electrician, Mecanician, Inspector Junior, Inspector Senior",8.0,,,In service,Asset Description 16,Good,Avenue de la Couronne,50.0,1050.0,Brussels,Brussels,Customer 2,1,60,2,2024-11-12 09:30,2024-11-12 10:30
254,To do,Corrective-Low-3,Control System Checks,Corrective,Low,3,4,"5,0",Minutes,"0,0",Minutes,"Electrician, Mecanician, Inspector Junior, Inspector Senior",9.0,,,In service,Asset Description 16,Good,Avenue de la Couronne,50.0,1050.0,Brussels,Brussels,Customer 2,1,5,2,2024-11-12 10:30,2024-11-12 10:35
255,To do,Corrective-Low-4,Testing and Validation,Corrective,Low,4,4,"5,0",Minutes,"0,0",Minutes,"Electrician, Mecanician, Inspector Junior, Inspector Senior",10.0,,,In service,Asset Description 16,Good,Avenue de la Couronne,50.0,1050.0,Brussels,Brussels,Customer 2,1,5,2,2024-11-12 10:35,2024-11-12 10:40
256,To do,Corrective-Low-5,Documentation and Reporting,Corrective,Low,5,4,"5,0",Minutes,"0,0",Minutes,"Electrician, Mecanician, Inspector Junior, Inspector Senior",11.0,,,In service,Asset Description 16,Good,Avenue de la Couronne,50.0,1050.0,Brussels,Brussels,Customer 2,1,5,2,2024-11-12 10:40,2024-11-12 10:45
257,To do,Corrective-Low-6,Post-Maintenance Adjustments,Corrective,Low,6,4,"5,0",Minutes,"0,0",Minutes,"Electrician, Mecanician, Inspector Junior, Inspector Senior",12.0,,,In service,Asset Description 16,Good,Avenue de la Couronne,50.0,1050.0,Brussels,Brussels,Customer 2,1,5,2,2024-11-12 10:45,2024-11-12 10:50
258,To do,Corrective-Low-7,System Cleanup and Safety Checks,Corrective,Low,7,4,"10,0",Minutes,"0,0",Minutes,"Electrician, Mecanician, Inspector Junior, Inspector Senior",13.0,,,In service,Asset Description 16,Good,Avenue de la Couronne,50.0,1050.0,Brussels,Brussels,Customer 2,1,10,2,2024-11-12 10:50,2024-11-12 11:00
259,To do,Corrective-Low-1,Diagnostics and Troubleshooting,Corrective,Low,1,4,"30,0",Minutes,"0,0",Minutes,"Electrician, Mecanician, Inspector Junior, Inspector Senior",,,,In service,Asset Description 17,Bad,Rue de la Brasserie,60.0,1050.0,Brussels,Brussels,Customer 2,1,30,9,2024-11-07 08:45,2024-11-07 09:15
260,To do,Corrective-Low-2,Component Repair and Replacement,Corrective,Low,2,4,"1,0",Hours,"0,0",Minutes,"Electrician, Mecanician, Inspector Junior, Inspector Senior",8.0,,,In service,Asset Description 17,Bad,Rue de la Brasserie,60.0,1050.0,Brussels,Brussels,Customer 2,1,60,9,2024-11-07 09:15,2024-11-07 10:15
261,To do,Corrective-Low-3,Control System Checks,Corrective,Low,3,4,"5,0",Minutes,"0,0",Minutes,"Electrician, Mecanician, Inspector Junior, Inspector Senior",9.0,,,In service,Asset Description 17,Bad,Rue de la Brasserie,60.0,1050.0,Brussels,Brussels,Customer 2,1,5,9,2024-11-07 10:15,2024-11-07 10:20
262,To do,Corrective-Low-4,Testing and Validation,Corrective,Low,4,4,"5,0",Minutes,"0,0",Minutes,"Electrician, Mecanician, Inspector Junior, Inspector Senior",10.0,,,In service,Asset Description 17,Bad,Rue de la Brasserie,60.0,1050.0,Brussels,Brussels,Customer 2,1,5,9,2024-11-07 10:20,2024-11-07 10:25
263,To do,Corrective-Low-5,Documentation and Reporting,Corrective,Low,5,4,"5,0",Minutes,"0,0",Minutes,"Electrician, Mecanician, Inspector Junior, Inspector Senior",11.0,,,In service,Asset Description 17,Bad,Rue de la Brasserie,60.0,1050.0,Brussels,Brussels,Customer 2,1,5,9,2024-11-07 10:25,2024-11-07 10:30
264,To do,Corrective-Low-6,Post-Maintenance Adjustments,Corrective,Low,6,4,"5,0",Minutes,"0,0",Minutes,"Electrician, Mecanician, Inspector Junior, Inspector Senior",12.0,,,In service,Asset Description 17,Bad,Rue de la Brasserie,60.0,1050.0,Brussels,Brussels,Customer 2,1,5,9,2024-11-07 10:30,2024-11-07 10:35
265,To do,Corrective-Low-7,System Cleanup and Safety Checks,Corrective,Low,7,4,"10,0",Minutes,"0,0",Minutes,"Electrician, Mecanician, Inspector Junior, Inspector Senior",13.0,,,In service,Asset Description 17,Bad,Rue de la Brasserie,60.0,1050.0,Brussels,Brussels,Customer 2,1,10,9,2024-11-07 10:35,2024-11-07 10:45
245,To do,Corrective-Low-1,Diagnostics and Troubleshooting,Corrective,Low,1,4,"30,0",Minutes,"0,0",Minutes,"Electrician, Mecanician, Inspector Junior, Inspector Senior",,,,In service,Asset Description 18,Good,Chaussée de Louvain,70.0,1210.0,Brussels,Brussels,Customer 3,1,30,2,2024-11-12 12:00,2024-11-12 12:30
246,To do,Corrective-Low-2,Component Repair and Replacement,Corrective,Low,2,4,"1,0",Hours,"0,0",Minutes,"Electrician, Mecanician, Inspector Junior, Inspector Senior",8.0,,,In service,Asset Description 18,Good,Chaussée de Louvain,70.0,1210.0,Brussels,Brussels,Customer 3,1,60,2,2024-11-12 12:30,2024-11-12 13:30
247,To do,Corrective-Low-3,Control System Checks,Corrective,Low,3,4,"5,0",Minutes,"0,0",Minutes,"Electrician, Mecanician, Inspector Junior, Inspector Senior",9.0,,,In service,Asset Description 18,Good,Chaussée de Louvain,70.0,1210.0,Brussels,Brussels,Customer 3,1,5,2,2024-11-12 13:30,2024-11-12 13:35
248,To do,Corrective-Low-4,Testing and Validation,Corrective,Low,4,4,"5,0",Minutes,"0,0",Minutes,"Electrician, Mecanician, Inspector Junior, Inspector Senior",10.0,,,In service,Asset Description 18,Good,Chaussée de Louvain,70.0,1210.0,Brussels,Brussels,Customer 3,1,5,2,2024-11-12 13:35,2024-11-12 13:40
249,To do,Corrective-Low-5,Documentation and Reporting,Corrective,Low,5,4,"5,0",Minutes,"0,0",Minutes,"Electrician, Mecanician, Inspector Junior, Inspector Senior",11.0,,,In service,Asset Description 18,Good,Chaussée de Louvain,70.0,1210.0,Brussels,Brussels,Customer 3,1,5,2,2024-11-12 13:40,2024-11-12 13:45
250,To do,Corrective-Low-6,Post-Maintenance Adjustments,Corrective,Low,6,4,"5,0",Minutes,"0,0",Minutes,"Electrician, Mecanician, Inspector Junior, Inspector Senior",12.0,,,In service,Asset Description 18,Good,Chaussée de Louvain,70.0,1210.0,Brussels,Brussels,Customer 3,1,5,2,2024-11-12 13:45,2024-11-12 13:50
251,To do,Corrective-Low-7,System Cleanup and Safety Checks,Corrective,Low,7,4,"10,0",Minutes,"0,0",Minutes,"Electrician, Mecanician, Inspector Junior, Inspector Senior",13.0,,,In service,Asset Description 18,Good,Chaussée de Louvain,70.0,1210.0,Brussels,Brussels,Customer 3,1,10,2,2024-11-12 13:50,2024-11-12 14:00
238,To do,Corrective-Low-1,Diagnostics and Troubleshooting,Corrective,Low,1,4,"30,0",Minutes,"0,0",Minutes,"Electrician, Mecanician, Inspector Junior, Inspector Senior",,,,In service,Asset Description 19,Adequate,Rue de la Loi,200.0,1040.0,Brussels,Brussels,Customer 4,1,30,16,2024-11-08 08:15,2024-11-08 08:45
239,To do,Corrective-Low-2,Component Repair and Replacement,Corrective,Low,2,4,"1,0",Hours,"0,0",Minutes,"Electrician, Mecanician, Inspector Junior, Inspector Senior",8.0,,,In service,Asset Description 19,Adequate,Rue de la Loi,200.0,1040.0,Brussels,Brussels,Customer 4,1,60,16,2024-11-08 08:45,2024-11-08 09:45
240,To do,Corrective-Low-3,Control System Checks,Corrective,Low,3,4,"5,0",Minutes,"0,0",Minutes,"Electrician, Mecanician, Inspector Junior, Inspector Senior",9.0,,,In service,Asset Description 19,Adequate,Rue de la Loi,200.0,1040.0,Brussels,Brussels,Customer 4,1,5,16,2024-11-08 09:45,2024-11-08 09:50
241,To do,Corrective-Low-4,Testing and Validation,Corrective,Low,4,4,"5,0",Minutes,"0,0",Minutes,"Electrician, Mecanician, Inspector Junior, Inspector Senior",10.0,,,In service,Asset Description 19,Adequate,Rue de la Loi,200.0,1040.0,Brussels,Brussels,Customer 4,1,5,16,2024-11-08 09:50,2024-11-08 09:55
242,To do,Corrective-Low-5,Documentation and Reporting,Corrective,Low,5,4,"5,0",Minutes,"0,0",Minutes,"Electrician, Mecanician, Inspector Junior, Inspector Senior",11.0,,,In service,Asset Description 19,Adequate,Rue de la Loi,200.0,1040.0,Brussels,Brussels,Customer 4,1,5,16,2024-11-08 09:55,2024-11-08 10:00
243,To do,Corrective-Low-6,Post-Maintenance Adjustments,Corrective,Low,6,4,"5,0",Minutes,"0,0",Minutes,"Electrician, Mecanician, Inspector Junior, Inspector Senior",12.0,,,In service,Asset Description 19,Adequate,Rue de la Loi,200.0,1040.0,Brussels,Brussels,Customer 4,1,5,16,2024-11-08 10:00,2024-11-08 10:05
244,To do,Corrective-Low-7,System Cleanup and Safety Checks,Corrective,Low,7,4,"10,0",Minutes,"0,0",Minutes,"Electrician, Mecanician, Inspector Junior, Inspector Senior",13.0,,,In service,Asset Description 19,Adequate,Rue de la Loi,200.0,1040.0,Brussels,Brussels,Customer 4,1,10,16,2024-11-08 10:05,2024-11-08 10:15
303,To do,Preventive-monthly-1,Safety Systems Check,Preventive,monthly,1,3,"30,0",Minutes,"0,0",Minutes,"Inspector Junior, Inspector Senior",,4/11/2024,8/11/2024,In service,Asset Description 20,Bad,Avenue de la Toison d'Or,12.0,1050.0,Brussels,Brussels,Customer 5,0,30,11,2024-11-04 09:30,2024-11-04 10:00
304,To do,Preventive-monthly-2,Structural and Mechanical Inspection,Preventive,monthly,2,3,"30,0",Minutes,"0,0",Minutes,"Inspector Junior, Inspector Senior",15.0,4/11/2024,8/11/2024,In service,Asset Description 20,Bad,Avenue de la Toison d'Or,12.0,1050.0,Brussels,Brussels,Customer 5,0,30,11,2024-11-04 10:00,2024-11-04 10:30
305,To do,Preventive-monthly-3,Electrical and Control Systems Examination,Preventive,monthly,3,3,"30,0",Minutes,"0,0",Minutes,"Inspector Junior, Inspector Senior",16.0,4/11/2024,8/11/2024,In service,Asset Description 20,Bad,Avenue de la Toison d'Or,12.0,1050.0,Brussels,Brussels,Customer 5,0,30,11,2024-11-04 10:30,2024-11-04 11:00
306,To do,Preventive-monthly-4,Performance and Load Testing,Preventive,monthly,4,3,"50,0",Minutes,"0,0",Minutes,"Inspector Junior, Inspector Senior",17.0,4/11/2024,8/11/2024,In service,Asset Description 20,Bad,Avenue de la Toison d'Or,12.0,1050.0,Brussels,Brussels,Customer 5,0,50,11,2024-11-04 12:00,2024-11-04 12:50
307,To do,Preventive-monthly-5,Documentation and Compliance Verification,Preventive,monthly,5,3,"10,0",Minutes,"0,0",Minutes,"Inspector Junior, Inspector Senior",18.0,4/11/2024,8/11/2024,In service,Asset Description 20,Bad,Avenue de la Toison d'Or,12.0,1050.0,Brussels,Brussels,Customer 5,0,10,11,2024-11-04 12:50,2024-11-04 13:00
298,To do,Preventive-monthly-1,Safety Systems Check,Preventive,monthly,1,3,"30,0",Minutes,"0,0",Minutes,"Inspector Junior, Inspector Senior",,11/11/2024,15/11/2024,In service,Asset Description 21,Adequate,Rue de la Chapelle,5.0,1000.0,Brussels,Brussels,Customer 4,0,30,12,2024-11-06 07:50,2024-11-06 08:20
299,To do,Preventive-monthly-2,Structural and Mechanical Inspection,Preventive,monthly,2,3,"30,0",Minutes,"0,0",Minutes,"Inspector Junior, Inspector Senior",15.0,11/11/2024,15/11/2024,In service,Asset Description 21,Adequate,Rue de la Chapelle,5.0,1000.0,Brussels,Brussels,Customer 4,0,30,12,2024-11-06 08:20,2024-11-06 08:50
300,To do,Preventive-monthly-3,Electrical and Control Systems Examination,Preventive,monthly,3,3,"30,0",Minutes,"0,0",Minutes,"Inspector Junior, Inspector Senior",16.0,11/11/2024,15/11/2024,In service,Asset Description 21,Adequate,Rue de la Chapelle,5.0,1000.0,Brussels,Brussels,Customer 4,0,30,12,2024-11-06 08:50,2024-11-06 09:20
301,To do,Preventive-monthly-4,Performance and Load Testing,Preventive,monthly,4,3,"50,0",Minutes,"0,0",Minutes,"Inspector Junior, Inspector Senior",17.0,11/11/2024,15/11/2024,In service,Asset Description 21,Adequate,Rue de la Chapelle,5.0,1000.0,Brussels,Brussels,Customer 4,0,50,12,2024-11-06 09:20,2024-11-06 10:10
302,To do,Preventive-monthly-5,Documentation and Compliance Verification,Preventive,monthly,5,3,"10,0",Minutes,"0,0",Minutes,"Inspector Junior, Inspector Senior",18.0,11/11/2024,15/11/2024,In service,Asset Description 21,Adequate,Rue de la Chapelle,5.0,1000.0,Brussels,Brussels,Customer 4,0,10,11,2024-11-06 16:40,2024-11-06 16:50
276,To do,Preventive-monthly-1,Safety Systems Check,Preventive,monthly,1,3,"30,0",Minutes,"0,0",Minutes,"Inspector Junior, Inspector Senior",,4/11/2024,8/11/2024,In service,Asset Description 22,Bad,Boulevard Anspach,24.0,1000.0,Brussels,Brussels,Customer 5,0,30,11,2024-11-04 13:00,2024-11-04 13:30
277,To do,Preventive-monthly-2,Structural and Mechanical Inspection,Preventive,monthly,2,3,"30,0",Minutes,"0,0",Minutes,"Inspector Junior, Inspector Senior",15.0,4/11/2024,8/11/2024,In service,Asset Description 22,Bad,Boulevard Anspach,24.0,1000.0,Brussels,Brussels,Customer 5,0,30,11,2024-11-04 13:30,2024-11-04 14:00
278,To do,Preventive-monthly-3,Electrical and Control Systems Examination,Preventive,monthly,3,3,"30,0",Minutes,"0,0",Minutes,"Inspector Junior, Inspector Senior",16.0,4/11/2024,8/11/2024,In service,Asset Description 22,Bad,Boulevard Anspach,24.0,1000.0,Brussels,Brussels,Customer 5,0,30,11,2024-11-04 14:00,2024-11-04 14:30
279,To do,Preventive-monthly-4,Performance and Load Testing,Preventive,monthly,4,3,"50,0",Minutes,"0,0",Minutes,"Inspector Junior, Inspector Senior",17.0,4/11/2024,8/11/2024,In service,Asset Description 22,Bad,Boulevard Anspach,24.0,1000.0,Brussels,Brussels,Customer 5,0,50,11,2024-11-04 14:30,2024-11-04 15:20
280,To do,Preventive-monthly-5,Documentation and Compliance Verification,Preventive,monthly,5,3,"10,0",Minutes,"0,0",Minutes,"Inspector Junior, Inspector Senior",18.0,4/11/2024,8/11/2024,In service,Asset Description 22,Bad,Boulevard Anspach,24.0,1000.0,Brussels,Brussels,Customer 5,0,10,11,2024-11-04 15:20,2024-11-04 15:30
281,To do,Preventive-monthly-1,Safety Systems Check,Preventive,monthly,1,3,"30,0",Minutes,"0,0",Minutes,"Inspector Junior, Inspector Senior",,4/11/2024,8/11/2024,In service,Asset Description 23,Adequate,Rue du Bailli,100.0,1050.0,Brussels,Brussels,Customer 5,0,30,11,2024-11-05 10:30,2024-11-05 11:00
282,To do,Preventive-monthly-2,Structural and Mechanical Inspection,Preventive,monthly,2,3,"30,0",Minutes,"0,0",Minutes,"Inspector Junior, Inspector Senior",15.0,4/11/2024,8/11/2024,In service,Asset Description 23,Adequate,Rue du Bailli,100.0,1050.0,Brussels,Brussels,Customer 5,0,30,11,2024-11-05 12:00,2024-11-05 12:30
283,To do,Preventive-monthly-3,Electrical and Control Systems Examination,Preventive,monthly,3,3,"30,0",Minutes,"0,0",Minutes,"Inspector Junior, Inspector Senior",16.0,4/11/2024,8/11/2024,In service,Asset Description 23,Adequate,Rue du Bailli,100.0,1050.0,Brussels,Brussels,Customer 5,0,30,11,2024-11-05 12:30,2024-11-05 13:00
284,To do,Preventive-monthly-4,Performance and Load Testing,Preventive,monthly,4,3,"50,0",Minutes,"0,0",Minutes,"Inspector Junior, Inspector Senior",17.0,4/11/2024,8/11/2024,In service,Asset Description 23,Adequate,Rue du Bailli,100.0,1050.0,Brussels,Brussels,Customer 5,0,50,11,2024-11-05 13:00,2024-11-05 13:50
285,To do,Preventive-monthly-5,Documentation and Compliance Verification,Preventive,monthly,5,3,"10,0",Minutes,"0,0",Minutes,"Inspector Junior, Inspector Senior",18.0,4/11/2024,8/11/2024,In service,Asset Description 23,Adequate,Rue du Bailli,100.0,1050.0,Brussels,Brussels,Customer 5,0,10,11,2024-11-05 13:50,2024-11-05 14:00
286,To do,Preventive-monthly-1,Safety Systems Check,Preventive,monthly,1,3,"30,0",Minutes,"0,0",Minutes,"Inspector Junior, Inspector Senior",,4/11/2024,8/11/2024,In service,Asset Description 24,Adequate,Avenue Brugmann,200.0,1180.0,Brussels,Brussels,Customer 5,0,30,11,2024-11-05 14:00,2024-11-05 14:30
287,To do,Preventive-monthly-2,Structural and Mechanical Inspection,Preventive,monthly,2,3,"30,0",Minutes,"0,0",Minutes,"Inspector Junior, Inspector Senior",15.0,4/11/2024,8/11/2024,In service,Asset Description 24,Adequate,Avenue Brugmann,200.0,1180.0,Brussels,Brussels,Customer 5,0,30,11,2024-11-05 14:30,2024-11-05 15:00
288,To do,Preventive-monthly-3,Electrical and Control Systems Examination,Preventive,monthly,3,3,"30,0",Minutes,"0,0",Minutes,"Inspector Junior, Inspector Senior",16.0,4/11/2024,8/11/2024,In service,Asset Description 24,Adequate,Avenue Brugmann,200.0,1180.0,Brussels,Brussels,Customer 5,0,30,11,2024-11-05 15:00,2024-11-05 15:30
289,To do,Preventive-monthly-4,Performance and Load Testing,Preventive,monthly,4,3,"50,0",Minutes,"0,0",Minutes,"Inspector Junior, Inspector Senior",17.0,4/11/2024,8/11/2024,In service,Asset Description 24,Adequate,Avenue Brugmann,200.0,1180.0,Brussels,Brussels,Customer 5,0,50,11,2024-11-05 15:30,2024-11-05 16:20
290,To do,Preventive-monthly-5,Documentation and Compliance Verification,Preventive,monthly,5,3,"10,0",Minutes,"0,0",Minutes,"Inspector Junior, Inspector Senior",18.0,4/11/2024,8/11/2024,In service,Asset Description 24,Adequate,Avenue Brugmann,200.0,1180.0,Brussels,Brussels,Customer 5,0,10,11,2024-11-05 16:20,2024-11-05 16:30
291,To do,Preventive-monthly-1,Safety Systems Check,Preventive,monthly,1,3,"30,0",Minutes,"0,0",Minutes,"Inspector Junior, Inspector Senior",,11/11/2024,15/11/2024,In service,Asset Description 25,Bad,Meir,50.0,2000.0,Antwerpen,Flanders,Customer 6,0,30,9,2024-11-04 09:00,2024-11-04 09:30
292,To do,Preventive-monthly-2,Structural and Mechanical Inspection,Preventive,monthly,2,3,"30,0",Minutes,"0,0",Minutes,"Inspector Junior, Inspector Senior",15.0,11/11/2024,15/11/2024,In service,Asset Description 25,Bad,Meir,50.0,2000.0,Antwerpen,Flanders,Customer 6,0,30,9,2024-11-04 09:30,2024-11-04 10:00
293,To do,Preventive-monthly-3,Electrical and Control Systems Examination,Preventive,monthly,3,3,"30,0",Minutes,"0,0",Minutes,"Inspector Junior, Inspector Senior",16.0,11/11/2024,15/11/2024,In service,Asset Description 25,Bad,Meir,50.0,2000.0,Antwerpen,Flanders,Customer 6,0,30,9,2024-11-04 10:00,2024-11-04 10:30
294,To do,Preventive-monthly-4,Performance and Load Testing,Preventive,monthly,4,3,"50,0",Minutes,"0,0",Minutes,"Inspector Junior, Inspector Senior",17.0,11/11/2024,15/11/2024,In service,Asset Description 25,Bad,Meir,50.0,2000.0,Antwerpen,Flanders,Customer 6,0,50,9,2024-11-04 12:00,2024-11-04 12:50
295,To do,Preventive-monthly-5,Documentation and Compliance Verification,Preventive,monthly,5,3,"10,0",Minutes,"0,0",Minutes,"Inspector Junior, Inspector Senior",18.0,11/11/2024,15/11/2024,In service,Asset Description 25,Bad,Meir,50.0,2000.0,Antwerpen,Flanders,Customer 6,0,10,9,2024-11-04 10:30,2024-11-04 10:40
271,To do,Preventive-monthly-1,Safety Systems Check,Preventive,monthly,1,3,"30,0",Minutes,"0,0",Minutes,"Inspector Junior, Inspector Senior",,4/11/2024,8/11/2024,In service,Asset Description 26,Good,Korenmarkt,1.0,9000.0,Ghent,Flanders,Customer 7,0,30,16,2024-11-06 14:40,2024-11-06 15:10
272,To do,Preventive-monthly-2,Structural and Mechanical Inspection,Preventive,monthly,2,3,"30,0",Minutes,"0,0",Minutes,"Inspector Junior, Inspector Senior",15.0,4/11/2024,8/11/2024,In service,Asset Description 26,Good,Korenmarkt,1.0,9000.0,Ghent,Flanders,Customer 7,0,30,16,2024-11-06 15:10,2024-11-06 15:40
273,To do,Preventive-monthly-3,Electrical and Control Systems Examination,Preventive,monthly,3,3,"30,0",Minutes,"0,0",Minutes,"Inspector Junior, Inspector Senior",16.0,4/11/2024,8/11/2024,In service,Asset Description 26,Good,Korenmarkt,1.0,9000.0,Ghent,Flanders,Customer 7,0,30,16,2024-11-06 15:40,2024-11-06 16:10
274,To do,Preventive-monthly-4,Performance and Load Testing,Preventive,monthly,4,3,"50,0",Minutes,"0,0",Minutes,"Inspector Junior, Inspector Senior",17.0,4/11/2024,8/11/2024,In service,Asset Description 26,Good,Korenmarkt,1.0,9000.0,Ghent,Flanders,Customer 7,0,50,16,2024-11-06 16:10,2024-11-06 17:00
275,To do,Preventive-monthly-5,Documentation and Compliance Verification,Preventive,monthly,5,3,"10,0",Minutes,"0,0",Minutes,"Inspector Junior, Inspector Senior",18.0,4/11/2024,8/11/2024,In service,Asset Description 26,Good,Korenmarkt,1.0,9000.0,Ghent,Flanders,Customer 7,0,10,17,2024-11-06 07:00,2024-11-06 07:10
266,To do,Preventive-monthly-1,Safety Systems Check,Preventive,monthly,1,3,"30,0",Minutes,"0,0",Minutes,"Inspector Junior, Inspector Senior",,4/11/2024,8/11/2024,In service,Asset Description 27,Bad,Steenstraat,38.0,8000.0,Bruges,Flanders,Customer 8,0,30,11,2024-11-04 15:30,2024-11-04 16:00
267,To do,Preventive-monthly-2,Structural and Mechanical Inspection,Preventive,monthly,2,3,"30,0",Minutes,"0,0",Minutes,"Inspector Junior, Inspector Senior",15.0,4/11/2024,8/11/2024,In service,Asset Description 27,Bad,Steenstraat,38.0,8000.0,Bruges,Flanders,Customer 8,0,30,11,2024-11-04 16:00,2024-11-04 16:30
268,To do,Preventive-monthly-3,Electrical and Control Systems Examination,Preventive,monthly,3,3,"30,0",Minutes,"0,0",Minutes,"Inspector Junior, Inspector Senior",16.0,4/11/2024,8/11/2024,In service,Asset Description 27,Bad,Steenstraat,38.0,8000.0,Bruges,Flanders,Customer 8,0,30,11,2024-11-04 16:30,2024-11-04 17:00
269,To do,Preventive-monthly-4,Performance and Load Testing,Preventive,monthly,4,3,"50,0",Minutes,"0,0",Minutes,"Inspector Junior, Inspector Senior",17.0,4/11/2024,8/11/2024,In service,Asset Description 27,Bad,Steenstraat,38.0,8000.0,Bruges,Flanders,Customer 8,0,50,12,2024-11-04 07:00,2024-11-04 07:50
270,To do,Preventive-monthly-5,Documentation and Compliance Verification,Preventive,monthly,5,3,"10,0",Minutes,"0,0",Minutes,"Inspector Junior, Inspector Senior",18.0,4/11/2024,8/11/2024,In service,Asset Description 27,Bad,Steenstraat,38.0,8000.0,Bruges,Flanders,Customer 8,0,10,12,2024-11-04 07:50,2024-11-04 08:00
231,To do,Corrective-Low-1,Diagnostics and Troubleshooting,Corrective,Low,1,4,"30,0",Minutes,"0,0",Minutes,"Electrician, Mecanician, Inspector Junior, Inspector Senior",,,,In service,Asset Description 28,Good,Bondgenotenlaan,20.0,3000.0,Leuven,Flanders,Customer 9,1,30,2,2024-11-12 14:00,2024-11-12 14:30
232,To do,Corrective-Low-2,Component Repair and Replacement,Corrective,Low,2,4,"1,0",Hours,"0,0",Minutes,"Electrician, Mecanician, Inspector Junior, Inspector Senior",8.0,,,In service,Asset Description 28,Good,Bondgenotenlaan,20.0,3000.0,Leuven,Flanders,Customer 9,1,60,2,2024-11-12 14:30,2024-11-12 15:30
233,To do,Corrective-Low-3,Control System Checks,Corrective,Low,3,4,"5,0",Minutes,"0,0",Minutes,"Electrician, Mecanician, Inspector Junior, Inspector Senior",9.0,,,In service,Asset Description 28,Good,Bondgenotenlaan,20.0,3000.0,Leuven,Flanders,Customer 9,1,5,2,2024-11-12 15:30,2024-11-12 15:35
234,To do,Corrective-Low-4,Testing and Validation,Corrective,Low,4,4,"5,0",Minutes,"0,0",Minutes,"Electrician, Mecanician, Inspector Junior, Inspector Senior",10.0,,,In service,Asset Description 28,Good,Bondgenotenlaan,20.0,3000.0,Leuven,Flanders,Customer 9,1,5,2,2024-11-12 15:35,2024-11-12 15:40
235,To do,Corrective-Low-5,Documentation and Reporting,Corrective,Low,5,4,"5,0",Minutes,"0,0",Minutes,"Electrician, Mecanician, Inspector Junior, Inspector Senior",11.0,,,In service,Asset Description 28,Good,Bondgenotenlaan,20.0,3000.0,Leuven,Flanders,Customer 9,1,5,2,2024-11-12 15:40,2024-11-12 15:45
236,To do,Corrective-Low-6,Post-Maintenance Adjustments,Corrective,Low,6,4,"5,0",Minutes,"0,0",Minutes,"Electrician, Mecanician, Inspector Junior, Inspector Senior",12.0,,,In service,Asset Description 28,Good,Bondgenotenlaan,20.0,3000.0,Leuven,Flanders,Customer 9,1,5,2,2024-11-12 15:45,2024-11-12 15:50
237,To do,Corrective-Low-7,System Cleanup and Safety Checks,Corrective,Low,7,4,"10,0",Minutes,"0,0",Minutes,"Electrician, Mecanician, Inspector Junior, Inspector Senior",13.0,,,In service,Asset Description 28,Good,Bondgenotenlaan,20.0,3000.0,Leuven,Flanders,Customer 9,1,10,2,2024-11-12 15:50,2024-11-12 16:00
210,To do,Corrective-Low-1,Diagnostics and Troubleshooting,Corrective,Low,1,4,"30,0",Minutes,"0,0",Minutes,"Electrician, Mecanician, Inspector Junior, Inspector Senior",,,,In service,Asset Description 29,Adequate,Bruul,42.0,2800.0,Mechelen,Flanders,Customer 17,1,30,16,2024-11-08 10:15,2024-11-08 10:45
211,To do,Corrective-Low-2,Component Repair and Replacement,Corrective,Low,2,4,"1,0",Hours,"0,0",Minutes,"Electrician, Mecanician, Inspector Junior, Inspector Senior",8.0,,,In service,Asset Description 29,Adequate,Bruul,42.0,2800.0,Mechelen,Flanders,Customer 17,1,60,16,2024-11-08 12:00,2024-11-08 13:00
212,To do,Corrective-Low-3,Control System Checks,Corrective,Low,3,4,"5,0",Minutes,"0,0",Minutes,"Electrician, Mecanician, Inspector Junior, Inspector Senior",9.0,,,In service,Asset Description 29,Adequate,Bruul,42.0,2800.0,Mechelen,Flanders,Customer 17,1,5,16,2024-11-08 10:45,2024-11-08 10:50
213,To do,Corrective-Low-4,Testing and Validation,Corrective,Low,4,4,"5,0",Minutes,"0,0",Minutes,"Electrician, Mecanician, Inspector Junior, Inspector Senior",10.0,,,In service,Asset Description 29,Adequate,Bruul,42.0,2800.0,Mechelen,Flanders,Customer 17,1,5,16,2024-11-08 10:50,2024-11-08 10:55
214,To do,Corrective-Low-5,Documentation and Reporting,Corrective,Low,5,4,"5,0",Minutes,"0,0",Minutes,"Electrician, Mecanician, Inspector Junior, Inspector Senior",11.0,,,In service,Asset Description 29,Adequate,Bruul,42.0,2800.0,Mechelen,Flanders,Customer 17,1,5,16,2024-11-08 10:55,2024-11-08 11:00
215,To do,Corrective-Low-6,Post-Maintenance Adjustments,Corrective,Low,6,4,"5,0",Minutes,"0,0",Minutes,"Electrician, Mecanician, Inspector Junior, Inspector Senior",12.0,,,In service,Asset Description 29,Adequate,Bruul,42.0,2800.0,Mechelen,Flanders,Customer 17,1,5,16,2024-11-08 13:00,2024-11-08 13:05
216,To do,Corrective-Low-7,System Cleanup and Safety Checks,Corrective,Low,7,4,"10,0",Minutes,"0,0",Minutes,"Electrician, Mecanician, Inspector Junior, Inspector Senior",13.0,,,In service,Asset Description 29,Adequate,Bruul,42.0,2800.0,Mechelen,Flanders,Customer 17,1,10,16,2024-11-08 13:05,2024-11-08 13:15
224,To do,Corrective-Low-1,Diagnostics and Troubleshooting,Corrective,Low,1,4,"30,0",Minutes,"0,0",Minutes,"Electrician, Mecanician, Inspector Junior, Inspector Senior",,,,In service,Asset Description 30,Bad,Veldstraat,23.0,9000.0,Ghent,Flanders,Customer 16,1,30,9,2024-11-07 12:00,2024-11-07 12:30
225,To do,Corrective-Low-2,Component Repair and Replacement,Corrective,Low,2,4,"1,0",Hours,"0,0",Minutes,"Electrician, Mecanician, Inspector Junior, Inspector Senior",8.0,,,In service,Asset Description 30,Bad,Veldstraat,23.0,9000.0,Ghent,Flanders,Customer 16,1,60,9,2024-11-07 12:30,2024-11-07 13:30
226,To do,Corrective-Low-3,Control System Checks,Corrective,Low,3,4,"5,0",Minutes,"0,0",Minutes,"Electrician, Mecanician, Inspector Junior, Inspector Senior",9.0,,,In service,Asset Description 30,Bad,Veldstraat,23.0,9000.0,Ghent,Flanders,Customer 16,1,5,9,2024-11-07 10:45,2024-11-07 10:50
227,To do,Corrective-Low-4,Testing and Validation,Corrective,Low,4,4,"5,0",Minutes,"0,0",Minutes,"Electrician, Mecanician, Inspector Junior, Inspector Senior",10.0,,,In service,Asset Description 30,Bad,Veldstraat,23.0,9000.0,Ghent,Flanders,Customer 16,1,5,9,2024-11-07 10:50,2024-11-07 10:55
228,To do,Corrective-Low-5,Documentation and Reporting,Corrective,Low,5,4,"5,0",Minutes,"0,0",Minutes,"Electrician, Mecanician, Inspector Junior, Inspector Senior",11.0,,,In service,Asset Description 30,Bad,Veldstraat,23.0,9000.0,Ghent,Flanders,Customer 16,1,5,9,2024-11-07 10:55,2024-11-07 11:00
229,To do,Corrective-Low-6,Post-Maintenance Adjustments,Corrective,Low,6,4,"5,0",Minutes,"0,0",Minutes,"Electrician, Mecanician, Inspector Junior, Inspector Senior",12.0,,,In service,Asset Description 30,Bad,Veldstraat,23.0,9000.0,Ghent,Flanders,Customer 16,1,5,9,2024-11-07 13:30,2024-11-07 13:35
230,To do,Corrective-Low-7,System Cleanup and Safety Checks,Corrective,Low,7,4,"10,0",Minutes,"0,0",Minutes,"Electrician, Mecanician, Inspector Junior, Inspector Senior",13.0,,,In service,Asset Description 30,Bad,Veldstraat,23.0,9000.0,Ghent,Flanders,Customer 16,1,10,9,2024-11-07 13:35,2024-11-07 13:45
217,To do,Corrective-Low-1,Diagnostics and Troubleshooting,Corrective,Low,1,4,"30,0",Minutes,"0,0",Minutes,"Electrician, Mecanician, Inspector Junior, Inspector Senior",,,,In service,Asset Description 31,Adequate,Hoogstraat,15.0,2000.0,Antwerpen,Flanders,Customer 10,1,30,16,2024-11-08 13:15,2024-11-08 13:45
218,To do,Corrective-Low-2,Component Repair and Replacement,Corrective,Low,2,4,"1,0",Hours,"0,0",Minutes,"Electrician, Mecanician, Inspector Junior, Inspector Senior",8.0,,,In service,Asset Description 31,Adequate,Hoogstraat,15.0,2000.0,Antwerpen,Flanders,Customer 10,1,60,16,2024-11-08 13:45,2024-11-08 14:45
219,To do,Corrective-Low-3,Control System Checks,Corrective,Low,3,4,"5,0",Minutes,"0,0",Minutes,"Electrician, Mecanician, Inspector Junior, Inspector Senior",9.0,,,In service,Asset Description 31,Adequate,Hoogstraat,15.0,2000.0,Antwerpen,Flanders,Customer 10,1,5,16,2024-11-08 14:45,2024-11-08 14:50
220,To do,Corrective-Low-4,Testing and Validation,Corrective,Low,4,4,"5,0",Minutes,"0,0",Minutes,"Electrician, Mecanician, Inspector Junior, Inspector Senior",10.0,,,In service,Asset Description 31,Adequate,Hoogstraat,15.0,2000.0,Antwerpen,Flanders,Customer 10,1,5,16,2024-11-08 14:50,2024-11-08 14:55
221,To do,Corrective-Low-5,Documentation and Reporting,Corrective,Low,5,4,"5,0",Minutes,"0,0",Minutes,"Electrician, Mecanician, Inspector Junior, Inspector Senior",11.0,,,In service,Asset Description 31,Adequate,Hoogstraat,15.0,2000.0,Antwerpen,Flanders,Customer 10,1,5,16,2024-11-08 14:55,2024-11-08 15:00
222,To do,Corrective-Low-6,Post-Maintenance Adjustments,Corrective,Low,6,4,"5,0",Minutes,"0,0",Minutes,"Electrician, Mecanician, Inspector Junior, Inspector Senior",12.0,,,In service,Asset Description 31,Adequate,Hoogstraat,15.0,2000.0,Antwerpen,Flanders,Customer 10,1,5,16,2024-11-08 15:00,2024-11-08 15:05
223,To do,Corrective-Low-7,System Cleanup and Safety Checks,Corrective,Low,7,4,"10,0",Minutes,"0,0",Minutes,"Electrician, Mecanician, Inspector Junior, Inspector Senior",13.0,,,In service,Asset Description 31,Adequate,Hoogstraat,15.0,2000.0,Antwerpen,Flanders,Customer 10,1,10,16,2024-11-08 15:05,2024-11-08 15:15
344,To do,Corrective-Low-1,Diagnostics and Troubleshooting,Corrective,Low,1,4,"30,0",Minutes,"0,0",Minutes,"Electrician, Mecanician, Inspector Junior, Inspector Senior",,4/11/2024,8/11/2024,In service,Asset Description 32,Bad,Lippenslaan,10.0,8300.0,Knokke-Heist,Flanders,Customer 13,1,30,9,2024-11-07 13:45,2024-11-07 14:15
345,To do,Corrective-Low-2,Component Repair and Replacement,Corrective,Low,2,4,"1,0",Hours,"0,0",Minutes,"Electrician, Mecanician, Inspector Junior, Inspector Senior",8.0,4/11/2024,8/11/2024,In service,Asset Description 32,Bad,Lippenslaan,10.0,8300.0,Knokke-Heist,Flanders,Customer 13,1,60,9,2024-11-07 14:15,2024-11-07 15:15
346,To do,Corrective-Low-3,Control System Checks,Corrective,Low,3,4,"5,0",Minutes,"0,0",Minutes,"Electrician, Mecanician, Inspector Junior, Inspector Senior",9.0,4/11/2024,8/11/2024,In service,Asset Description 32,Bad,Lippenslaan,10.0,8300.0,Knokke-Heist,Flanders,Customer 13,1,5,9,2024-11-07 15:15,2024-11-07 15:20
347,To do,Corrective-Low-4,Testing and Validation,Corrective,Low,4,4,"5,0",Minutes,"0,0",Minutes,"Electrician, Mecanician, Inspector Junior, Inspector Senior",10.0,4/11/2024,8/11/2024,In service,Asset Description 32,Bad,Lippenslaan,10.0,8300.0,Knokke-Heist,Flanders,Customer 13,1,5,9,2024-11-07 15:20,2024-11-07 15:25
348,To do,Corrective-Low-5,Documentation and Reporting,Corrective,Low,5,4,"5,0",Minutes,"0,0",Minutes,"Electrician, Mecanician, Inspector Junior, Inspector Senior",11.0,4/11/2024,8/11/2024,In service,Asset Description 32,Bad,Lippenslaan,10.0,8300.0,Knokke-Heist,Flanders,Customer 13,1,5,9,2024-11-07 15:25,2024-11-07 15:30
349,To do,Corrective-Low-6,Post-Maintenance Adjustments,Corrective,Low,6,4,"5,0",Minutes,"0,0",Minutes,"Electrician, Mecanician, Inspector Junior, Inspector Senior",12.0,4/11/2024,8/11/2024,In service,Asset Description 32,Bad,Lippenslaan,10.0,8300.0,Knokke-Heist,Flanders,Customer 13,1,5,9,2024-11-07 15:30,2024-11-07 15:35
350,To do,Corrective-Low-7,System Cleanup and Safety Checks,Corrective,Low,7,4,"10,0",Minutes,"0,0",Minutes,"Electrician, Mecanician, Inspector Junior, Inspector Senior",13.0,4/11/2024,8/11/2024,In service,Asset Description 32,Bad,Lippenslaan,10.0,8300.0,Knokke-Heist,Flanders,Customer 13,1,10,9,2024-11-07 15:35,2024-11-07 15:45
386,To do,Corrective-Low-1,Diagnostics and Troubleshooting,Corrective,Low,1,4,"30,0",Minutes,"0,0",Minutes,"Electrician, Mecanician, Inspector Junior, Inspector Senior",,4/11/2024,8/11/2024,In service,Asset Description 33,Adequate,Diestsestraat,5.0,3000.0,Leuven,Flanders,Customer 11,1,30,16,2024-11-08 15:15,2024-11-08 15:45
387,To do,Corrective-Low-2,Component Repair and Replacement,Corrective,Low,2,4,"1,0",Hours,"0,0",Minutes,"Electrician, Mecanician, Inspector Junior, Inspector Senior",8.0,4/11/2024,8/11/2024,In service,Asset Description 33,Adequate,Diestsestraat,5.0,3000.0,Leuven,Flanders,Customer 11,1,60,16,2024-11-08 15:45,2024-11-08 16:45
388,To do,Corrective-Low-3,Control System Checks,Corrective,Low,3,4,"5,0",Minutes,"0,0",Minutes,"Electrician, Mecanician, Inspector Junior, Inspector Senior",9.0,4/11/2024,8/11/2024,In service,Asset Description 33,Adequate,Diestsestraat,5.0,3000.0,Leuven,Flanders,Customer 11,1,5,16,2024-11-08 16:45,2024-11-08 16:50
389,To do,Corrective-Low-4,Testing and Validation,Corrective,Low,4,4,"5,0",Minutes,"0,0",Minutes,"Electrician, Mecanician, Inspector Junior, Inspector Senior",10.0,4/11/2024,8/11/2024,In service,Asset Description 33,Adequate,Diestsestraat,5.0,3000.0,Leuven,Flanders,Customer 11,1,5,16,2024-11-08 16:50,2024-11-08 16:55
390,To do,Corrective-Low-5,Documentation and Reporting,Corrective,Low,5,4,"5,0",Minutes,"0,0",Minutes,"Electrician, Mecanician, Inspector Junior, Inspector Senior",11.0,4/11/2024,8/11/2024,In service,Asset Description 33,Adequate,Diestsestraat,5.0,3000.0,Leuven,Flanders,Customer 11,1,5,16,2024-11-08 16:55,2024-11-08 17:00
391,To do,Corrective-Low-6,Post-Maintenance Adjustments,Corrective,Low,6,4,"5,0",Minutes,"0,0",Minutes,"Electrician, Mecanician, Inspector Junior, Inspector Senior",12.0,4/11/2024,8/11/2024,In service,Asset Description 33,Adequate,Diestsestraat,5.0,3000.0,Leuven,Flanders,Customer 11,1,5,17,2024-11-08 07:00,2024-11-08 07:05
392,To do,Corrective-Low-7,System Cleanup and Safety Checks,Corrective,Low,7,4,"10,0",Minutes,"0,0",Minutes,"Electrician, Mecanician, Inspector Junior, Inspector Senior",13.0,4/11/2024,8/11/2024,In service,Asset Description 33,Adequate,Diestsestraat,5.0,3000.0,Leuven,Flanders,Customer 11,1,10,17,2024-11-08 07:05,2024-11-08 07:15
379,To do,Corrective-Low-1,Diagnostics and Troubleshooting,Corrective,Low,1,4,"30,0",Minutes,"0,0",Minutes,"Electrician, Mecanician, Inspector Junior, Inspector Senior",,4/11/2024,8/11/2024,In service,Asset Description 34,Adequate,Kapellestraat,60.0,8400.0,Ostend,Flanders,Customer 12,1,30,17,2024-11-08 07:15,2024-11-08 07:45
380,To do,Corrective-Low-2,Component Repair and Replacement,Corrective,Low,2,4,"1,0",Hours,"0,0",Minutes,"Electrician, Mecanician, Inspector Junior, Inspector Senior",8.0,4/11/2024,8/11/2024,In service,Asset Description 34,Adequate,Kapellestraat,60.0,8400.0,Ostend,Flanders,Customer 12,1,60,17,2024-11-08 07:45,2024-11-08 08:45
381,To do,Corrective-Low-3,Control System Checks,Corrective,Low,3,4,"5,0",Minutes,"0,0",Minutes,"Electrician, Mecanician, Inspector Junior, Inspector Senior",9.0,4/11/2024,8/11/2024,In service,Asset Description 34,Adequate,Kapellestraat,60.0,8400.0,Ostend,Flanders,Customer 12,1,5,17,2024-11-08 08:45,2024-11-08 08:50
382,To do,Corrective-Low-4,Testing and Validation,Corrective,Low,4,4,"5,0",Minutes,"0,0",Minutes,"Electrician, Mecanician, Inspector Junior, Inspector Senior",10.0,4/11/2024,8/11/2024,In service,Asset Description 34,Adequate,Kapellestraat,60.0,8400.0,Ostend,Flanders,Customer 12,1,5,17,2024-11-08 08:50,2024-11-08 08:55
383,To do,Corrective-Low-5,Documentation and Reporting,Corrective,Low,5,4,"5,0",Minutes,"0,0",Minutes,"Electrician, Mecanician, Inspector Junior, Inspector Senior",11.0,4/11/2024,8/11/2024,In service,Asset Description 34,Adequate,Kapellestraat,60.0,8400.0,Ostend,Flanders,Customer 12,1,5,17,2024-11-08 08:55,2024-11-08 09:00
384,To do,Corrective-Low-6,Post-Maintenance Adjustments,Corrective,Low,6,4,"5,0",Minutes,"0,0",Minutes,"Electrician, Mecanician, Inspector Junior, Inspector Senior",12.0,4/11/2024,8/11/2024,In service,Asset Description 34,Adequate,Kapellestraat,60.0,8400.0,Ostend,Flanders,Customer 12,1,5,17,2024-11-08 09:00,2024-11-08 09:05
385,To do,Corrective-Low-7,System Cleanup and Safety Checks,Corrective,Low,7,4,"10,0",Minutes,"0,0",Minutes,"Electrician, Mecanician, Inspector Junior, Inspector Senior",13.0,4/11/2024,8/11/2024,In service,Asset Description 34,Adequate,Kapellestraat,60.0,8400.0,Ostend,Flanders,Customer 12,1,10,17,2024-11-08 09:05,2024-11-08 09:15
372,To do,Corrective-Low-1,Diagnostics and Troubleshooting,Corrective,Low,1,4,"30,0",Minutes,"0,0",Minutes,"Electrician, Mecanician, Inspector Junior, Inspector Senior",,4/11/2024,8/11/2024,In service,Asset Description 35,Bad,Veldstraat,20.0,9000.0,Ghent,Flanders,Customer 10,1,30,9,2024-11-07 15:45,2024-11-07 16:15
373,To do,Corrective-Low-2,Component Repair and Replacement,Corrective,Low,2,4,"1,0",Hours,"0,0",Minutes,"Electrician, Mecanician, Inspector Junior, Inspector Senior",8.0,4/11/2024,8/11/2024,In service,Asset Description 35,Bad,Veldstraat,20.0,9000.0,Ghent,Flanders,Customer 10,1,60,16,2024-11-07 07:00,2024-11-07 08:00
374,To do,Corrective-Low-3,Control System Checks,Corrective,Low,3,4,"5,0",Minutes,"0,0",Minutes,"Electrician, Mecanician, Inspector Junior, Inspector Senior",9.0,4/11/2024,8/11/2024,In service,Asset Description 35,Bad,Veldstraat,20.0,9000.0,Ghent,Flanders,Customer 10,1,5,9,2024-11-07 16:15,2024-11-07 16:20
375,To do,Corrective-Low-4,Testing and Validation,Corrective,Low,4,4,"5,0",Minutes,"0,0",Minutes,"Electrician, Mecanician, Inspector Junior, Inspector Senior",10.0,4/11/2024,8/11/2024,In service,Asset Description 35,Bad,Veldstraat,20.0,9000.0,Ghent,Flanders,Customer 10,1,5,9,2024-11-07 16:20,2024-11-07 16:25
376,To do,Corrective-Low-5,Documentation and Reporting,Corrective,Low,5,4,"5,0",Minutes,"0,0",Minutes,"Electrician, Mecanician, Inspector Junior, Inspector Senior",11.0,4/11/2024,8/11/2024,In service,Asset Description 35,Bad,Veldstraat,20.0,9000.0,Ghent,Flanders,Customer 10,1,5,9,2024-11-07 16:25,2024-11-07 16:30
377,To do,Corrective-Low-6,Post-Maintenance Adjustments,Corrective,Low,6,4,"5,0",Minutes,"0,0",Minutes,"Electrician, Mecanician, Inspector Junior, Inspector Senior",12.0,4/11/2024,8/11/2024,In service,Asset Description 35,Bad,Veldstraat,20.0,9000.0,Ghent,Flanders,Customer 10,1,5,9,2024-11-07 16:30,2024-11-07 16:35
378,To do,Corrective-Low-7,System Cleanup and Safety Checks,Corrective,Low,7,4,"10,0",Minutes,"0,0",Minutes,"Electrician, Mecanician, Inspector Junior, Inspector Senior",13.0,4/11/2024,8/11/2024,In service,Asset Description 35,Bad,Veldstraat,20.0,9000.0,Ghent,Flanders,Customer 10,1,10,9,2024-11-07 16:35,2024-11-07 16:45
358,To do,Corrective-Low-1,Diagnostics and Troubleshooting,Corrective,Low,1,4,"30,0",Minutes,"0,0",Minutes,"Electrician, Mecanician, Inspector Junior, Inspector Senior",,4/11/2024,8/11/2024,In service,Asset Description 36,Good,Lange Munt,8.0,9000.0,Ghent,Flanders,Customer 15,1,30,2,2024-11-12 16:00,2024-11-12 16:30
359,To do,Corrective-Low-2,Component Repair and Replacement,Corrective,Low,2,4,"1,0",Hours,"0,0",Minutes,"Electrician, Mecanician, Inspector Junior, Inspector Senior",8.0,4/11/2024,8/11/2024,In service,Asset Description 36,Good,Lange Munt,8.0,9000.0,Ghent,Flanders,Customer 15,1,60,6,2024-11-12 07:00,2024-11-12 08:00
360,To do,Corrective-Low-3,Control System Checks,Corrective,Low,3,4,"5,0",Minutes,"0,0",Minutes,"Electrician, Mecanician, Inspector Junior, Inspector Senior",9.0,4/11/2024,8/11/2024,In service,Asset Description 36,Good,Lange Munt,8.0,9000.0,Ghent,Flanders,Customer 15,1,5,2,2024-11-12 16:30,2024-11-12 16:35
361,To do,Corrective-Low-4,Testing and Validation,Corrective,Low,4,4,"5,0",Minutes,"0,0",Minutes,"Electrician, Mecanician, Inspector Junior, Inspector Senior",10.0,4/11/2024,8/11/2024,In service,Asset Description 36,Good,Lange Munt,8.0,9000.0,Ghent,Flanders,Customer 15,1,5,2,2024-11-12 16:35,2024-11-12 16:40
362,To do,Corrective-Low-5,Documentation and Reporting,Corrective,Low,5,4,"5,0",Minutes,"0,0",Minutes,"Electrician, Mecanician, Inspector Junior, Inspector Senior",11.0,4/11/2024,8/11/2024,In service,Asset Description 36,Good,Lange Munt,8.0,9000.0,Ghent,Flanders,Customer 15,1,5,2,2024-11-12 16:40,2024-11-12 16:45
363,To do,Corrective-Low-6,Post-Maintenance Adjustments,Corrective,Low,6,4,"5,0",Minutes,"0,0",Minutes,"Electrician, Mecanician, Inspector Junior, Inspector Senior",12.0,4/11/2024,8/11/2024,In service,Asset Description 36,Good,Lange Munt,8.0,9000.0,Ghent,Flanders,Customer 15,1,5,2,2024-11-12 16:45,2024-11-12 16:50
364,To do,Corrective-Low-7,System Cleanup and Safety Checks,Corrective,Low,7,4,"10,0",Minutes,"0,0",Minutes,"Electrician, Mecanician, Inspector Junior, Inspector Senior",13.0,4/11/2024,8/11/2024,In service,Asset Description 36,Good,Lange Munt,8.0,9000.0,Ghent,Flanders,Customer 15,1,10,2,2024-11-12 16:50,2024-11-12 17:00
365,To do,Corrective-Low-1,Diagnostics and Troubleshooting,Corrective,Low,1,4,"30,0",Minutes,"0,0",Minutes,"Electrician, Mecanician, Inspector Junior, Inspector Senior",,11/11/2024,15/11/2024,In service,Asset Description 37,Bad,Schuttershofstraat,25.0,2000.0,Antwerpen,Flanders,Customer 14,1,30,16,2024-11-07 08:00,2024-11-07 08:30
366,To do,Corrective-Low-2,Component Repair and Replacement,Corrective,Low,2,4,"1,0",Hours,"0,0",Minutes,"Electrician, Mecanician, Inspector Junior, Inspector Senior",8.0,11/11/2024,15/11/2024,In service,Asset Description 37,Bad,Schuttershofstraat,25.0,2000.0,Antwerpen,Flanders,Customer 14,1,60,16,2024-11-07 08:30,2024-11-07 09:30
367,To do,Corrective-Low-3,Control System Checks,Corrective,Low,3,4,"5,0",Minutes,"0,0",Minutes,"Electrician, Mecanician, Inspector Junior, Inspector Senior",9.0,11/11/2024,15/11/2024,In service,Asset Description 37,Bad,Schuttershofstraat,25.0,2000.0,Antwerpen,Flanders,Customer 14,1,5,9,2024-11-07 16:45,2024-11-07 16:50
368,To do,Corrective-Low-4,Testing and Validation,Corrective,Low,4,4,"5,0",Minutes,"0,0",Minutes,"Electrician, Mecanician, Inspector Junior, Inspector Senior",10.0,11/11/2024,15/11/2024,In service,Asset Description 37,Bad,Schuttershofstraat,25.0,2000.0,Antwerpen,Flanders,Customer 14,1,5,9,2024-11-07 16:50,2024-11-07 16:55
369,To do,Corrective-Low-5,Documentation and Reporting,Corrective,Low,5,4,"5,0",Minutes,"0,0",Minutes,"Electrician, Mecanician, Inspector Junior, Inspector Senior",11.0,11/11/2024,15/11/2024,In service,Asset Description 37,Bad,Schuttershofstraat,25.0,2000.0,Antwerpen,Flanders,Customer 14,1,5,9,2024-11-07 16:55,2024-11-07 17:00
370,To do,Corrective-Low-6,Post-Maintenance Adjustments,Corrective,Low,6,4,"5,0",Minutes,"0,0",Minutes,"Electrician, Mecanician, Inspector Junior, Inspector Senior",12.0,11/11/2024,15/11/2024,In service,Asset Description 37,Bad,Schuttershofstraat,25.0,2000.0,Antwerpen,Flanders,Customer 14,1,5,16,2024-11-07 09:30,2024-11-07 09:35
371,To do,Corrective-Low-7,System Cleanup and Safety Checks,Corrective,Low,7,4,"10,0",Minutes,"0,0",Minutes,"Electrician, Mecanician, Inspector Junior, Inspector Senior",13.0,11/11/2024,15/11/2024,In service,Asset Description 37,Bad,Schuttershofstraat,25.0,2000.0,Antwerpen,Flanders,Customer 14,1,10,16,2024-11-07 09:35,2024-11-07 09:45
351,To do,Corrective-Low-1,Diagnostics and Troubleshooting,Corrective,Low,1,4,"30,0",Minutes,"0,0",Minutes,"Electrician, Mecanician, Inspector Junior, Inspector Senior",,4/11/2024,8/11/2024,In service,Asset Description 38,Good,Vlamingstraat,30.0,8000.0,Bruges,Flanders,Customer 17,1,30,6,2024-11-12 08:00,2024-11-12 08:30
352,To do,Corrective-Low-2,Component Repair and Replacement,Corrective,Low,2,4,"1,0",Hours,"0,0",Minutes,"Electrician, Mecanician, Inspector Junior, Inspector Senior",8.0,4/11/2024,8/11/2024,In service,Asset Description 38,Good,Vlamingstraat,30.0,8000.0,Bruges,Flanders,Customer 17,1,60,6,2024-11-12 08:30,2024-11-12 09:30
353,To do,Corrective-Low-3,Control System Checks,Corrective,Low,3,4,"5,0",Minutes,"0,0",Minutes,"Electrician, Mecanician, Inspector Junior, Inspector Senior",9.0,4/11/2024,8/11/2024,In service,Asset Description 38,Good,Vlamingstraat,30.0,8000.0,Bruges,Flanders,Customer 17,1,5,6,2024-11-12 09:30,2024-11-12 09:35
354,To do,Corrective-Low-4,Testing and Validation,Corrective,Low,4,4,"5,0",Minutes,"0,0",Minutes,"Electrician, Mecanician, Inspector Junior, Inspector Senior",10.0,4/11/2024,8/11/2024,In service,Asset Description 38,Good,Vlamingstraat,30.0,8000.0,Bruges,Flanders,Customer 17,1,5,6,2024-11-12 09:35,2024-11-12 09:40
355,To do,Corrective-Low-5,Documentation and Reporting,Corrective,Low,5,4,"5,0",Minutes,"0,0",Minutes,"Electrician, Mecanician, Inspector Junior, Inspector Senior",11.0,4/11/2024,8/11/2024,In service,Asset Description 38,Good,Vlamingstraat,30.0,8000.0,Bruges,Flanders,Customer 17,1,5,6,2024-11-12 09:40,2024-11-12 09:45
356,To do,Corrective-Low-6,Post-Maintenance Adjustments,Corrective,Low,6,4,"5,0",Minutes,"0,0",Minutes,"Electrician, Mecanician, Inspector Junior, Inspector Senior",12.0,4/11/2024,8/11/2024,In service,Asset Description 38,Good,Vlamingstraat,30.0,8000.0,Bruges,Flanders,Customer 17,1,5,6,2024-11-12 09:45,2024-11-12 09:50
357,To do,Corrective-Low-7,System Cleanup and Safety Checks,Corrective,Low,7,4,"10,0",Minutes,"0,0",Minutes,"Electrician, Mecanician, Inspector Junior, Inspector Senior",13.0,4/11/2024,8/11/2024,In service,Asset Description 38,Good,Vlamingstraat,30.0,8000.0,Bruges,Flanders,Customer 17,1,10,6,2024-11-12 09:50,2024-11-12 10:00
421,To do,Corrective-Low-1,Diagnostics and Troubleshooting,Corrective,Low,1,4,"30,0",Minutes,"0,0",Minutes,"Electrician, Mecanician, Inspector Junior, Inspector Senior",,11/11/2024,15/11/2024,In service,Asset Description 39,Adequate,Tiensestraat,18.0,3000.0,Leuven,Flanders,Customer 17,1,30,17,2024-11-08 09:15,2024-11-08 09:45
422,To do,Corrective-Low-2,Component Repair and Replacement,Corrective,Low,2,4,"1,0",Hours,"0,0",Minutes,"Electrician, Mecanician, Inspector Junior, Inspector Senior",8.0,11/11/2024,15/11/2024,In service,Asset Description 39,Adequate,Tiensestraat,18.0,3000.0,Leuven,Flanders,Customer 17,1,60,17,2024-11-08 09:45,2024-11-08 10:45
423,To do,Corrective-Low-3,Control System Checks,Corrective,Low,3,4,"5,0",Minutes,"0,0",Minutes,"Electrician, Mecanician, Inspector Junior, Inspector Senior",9.0,11/11/2024,15/11/2024,In service,Asset Description 39,Adequate,Tiensestraat,18.0,3000.0,Leuven,Flanders,Customer 17,1,5,17,2024-11-08 10:45,2024-11-08 10:50
424,To do,Corrective-Low-4,Testing and Validation,Corrective,Low,4,4,"5,0",Minutes,"0,0",Minutes,"Electrician, Mecanician, Inspector Junior, Inspector Senior",10.0,11/11/2024,15/11/2024,In service,Asset Description 39,Adequate,Tiensestraat,18.0,3000.0,Leuven,Flanders,Customer 17,1,5,17,2024-11-08 10:50,2024-11-08 10:55
425,To do,Corrective-Low-5,Documentation and Reporting,Corrective,Low,5,4,"5,0",Minutes,"0,0",Minutes,"Electrician, Mecanician, Inspector Junior, Inspector Senior",11.0,11/11/2024,15/11/2024,In service,Asset Description 39,Adequate,Tiensestraat,18.0,3000.0,Leuven,Flanders,Customer 17,1,5,17,2024-11-08 10:55,2024-11-08 11:00
426,To do,Corrective-Low-6,Post-Maintenance Adjustments,Corrective,Low,6,4,"5,0",Minutes,"0,0",Minutes,"Electrician, Mecanician, Inspector Junior, Inspector Senior",12.0,11/11/2024,15/11/2024,In service,Asset Description 39,Adequate,Tiensestraat,18.0,3000.0,Leuven,Flanders,Customer 17,1,5,17,2024-11-08 12:00,2024-11-08 12:05
427,To do,Corrective-Low-7,System Cleanup and Safety Checks,Corrective,Low,7,4,"10,0",Minutes,"0,0",Minutes,"Electrician, Mecanician, Inspector Junior, Inspector Senior",13.0,11/11/2024,15/11/2024,In service,Asset Description 39,Adequate,Tiensestraat,18.0,3000.0,Leuven,Flanders,Customer 17,1,10,17,2024-11-08 12:05,2024-11-08 12:15
414,To do,Corrective-Low-1,Diagnostics and Troubleshooting,Corrective,Low,1,4,"30,0",Minutes,"0,0",Minutes,"Electrician, Mecanician, Inspector Junior, Inspector Senior",,4/11/2024,8/11/2024,In service,Asset Description 40,Bad,Onze-Lieve-Vrouwestraat,22.0,2800.0,Mechelen,Flanders,Customer 18,1,30,16,2024-11-07 09:45,2024-11-07 10:15
415,To do,Corrective-Low-2,Component Repair and Replacement,Corrective,Low,2,4,"1,0",Hours,"0,0",Minutes,"Electrician, Mecanician, Inspector Junior, Inspector Senior",8.0,4/11/2024,8/11/2024,In service,Asset Description 40,Bad,Onze-Lieve-Vrouwestraat,22.0,2800.0,Mechelen,Flanders,Customer 18,1,60,16,2024-11-07 12:00,2024-11-07 13:00
416,To do,Corrective-Low-3,Control System Checks,Corrective,Low,3,4,"5,0",Minutes,"0,0",Minutes,"Electrician, Mecanician, Inspector Junior, Inspector Senior",9.0,4/11/2024,8/11/2024,In service,Asset Description 40,Bad,Onze-Lieve-Vrouwestraat,22.0,2800.0,Mechelen,Flanders,Customer 18,1,5,16,2024-11-07 10:15,2024-11-07 10:20
417,To do,Corrective-Low-4,Testing and Validation,Corrective,Low,4,4,"5,0",Minutes,"0,0",Minutes,"Electrician, Mecanician, Inspector Junior, Inspector Senior",10.0,4/11/2024,8/11/2024,In service,Asset Description 40,Bad,Onze-Lieve-Vrouwestraat,22.0,2800.0,Mechelen,Flanders,Customer 18,1,5,16,2024-11-07 10:20,2024-11-07 10:25
418,To do,Corrective-Low-5,Documentation and Reporting,Corrective,Low,5,4,"5,0",Minutes,"0,0",Minutes,"Electrician, Mecanician, Inspector Junior, Inspector Senior",11.0,4/11/2024,8/11/2024,In service,Asset Description 40,Bad,Onze-Lieve-Vrouwestraat,22.0,2800.0,Mechelen,Flanders,Customer 18,1,5,16,2024-11-07 10:25,2024-11-07 10:30
419,To do,Corrective-Low-6,Post-Maintenance Adjustments,Corrective,Low,6,4,"5,0",Minutes,"0,0",Minutes,"Electrician, Mecanician, Inspector Junior, Inspector Senior",12.0,4/11/2024,8/11/2024,In service,Asset Description 40,Bad,Onze-Lieve-Vrouwestraat,22.0,2800.0,Mechelen,Flanders,Customer 18,1,5,16,2024-11-07 10:30,2024-11-07 10:35
420,To do,Corrective-Low-7,System Cleanup and Safety Checks,Corrective,Low,7,4,"10,0",Minutes,"0,0",Minutes,"Electrician, Mecanician, Inspector Junior, Inspector Senior",13.0,4/11/2024,8/11/2024,In service,Asset Description 40,Bad,Onze-Lieve-Vrouwestraat,22.0,2800.0,Mechelen,Flanders,Customer 18,1,10,16,2024-11-07 10:35,2024-11-07 10:45
407,To do,Corrective-Low-1,Diagnostics and Troubleshooting,Corrective,Low,1,4,"30,0",Minutes,"0,0",Minutes,"Electrician, Mecanician, Inspector Junior, Inspector Senior",,4/11/2024,8/11/2024,In service,Asset Description 41,Adequate,Vlaanderenstraat,35.0,9000.0,Ghent,Flanders,Customer 21,1,30,17,2024-11-08 12:15,2024-11-08 12:45
408,To do,Corrective-Low-2,Component Repair and Replacement,Corrective,Low,2,4,"1,0",Hours,"0,0",Minutes,"Electrician, Mecanician, Inspector Junior, Inspector Senior",8.0,4/11/2024,8/11/2024,In service,Asset Description 41,Adequate,Vlaanderenstraat,35.0,9000.0,Ghent,Flanders,Customer 21,1,60,17,2024-11-08 12:45,2024-11-08 13:45
409,To do,Corrective-Low-3,Control System Checks,Corrective,Low,3,4,"5,0",Minutes,"0,0",Minutes,"Electrician, Mecanician, Inspector Junior, Inspector Senior",9.0,4/11/2024,8/11/2024,In service,Asset Description 41,Adequate,Vlaanderenstraat,35.0,9000.0,Ghent,Flanders,Customer 21,1,5,17,2024-11-08 13:45,2024-11-08 13:50
410,To do,Corrective-Low-4,Testing and Validation,Corrective,Low,4,4,"5,0",Minutes,"0,0",Minutes,"Electrician, Mecanician, Inspector Junior, Inspector Senior",10.0,4/11/2024,8/11/2024,In service,Asset Description 41,Adequate,Vlaanderenstraat,35.0,9000.0,Ghent,Flanders,Customer 21,1,5,17,2024-11-08 13:50,2024-11-08 13:55
411,To do,Corrective-Low-5,Documentation and Reporting,Corrective,Low,5,4,"5,0",Minutes,"0,0",Minutes,"Electrician, Mecanician, Inspector Junior, Inspector Senior",11.0,4/11/2024,8/11/2024,In service,Asset Description 41,Adequate,Vlaanderenstraat,35.0,9000.0,Ghent,Flanders,Customer 21,1,5,17,2024-11-08 13:55,2024-11-08 14:00
412,To do,Corrective-Low-6,Post-Maintenance Adjustments,Corrective,Low,6,4,"5,0",Minutes,"0,0",Minutes,"Electrician, Mecanician, Inspector Junior, Inspector Senior",12.0,4/11/2024,8/11/2024,In service,Asset Description 41,Adequate,Vlaanderenstraat,35.0,9000.0,Ghent,Flanders,Customer 21,1,5,17,2024-11-08 14:00,2024-11-08 14:05
413,To do,Corrective-Low-7,System Cleanup and Safety Checks,Corrective,Low,7,4,"10,0",Minutes,"0,0",Minutes,"Electrician, Mecanician, Inspector Junior, Inspector Senior",13.0,4/11/2024,8/11/2024,In service,Asset Description 41,Adequate,Vlaanderenstraat,35.0,9000.0,Ghent,Flanders,Customer 21,1,10,17,2024-11-08 14:05,2024-11-08 14:15
400,To do,Corrective-Low-1,Diagnostics and Troubleshooting,Corrective,Low,1,4,"30,0",Minutes,"0,0",Minutes,"Electrician, Mecanician, Inspector Junior, Inspector Senior",,4/11/2024,8/11/2024,In service,Asset Description 42,Bad,Kloosterstraat,40.0,2000.0,Antwerpen,Flanders,Customer 10,1,30,16,2024-11-07 13:00,2024-11-07 13:30
401,To do,Corrective-Low-2,Component Repair and Replacement,Corrective,Low,2,4,"1,0",Hours,"0,0",Minutes,"Electrician, Mecanician, Inspector Junior, Inspector Senior",8.0,4/11/2024,8/11/2024,In service,Asset Description 42,Bad,Kloosterstraat,40.0,2000.0,Antwerpen,Flanders,Customer 10,1,60,16,2024-11-07 13:30,2024-11-07 14:30
402,To do,Corrective-Low-3,Control System Checks,Corrective,Low,3,4,"5,0",Minutes,"0,0",Minutes,"Electrician, Mecanician, Inspector Junior, Inspector Senior",9.0,4/11/2024,8/11/2024,In service,Asset Description 42,Bad,Kloosterstraat,40.0,2000.0,Antwerpen,Flanders,Customer 10,1,5,16,2024-11-07 10:45,2024-11-07 10:50
403,To do,Corrective-Low-4,Testing and Validation,Corrective,Low,4,4,"5,0",Minutes,"0,0",Minutes,"Electrician, Mecanician, Inspector Junior, Inspector Senior",10.0,4/11/2024,8/11/2024,In service,Asset Description 42,Bad,Kloosterstraat,40.0,2000.0,Antwerpen,Flanders,Customer 10,1,5,16,2024-11-07 10:50,2024-11-07 10:55
404,To do,Corrective-Low-5,Documentation and Reporting,Corrective,Low,5,4,"5,0",Minutes,"0,0",Minutes,"Electrician, Mecanician, Inspector Junior, Inspector Senior",11.0,4/11/2024,8/11/2024,In service,Asset Description 42,Bad,Kloosterstraat,40.0,2000.0,Antwerpen,Flanders,Customer 10,1,5,16,2024-11-07 10:55,2024-11-07 11:00
405,To do,Corrective-Low-6,Post-Maintenance Adjustments,Corrective,Low,6,4,"5,0",Minutes,"0,0",Minutes,"Electrician, Mecanician, Inspector Junior, Inspector Senior",12.0,4/11/2024,8/11/2024,In service,Asset Description 42,Bad,Kloosterstraat,40.0,2000.0,Antwerpen,Flanders,Customer 10,1,5,16,2024-11-07 14:30,2024-11-07 14:35
406,To do,Corrective-Low-7,System Cleanup and Safety Checks,Corrective,Low,7,4,"10,0",Minutes,"0,0",Minutes,"Electrician, Mecanician, Inspector Junior, Inspector Senior",13.0,4/11/2024,8/11/2024,In service,Asset Description 42,Bad,Kloosterstraat,40.0,2000.0,Antwerpen,Flanders,Customer 10,1,10,16,2024-11-07 14:35,2024-11-07 14:45
393,To do,Corrective-Low-1,Diagnostics and Troubleshooting,Corrective,Low,1,4,"30,0",Minutes,"0,0",Minutes,"Electrician, Mecanician, Inspector Junior, Inspector Senior",,11/11/2024,15/11/2024,In service,Asset Description 43,Adequate,Langestraat,45.0,8000.0,Bruges,Flanders,Customer 17,1,30,17,2024-11-08 14:15,2024-11-08 14:45
394,To do,Corrective-Low-2,Component Repair and Replacement,Corrective,Low,2,4,"1,0",Hours,"0,0",Minutes,"Electrician, Mecanician, Inspector Junior, Inspector Senior",8.0,11/11/2024,15/11/2024,In service,Asset Description 43,Adequate,Langestraat,45.0,8000.0,Bruges,Flanders,Customer 17,1,60,17,2024-11-08 14:45,2024-11-08 15:45
395,To do,Corrective-Low-3,Control System Checks,Corrective,Low,3,4,"5,0",Minutes,"0,0",Minutes,"Electrician, Mecanician, Inspector Junior, Inspector Senior",9.0,11/11/2024,15/11/2024,In service,Asset Description 43,Adequate,Langestraat,45.0,8000.0,Bruges,Flanders,Customer 17,1,5,17,2024-11-08 15:45,2024-11-08 15:50
396,To do,Corrective-Low-4,Testing and Validation,Corrective,Low,4,4,"5,0",Minutes,"0,0",Minutes,"Electrician, Mecanician, Inspector Junior, Inspector Senior",10.0,11/11/2024,15/11/2024,In service,Asset Description 43,Adequate,Langestraat,45.0,8000.0,Bruges,Flanders,Customer 17,1,5,17,2024-11-08 15:50,2024-11-08 15:55
397,To do,Corrective-Low-5,Documentation and Reporting,Corrective,Low,5,4,"5,0",Minutes,"0,0",Minutes,"Electrician, Mecanician, Inspector Junior, Inspector Senior",11.0,11/11/2024,15/11/2024,In service,Asset Description 43,Adequate,Langestraat,45.0,8000.0,Bruges,Flanders,Customer 17,1,5,17,2024-11-08 15:55,2024-11-08 16:00
398,To do,Corrective-Low-6,Post-Maintenance Adjustments,Corrective,Low,6,4,"5,0",Minutes,"0,0",Minutes,"Electrician, Mecanician, Inspector Junior, Inspector Senior",12.0,11/11/2024,15/11/2024,In service,Asset Description 43,Adequate,Langestraat,45.0,8000.0,Bruges,Flanders,Customer 17,1,5,17,2024-11-08 16:00,2024-11-08 16:05
399,To do,Corrective-Low-7,System Cleanup and Safety Checks,Corrective,Low,7,4,"10,0",Minutes,"0,0",Minutes,"Electrician, Mecanician, Inspector Junior, Inspector Senior",13.0,11/11/2024,15/11/2024,In service,Asset Description 43,Adequate,Langestraat,45.0,8000.0,Bruges,Flanders,Customer 17,1,10,17,2024-11-08 16:05,2024-11-08 16:15
435,To do,Corrective-Low-1,Diagnostics and Troubleshooting,Corrective,Low,1,4,"30,0",Minutes,"0,0",Minutes,"Electrician, Mecanician, Inspector Junior, Inspector Senior",,4/11/2024,8/11/2024,In service,Asset Description 44,Adequate,Naamsestraat,50.0,3000.0,Leuven,Flanders,Customer 19,1,30,17,2024-11-08 16:15,2024-11-08 16:45
436,To do,Corrective-Low-2,Component Repair and Replacement,Corrective,Low,2,4,"1,0",Hours,"0,0",Minutes,"Electrician, Mecanician, Inspector Junior, Inspector Senior",8.0,4/11/2024,8/11/2024,In service,Asset Description 44,Adequate,Naamsestraat,50.0,3000.0,Leuven,Flanders,Customer 19,1,60,2,2024-11-11 08:30,2024-11-11 09:30
437,To do,Corrective-Low-3,Control System Checks,Corrective,Low,3,4,"5,0",Minutes,"0,0",Minutes,"Electrician, Mecanician, Inspector Junior, Inspector Senior",9.0,4/11/2024,8/11/2024,In service,Asset Description 44,Adequate,Naamsestraat,50.0,3000.0,Leuven,Flanders,Customer 19,1,5,2,2024-11-11 09:30,2024-11-11 09:35
438,To do,Corrective-Low-4,Testing and Validation,Corrective,Low,4,4,"5,0",Minutes,"0,0",Minutes,"Electrician, Mecanician, Inspector Junior, Inspector Senior",10.0,4/11/2024,8/11/2024,In service,Asset Description 44,Adequate,Naamsestraat,50.0,3000.0,Leuven,Flanders,Customer 19,1,5,2,2024-11-11 09:35,2024-11-11 09:40
439,To do,Corrective-Low-5,Documentation and Reporting,Corrective,Low,5,4,"5,0",Minutes,"0,0",Minutes,"Electrician, Mecanician, Inspector Junior, Inspector Senior",11.0,4/11/2024,8/11/2024,In service,Asset Description 44,Adequate,Naamsestraat,50.0,3000.0,Leuven,Flanders,Customer 19,1,5,2,2024-11-11 09:40,2024-11-11 09:45
440,To do,Corrective-Low-6,Post-Maintenance Adjustments,Corrective,Low,6,4,"5,0",Minutes,"0,0",Minutes,"Electrician, Mecanician, Inspector Junior, Inspector Senior",12.0,4/11/2024,8/11/2024,In service,Asset Description 44,Adequate,Naamsestraat,50.0,3000.0,Leuven,Flanders,Customer 19,1,5,2,2024-11-11 09:45,2024-11-11 09:50
441,To do,Corrective-Low-7,System Cleanup and Safety Checks,Corrective,Low,7,4,"10,0",Minutes,"0,0",Minutes,"Electrician, Mecanician, Inspector Junior, Inspector Senior",13.0,4/11/2024,8/11/2024,In service,Asset Description 44,Adequate,Naamsestraat,50.0,3000.0,Leuven,Flanders,Customer 19,1,10,2,2024-11-11 09:50,2024-11-11 10:00
428,To do,Corrective-Low-1,Diagnostics and Troubleshooting,Corrective,Low,1,4,"30,0",Minutes,"0,0",Minutes,"Electrician, Mecanician, Inspector Junior, Inspector Senior",,4/11/2024,8/11/2024,In service,Asset Description 45,Good,Ijzerenleen,55.0,2800.0,Mechelen,Flanders,Customer 10,1,30,6,2024-11-12 10:00,2024-11-12 10:30
429,To do,Corrective-Low-2,Component Repair and Replacement,Corrective,Low,2,4,"1,0",Hours,"0,0",Minutes,"Electrician, Mecanician, Inspector Junior, Inspector Senior",8.0,4/11/2024,8/11/2024,In service,Asset Description 45,Good,Ijzerenleen,55.0,2800.0,Mechelen,Flanders,Customer 10,1,60,6,2024-11-12 12:00,2024-11-12 13:00
430,To do,Corrective-Low-3,Control System Checks,Corrective,Low,3,4,"5,0",Minutes,"0,0",Minutes,"Electrician, Mecanician, Inspector Junior, Inspector Senior",9.0,4/11/2024,8/11/2024,In service,Asset Description 45,Good,Ijzerenleen,55.0,2800.0,Mechelen,Flanders,Customer 10,1,5,6,2024-11-12 10:30,2024-11-12 10:35
431,To do,Corrective-Low-4,Testing and Validation,Corrective,Low,4,4,"5,0",Minutes,"0,0",Minutes,"Electrician, Mecanician, Inspector Junior, Inspector Senior",10.0,4/11/2024,8/11/2024,In service,Asset Description 45,Good,Ijzerenleen,55.0,2800.0,Mechelen,Flanders,Customer 10,1,5,6,2024-11-12 10:35,2024-11-12 10:40
432,To do,Corrective-Low-5,Documentation and Reporting,Corrective,Low,5,4,"5,0",Minutes,"0,0",Minutes,"Electrician, Mecanician, Inspector Junior, Inspector Senior",11.0,4/11/2024,8/11/2024,In service,Asset Description 45,Good,Ijzerenleen,55.0,2800.0,Mechelen,Flanders,Customer 10,1,5,6,2024-11-12 10:40,2024-11-12 10:45
433,To do,Corrective-Low-6,Post-Maintenance Adjustments,Corrective,Low,6,4,"5,0",Minutes,"0,0",Minutes,"Electrician, Mecanician, Inspector Junior, Inspector Senior",12.0,4/11/2024,8/11/2024,In service,Asset Description 45,Good,Ijzerenleen,55.0,2800.0,Mechelen,Flanders,Customer 10,1,5,6,2024-11-12 10:45,2024-11-12 10:50
434,To do,Corrective-Low-7,System Cleanup and Safety Checks,Corrective,Low,7,4,"10,0",Minutes,"0,0",Minutes,"Electrician, Mecanician, Inspector Junior, Inspector Senior",13.0,4/11/2024,8/11/2024,In service,Asset Description 45,Good,Ijzerenleen,55.0,2800.0,Mechelen,Flanders,Customer 10,1,10,6,2024-11-12 10:50,2024-11-12 11:00
445,To do,Corrective-Low-1,Diagnostics and Troubleshooting,Corrective,Low,1,4,"30,0",Minutes,"0,0",Minutes,"Electrician, Mecanician, Inspector Junior, Inspector Senior",,,,In service,Asset Description 46,Adequate,Zonnestraat,60.0,9000.0,Ghent,Flanders,Customer 19,1,30,2,2024-11-11 10:00,2024-11-11 10:30
446,To do,Corrective-Low-2,Component Repair and Replacement,Corrective,Low,2,4,"1,0",Hours,"0,0",Minutes,"Electrician, Mecanician, Inspector Junior, Inspector Senior",8.0,,,In service,Asset Description 46,Adequate,Zonnestraat,60.0,9000.0,Ghent,Flanders,Customer 19,1,60,2,2024-11-11 12:00,2024-11-11 13:00
447,To do,Corrective-Low-3,Control System Checks,Corrective,Low,3,4,"5,0",Minutes,"0,0",Minutes,"Electrician, Mecanician, Inspector Junior, Inspector Senior",9.0,,,In service,Asset Description 46,Adequate,Zonnestraat,60.0,9000.0,Ghent,Flanders,Customer 19,1,5,2,2024-11-11 10:30,2024-11-11 10:35
448,To do,Corrective-Low-4,Testing and Validation,Corrective,Low,4,4,"5,0",Minutes,"0,0",Minutes,"Electrician, Mecanician, Inspector Junior, Inspector Senior",10.0,,,In service,Asset Description 46,Adequate,Zonnestraat,60.0,9000.0,Ghent,Flanders,Customer 19,1,5,2,2024-11-11 10:35,2024-11-11 10:40
449,To do,Corrective-Low-5,Documentation and Reporting,Corrective,Low,5,4,"5,0",Minutes,"0,0",Minutes,"Electrician, Mecanician, Inspector Junior, Inspector Senior",11.0,,,In service,Asset Description 46,Adequate,Zonnestraat,60.0,9000.0,Ghent,Flanders,Customer 19,1,5,2,2024-11-11 10:40,2024-11-11 10:45
450,To do,Corrective-Low-6,Post-Maintenance Adjustments,Corrective,Low,6,4,"5,0",Minutes,"0,0",Minutes,"Electrician, Mecanician, Inspector Junior, Inspector Senior",12.0,,,In service,Asset Description 46,Adequate,Zonnestraat,60.0,9000.0,Ghent,Flanders,Customer 19,1,5,2,2024-11-11 10:45,2024-11-11 10:50
451,To do,Corrective-Low-7,System Cleanup and Safety Checks,Corrective,Low,7,4,"10,0",Minutes,"0,0",Minutes,"Electrician, Mecanician, Inspector Junior, Inspector Senior",13.0,,,In service,Asset Description 46,Adequate,Zonnestraat,60.0,9000.0,Ghent,Flanders,Customer 19,1,10,2,2024-11-11 10:50,2024-11-11 11:00
452,To do,Corrective-Low-1,Diagnostics and Troubleshooting,Corrective,Low,1,4,"30,0",Minutes,"0,0",Minutes,"Electrician, Mecanician, Inspector Junior, Inspector Senior",,,,In service,Asset Description 47,Bad,Nationalestraat,65.0,2000.0,Antwerpen,Flanders,Customer 29,1,30,16,2024-11-07 14:45,2024-11-07 15:15
453,To do,Corrective-Low-2,Component Repair and Replacement,Corrective,Low,2,4,"1,0",Hours,"0,0",Minutes,"Electrician, Mecanician, Inspector Junior, Inspector Senior",8.0,,,In service,Asset Description 47,Bad,Nationalestraat,65.0,2000.0,Antwerpen,Flanders,Customer 29,1,60,16,2024-11-07 15:15,2024-11-07 16:15
454,To do,Corrective-Low-3,Control System Checks,Corrective,Low,3,4,"5,0",Minutes,"0,0",Minutes,"Electrician, Mecanician, Inspector Junior, Inspector Senior",9.0,,,In service,Asset Description 47,Bad,Nationalestraat,65.0,2000.0,Antwerpen,Flanders,Customer 29,1,5,16,2024-11-07 16:15,2024-11-07 16:20
455,To do,Corrective-Low-4,Testing and Validation,Corrective,Low,4,4,"5,0",Minutes,"0,0",Minutes,"Electrician, Mecanician, Inspector Junior, Inspector Senior",10.0,,,In service,Asset Description 47,Bad,Nationalestraat,65.0,2000.0,Antwerpen,Flanders,Customer 29,1,5,16,2024-11-07 16:20,2024-11-07 16:25
456,To do,Corrective-Low-5,Documentation and Reporting,Corrective,Low,5,4,"5,0",Minutes,"0,0",Minutes,"Electrician, Mecanician, Inspector Junior, Inspector Senior",11.0,,,In service,Asset Description 47,Bad,Nationalestraat,65.0,2000.0,Antwerpen,Flanders,Customer 29,1,5,16,2024-11-07 16:25,2024-11-07 16:30
457,To do,Corrective-Low-6,Post-Maintenance Adjustments,Corrective,Low,6,4,"5,0",Minutes,"0,0",Minutes,"Electrician, Mecanician, Inspector Junior, Inspector Senior",12.0,,,In service,Asset Description 47,Bad,Nationalestraat,65.0,2000.0,Antwerpen,Flanders,Customer 29,1,5,16,2024-11-07 16:30,2024-11-07 16:35
458,To do,Corrective-Low-7,System Cleanup and Safety Checks,Corrective,Low,7,4,"10,0",Minutes,"0,0",Minutes,"Electrician, Mecanician, Inspector Junior, Inspector Senior",13.0,,,In service,Asset Description 47,Bad,Nationalestraat,65.0,2000.0,Antwerpen,Flanders,Customer 29,1,10,16,2024-11-07 16:35,2024-11-07 16:45
459,To do,Corrective-Low-1,Diagnostics and Troubleshooting,Corrective,Low,1,4,"30,0",Minutes,"0,0",Minutes,"Electrician, Mecanician, Inspector Junior, Inspector Senior",,,,In service,Asset Description 48,Adequate,Sint-Jakobsstraat,70.0,8000.0,Bruges,Flanders,Customer 20,1,30,2,2024-11-11 13:00,2024-11-11 13:30
460,To do,Corrective-Low-2,Component Repair and Replacement,Corrective,Low,2,4,"1,0",Hours,"0,0",Minutes,"Electrician, Mecanician, Inspector Junior, Inspector Senior",8.0,,,In service,Asset Description 48,Adequate,Sint-Jakobsstraat,70.0,8000.0,Bruges,Flanders,Customer 20,1,60,2,2024-11-11 13:30,2024-11-11 14:30
461,To do,Corrective-Low-3,Control System Checks,Corrective,Low,3,4,"5,0",Minutes,"0,0",Minutes,"Electrician, Mecanician, Inspector Junior, Inspector Senior",9.0,,,In service,Asset Description 48,Adequate,Sint-Jakobsstraat,70.0,8000.0,Bruges,Flanders,Customer 20,1,5,2,2024-11-11 14:30,2024-11-11 14:35
462,To do,Corrective-Low-4,Testing and Validation,Corrective,Low,4,4,"5,0",Minutes,"0,0",Minutes,"Electrician, Mecanician, Inspector Junior, Inspector Senior",10.0,,,In service,Asset Description 48,Adequate,Sint-Jakobsstraat,70.0,8000.0,Bruges,Flanders,Customer 20,1,5,2,2024-11-11 14:35,2024-11-11 14:40
463,To do,Corrective-Low-5,Documentation and Reporting,Corrective,Low,5,4,"5,0",Minutes,"0,0",Minutes,"Electrician, Mecanician, Inspector Junior, Inspector Senior",11.0,,,In service,Asset Description 48,Adequate,Sint-Jakobsstraat,70.0,8000.0,Bruges,Flanders,Customer 20,1,5,2,2024-11-11 14:40,2024-11-11 14:45
464,To do,Corrective-Low-6,Post-Maintenance Adjustments,Corrective,Low,6,4,"5,0",Minutes,"0,0",Minutes,"Electrician, Mecanician, Inspector Junior, Inspector Senior",12.0,,,In service,Asset Description 48,Adequate,Sint-Jakobsstraat,70.0,8000.0,Bruges,Flanders,Customer 20,1,5,2,2024-11-11 14:45,2024-11-11 14:50
465,To do,Corrective-Low-7,System Cleanup and Safety Checks,Corrective,Low,7,4,"10,0",Minutes,"0,0",Minutes,"Electrician, Mecanician, Inspector Junior, Inspector Senior",13.0,,,In service,Asset Description 48,Adequate,Sint-Jakobsstraat,70.0,8000.0,Bruges,Flanders,Customer 20,1,10,2,2024-11-11 14:50,2024-11-11 15:00
466,To do,Corrective-Low-1,Diagnostics and Troubleshooting,Corrective,Low,1,4,"30,0",Minutes,"0,0",Minutes,"Electrician, Mecanician, Inspector Junior, Inspector Senior",,,,In service,Asset Description 49,Adequate,Av. du Bourg. Jean Materne,115.0,5100.0,Namur,Wallonia,Customer 21,1,30,2,2024-11-11 15:00,2024-11-11 15:30
467,To do,Corrective-Low-2,Component Repair and Replacement,Corrective,Low,2,4,"1,0",Hours,"0,0",Minutes,"Electrician, Mecanician, Inspector Junior, Inspector Senior",8.0,,,In service,Asset Description 49,Adequate,Av. du Bourg. Jean Materne,115.0,5100.0,Namur,Wallonia,Customer 21,1,60,2,2024-11-11 15:30,2024-11-11 16:30
468,To do,Corrective-Low-3,Control System Checks,Corrective,Low,3,4,"5,0",Minutes,"0,0",Minutes,"Electrician, Mecanician, Inspector Junior, Inspector Senior",9.0,,,In service,Asset Description 49,Adequate,Av. du Bourg. Jean Materne,115.0,5100.0,Namur,Wallonia,Customer 21,1,5,2,2024-11-11 16:30,2024-11-11 16:35
469,To do,Corrective-Low-4,Testing and Validation,Corrective,Low,4,4,"5,0",Minutes,"0,0",Minutes,"Electrician, Mecanician, Inspector Junior, Inspector Senior",10.0,,,In service,Asset Description 49,Adequate,Av. du Bourg. Jean Materne,115.0,5100.0,Namur,Wallonia,Customer 21,1,5,2,2024-11-11 16:35,2024-11-11 16:40
470,To do,Corrective-Low-5,Documentation and Reporting,Corrective,Low,5,4,"5,0",Minutes,"0,0",Minutes,"Electrician, Mecanician, Inspector Junior, Inspector Senior",11.0,,,In service,Asset Description 49,Adequate,Av. du Bourg. Jean Materne,115.0,5100.0,Namur,Wallonia,Customer 21,1,5,2,2024-11-11 16:40,2024-11-11 16:45
471,To do,Corrective-Low-6,Post-Maintenance Adjustments,Corrective,Low,6,4,"5,0",Minutes,"0,0",Minutes,"Electrician, Mecanician, Inspector Junior, Inspector Senior",12.0,,,In service,Asset Description 49,Adequate,Av. du Bourg. Jean Materne,115.0,5100.0,Namur,Wallonia,Customer 21,1,5,2,2024-11-11 16:45,2024-11-11 16:50
472,To do,Corrective-Low-7,System Cleanup and Safety Checks,Corrective,Low,7,4,"10,0",Minutes,"0,0",Minutes,"Electrician, Mecanician, Inspector Junior, Inspector Senior",13.0,,,In service,Asset Description 49,Adequate,Av. du Bourg. Jean Materne,115.0,5100.0,Namur,Wallonia,Customer 21,1,10,2,2024-11-11 16:50,2024-11-11 17:00
473,To do,Corrective-Low-1,Diagnostics and Troubleshooting,Corrective,Low,1,4,"30,0",Minutes,"0,0",Minutes,"Electrician, Mecanician, Inspector Junior, Inspector Senior",,,,In service,Asset Description 50,Bad,Avenue Louise,50.0,6000.0,Charleroi,Wallonia,Customer 22,1,30,17,2024-11-07 07:00,2024-11-07 07:30
474,To do,Corrective-Low-2,Component Repair and Replacement,Corrective,Low,2,4,"1,0",Hours,"0,0",Minutes,"Electrician, Mecanician, Inspector Junior, Inspector Senior",8.0,,,In service,Asset Description 50,Bad,Avenue Louise,50.0,6000.0,Charleroi,Wallonia,Customer 22,1,60,17,2024-11-07 07:30,2024-11-07 08:30
475,To do,Corrective-Low-3,Control System Checks,Corrective,Low,3,4,"5,0",Minutes,"0,0",Minutes,"Electrician, Mecanician, Inspector Junior, Inspector Senior",9.0,,,In service,Asset Description 50,Bad,Avenue Louise,50.0,6000.0,Charleroi,Wallonia,Customer 22,1,5,16,2024-11-07 16:45,2024-11-07 16:50
476,To do,Corrective-Low-4,Testing and Validation,Corrective,Low,4,4,"5,0",Minutes,"0,0",Minutes,"Electrician, Mecanician, Inspector Junior, Inspector Senior",10.0,,,In service,Asset Description 50,Bad,Avenue Louise,50.0,6000.0,Charleroi,Wallonia,Customer 22,1,5,16,2024-11-07 16:50,2024-11-07 16:55
477,To do,Corrective-Low-5,Documentation and Reporting,Corrective,Low,5,4,"5,0",Minutes,"0,0",Minutes,"Electrician, Mecanician, Inspector Junior, Inspector Senior",11.0,,,In service,Asset Description 50,Bad,Avenue Louise,50.0,6000.0,Charleroi,Wallonia,Customer 22,1,5,16,2024-11-07 16:55,2024-11-07 17:00
478,To do,Corrective-Low-6,Post-Maintenance Adjustments,Corrective,Low,6,4,"5,0",Minutes,"0,0",Minutes,"Electrician, Mecanician, Inspector Junior, Inspector Senior",12.0,,,In service,Asset Description 50,Bad,Avenue Louise,50.0,6000.0,Charleroi,Wallonia,Customer 22,1,5,17,2024-11-07 08:30,2024-11-07 08:35
479,To do,Corrective-Low-7,System Cleanup and Safety Checks,Corrective,Low,7,4,"10,0",Minutes,"0,0",Minutes,"Electrician, Mecanician, Inspector Junior, Inspector Senior",13.0,,,In service,Asset Description 50,Bad,Avenue Louise,50.0,6000.0,Charleroi,Wallonia,Customer 22,1,10,17,2024-11-07 08:35,2024-11-07 08:45
480,To do,Corrective-Low-1,Diagnostics and Troubleshooting,Corrective,Low,1,4,"30,0",Minutes,"0,0",Minutes,"Electrician, Mecanician, Inspector Junior, Inspector Senior",,,,In service,Asset Description 51,Adequate,Bd John Fitzgerald Kennedy,2.0,7000.0,Mons,Wallonia,Customer 23,1,30,6,2024-11-11 16:00,2024-11-11 16:30
481,To do,Corrective-Low-2,Component Repair and Replacement,Corrective,Low,2,4,"1,0",Hours,"0,0",Minutes,"Electrician, Mecanician, Inspector Junior, Inspector Senior",8.0,,,In service,Asset Description 51,Adequate,Bd John Fitzgerald Kennedy,2.0,7000.0,Mons,Wallonia,Customer 23,1,60,11,2024-11-11 07:00,2024-11-11 08:00
482,To do,Corrective-Low-3,Control System Checks,Corrective,Low,3,4,"5,0",Minutes,"0,0",Minutes,"Electrician, Mecanician, Inspector Junior, Inspector Senior",9.0,,,In service,Asset Description 51,Adequate,Bd John Fitzgerald Kennedy,2.0,7000.0,Mons,Wallonia,Customer 23,1,5,6,2024-11-11 16:30,2024-11-11 16:35
483,To do,Corrective-Low-4,Testing and Validation,Corrective,Low,4,4,"5,0",Minutes,"0,0",Minutes,"Electrician, Mecanician, Inspector Junior, Inspector Senior",10.0,,,In service,Asset Description 51,Adequate,Bd John Fitzgerald Kennedy,2.0,7000.0,Mons,Wallonia,Customer 23,1,5,6,2024-11-11 16:35,2024-11-11 16:40
484,To do,Corrective-Low-5,Documentation and Reporting,Corrective,Low,5,4,"5,0",Minutes,"0,0",Minutes,"Electrician, Mecanician, Inspector Junior, Inspector Senior",11.0,,,In service,Asset Description 51,Adequate,Bd John Fitzgerald Kennedy,2.0,7000.0,Mons,Wallonia,Customer 23,1,5,6,2024-11-11 16:40,2024-11-11 16:45
485,To do,Corrective-Low-6,Post-Maintenance Adjustments,Corrective,Low,6,4,"5,0",Minutes,"0,0",Minutes,"Electrician, Mecanician, Inspector Junior, Inspector Senior",12.0,,,In service,Asset Description 51,Adequate,Bd John Fitzgerald Kennedy,2.0,7000.0,Mons,Wallonia,Customer 23,1,5,6,2024-11-11 16:45,2024-11-11 16:50
486,To do,Corrective-Low-7,System Cleanup and Safety Checks,Corrective,Low,7,4,"10,0",Minutes,"0,0",Minutes,"Electrician, Mecanician, Inspector Junior, Inspector Senior",13.0,,,In service,Asset Description 51,Adequate,Bd John Fitzgerald Kennedy,2.0,7000.0,Mons,Wallonia,Customer 23,1,10,6,2024-11-11 16:50,2024-11-11 17:00
487,To do,Corrective-Low-1,Diagnostics and Troubleshooting,Corrective,Low,1,4,"30,0",Minutes,"0,0",Minutes,"Electrician, Mecanician, Inspector Junior, Inspector Senior",,,,In service,Asset Description 52,Adequate,Rue Victor Hugo,100.0,4000.0,Liège,Wallonia,Customer 24,1,30,11,2024-11-11 08:00,2024-11-11 08:30
488,To do,Corrective-Low-2,Component Repair and Replacement,Corrective,Low,2,4,"1,0",Hours,"0,0",Minutes,"Electrician, Mecanician, Inspector Junior, Inspector Senior",8.0,,,In service,Asset Description 52,Adequate,Rue Victor Hugo,100.0,4000.0,Liège,Wallonia,Customer 24,1,60,11,2024-11-11 08:30,2024-11-11 09:30
489,To do,Corrective-Low-3,Control System Checks,Corrective,Low,3,4,"5,0",Minutes,"0,0",Minutes,"Electrician, Mecanician, Inspector Junior, Inspector Senior",9.0,,,In service,Asset Description 52,Adequate,Rue Victor Hugo,100.0,4000.0,Liège,Wallonia,Customer 24,1,5,11,2024-11-11 09:30,2024-11-11 09:35
490,To do,Corrective-Low-4,Testing and Validation,Corrective,Low,4,4,"5,0",Minutes,"0,0",Minutes,"Electrician, Mecanician, Inspector Junior, Inspector Senior",10.0,,,In service,Asset Description 52,Adequate,Rue Victor Hugo,100.0,4000.0,Liège,Wallonia,Customer 24,1,5,11,2024-11-11 09:35,2024-11-11 09:40
491,To do,Corrective-Low-5,Documentation and Reporting,Corrective,Low,5,4,"5,0",Minutes,"0,0",Minutes,"Electrician, Mecanician, Inspector Junior, Inspector Senior",11.0,,,In service,Asset Description 52,Adequate,Rue Victor Hugo,100.0,4000.0,Liège,Wallonia,Customer 24,1,5,11,2024-11-11 09:40,2024-11-11 09:45
492,To do,Corrective-Low-6,Post-Maintenance Adjustments,Corrective,Low,6,4,"5,0",Minutes,"0,0",Minutes,"Electrician, Mecanician, Inspector Junior, Inspector Senior",12.0,,,In service,Asset Description 52,Adequate,Rue Victor Hugo,100.0,4000.0,Liège,Wallonia,Customer 24,1,5,11,2024-11-11 09:45,2024-11-11 09:50
493,To do,Corrective-Low-7,System Cleanup and Safety Checks,Corrective,Low,7,4,"10,0",Minutes,"0,0",Minutes,"Electrician, Mecanician, Inspector Junior, Inspector Senior",13.0,,,In service,Asset Description 52,Adequate,Rue Victor Hugo,100.0,4000.0,Liège,Wallonia,Customer 24,1,10,11,2024-11-11 09:50,2024-11-11 10:00
559,To do,Corrective-Low-1,Diagnostics and Troubleshooting,Corrective,Low,1,4,"30,0",Minutes,"0,0",Minutes,"Electrician, Mecanician, Inspector Junior, Inspector Senior",,,,In service,Asset Description 53,Good,Rue de Fer,48.0,5000.0,Namur,Wallonia,Customer 25,1,30,6,2024-11-12 13:00,2024-11-12 13:30
560,To do,Corrective-Low-2,Component Repair and Replacement,Corrective,Low,2,4,"1,0",Hours,"0,0",Minutes,"Electrician, Mecanician, Inspector Junior, Inspector Senior",8.0,,,In service,Asset Description 53,Good,Rue de Fer,48.0,5000.0,Namur,Wallonia,Customer 25,1,60,6,2024-11-12 13:30,2024-11-12 14:30
561,To do,Corrective-Low-3,Control System Checks,Corrective,Low,3,4,"5,0",Minutes,"0,0",Minutes,"Electrician, Mecanician, Inspector Junior, Inspector Senior",9.0,,,In service,Asset Description 53,Good,Rue de Fer,48.0,5000.0,Namur,Wallonia,Customer 25,1,5,6,2024-11-12 14:30,2024-11-12 14:35
562,To do,Corrective-Low-4,Testing and Validation,Corrective,Low,4,4,"5,0",Minutes,"0,0",Minutes,"Electrician, Mecanician, Inspector Junior, Inspector Senior",10.0,,,In service,Asset Description 53,Good,Rue de Fer,48.0,5000.0,Namur,Wallonia,Customer 25,1,5,6,2024-11-12 14:35,2024-11-12 14:40
563,To do,Corrective-Low-5,Documentation and Reporting,Corrective,Low,5,4,"5,0",Minutes,"0,0",Minutes,"Electrician, Mecanician, Inspector Junior, Inspector Senior",11.0,,,In service,Asset Description 53,Good,Rue de Fer,48.0,5000.0,Namur,Wallonia,Customer 25,1,5,6,2024-11-12 14:40,2024-11-12 14:45
564,To do,Corrective-Low-6,Post-Maintenance Adjustments,Corrective,Low,6,4,"5,0",Minutes,"0,0",Minutes,"Electrician, Mecanician, Inspector Junior, Inspector Senior",12.0,,,In service,Asset Description 53,Good,Rue de Fer,48.0,5000.0,Namur,Wallonia,Customer 25,1,5,6,2024-11-12 14:45,2024-11-12 14:50
565,To do,Corrective-Low-7,System Cleanup and Safety Checks,Corrective,Low,7,4,"10,0",Minutes,"0,0",Minutes,"Electrician, Mecanician, Inspector Junior, Inspector Senior",13.0,,,In service,Asset Description 53,Good,Rue de Fer,48.0,5000.0,Namur,Wallonia,Customer 25,1,10,6,2024-11-12 14:50,2024-11-12 15:00
552,To do,Corrective-Low-1,Diagnostics and Troubleshooting,Corrective,Low,1,4,"30,0",Minutes,"0,0",Minutes,"Electrician, Mecanician, Inspector Junior, Inspector Senior",,,,In service,Asset Description 54,Adequate,Bd Joseph Tirou,12.0,6000.0,Charleroi,Wallonia,Customer 26,1,30,11,2024-11-11 10:00,2024-11-11 10:30
553,To do,Corrective-Low-2,Component Repair and Replacement,Corrective,Low,2,4,"1,0",Hours,"0,0",Minutes,"Electrician, Mecanician, Inspector Junior, Inspector Senior",8.0,,,In service,Asset Description 54,Adequate,Bd Joseph Tirou,12.0,6000.0,Charleroi,Wallonia,Customer 26,1,60,11,2024-11-11 12:00,2024-11-11 13:00
554,To do,Corrective-Low-3,Control System Checks,Corrective,Low,3,4,"5,0",Minutes,"0,0",Minutes,"Electrician, Mecanician, Inspector Junior, Inspector Senior",9.0,,,In service,Asset Description 54,Adequate,Bd Joseph Tirou,12.0,6000.0,Charleroi,Wallonia,Customer 26,1,5,11,2024-11-11 10:30,2024-11-11 10:35
555,To do,Corrective-Low-4,Testing and Validation,Corrective,Low,4,4,"5,0",Minutes,"0,0",Minutes,"Electrician, Mecanician, Inspector Junior, Inspector Senior",10.0,,,In service,Asset Description 54,Adequate,Bd Joseph Tirou,12.0,6000.0,Charleroi,Wallonia,Customer 26,1,5,11,2024-11-11 10:35,2024-11-11 10:40
556,To do,Corrective-Low-5,Documentation and Reporting,Corrective,Low,5,4,"5,0",Minutes,"0,0",Minutes,"Electrician, Mecanician, Inspector Junior, Inspector Senior",11.0,,,In service,Asset Description 54,Adequate,Bd Joseph Tirou,12.0,6000.0,Charleroi,Wallonia,Customer 26,1,5,11,2024-11-11 10:40,2024-11-11 10:45
557,To do,Corrective-Low-6,Post-Maintenance Adjustments,Corrective,Low,6,4,"5,0",Minutes,"0,0",Minutes,"Electrician, Mecanician, Inspector Junior, Inspector Senior",12.0,,,In service,Asset Description 54,Adequate,Bd Joseph Tirou,12.0,6000.0,Charleroi,Wallonia,Customer 26,1,5,11,2024-11-11 10:45,2024-11-11 10:50
558,To do,Corrective-Low-7,System Cleanup and Safety Checks,Corrective,Low,7,4,"10,0",Minutes,"0,0",Minutes,"Electrician, Mecanician, Inspector Junior, Inspector Senior",13.0,,,In service,Asset Description 54,Adequate,Bd Joseph Tirou,12.0,6000.0,Charleroi,Wallonia,Customer 26,1,10,11,2024-11-11 10:50,2024-11-11 11:00
545,To do,Corrective-Low-1,Diagnostics and Troubleshooting,Corrective,Low,1,4,"30,0",Minutes,"0,0",Minutes,"Electrician, Mecanician, Inspector Junior, Inspector Senior",,,,In service,Asset Description 55,Bad,Rue de la Station,5.0,7000.0,Mons,Wallonia,Customer 14,1,30,17,2024-11-07 08:45,2024-11-07 09:15
546,To do,Corrective-Low-2,Component Repair and Replacement,Corrective,Low,2,4,"1,0",Hours,"0,0",Minutes,"Electrician, Mecanician, Inspector Junior, Inspector Senior",8.0,,,In service,Asset Description 55,Bad,Rue de la Station,5.0,7000.0,Mons,Wallonia,Customer 14,1,60,17,2024-11-07 09:15,2024-11-07 10:15
547,To do,Corrective-Low-3,Control System Checks,Corrective,Low,3,4,"5,0",Minutes,"0,0",Minutes,"Electrician, Mecanician, Inspector Junior, Inspector Senior",9.0,,,In service,Asset Description 55,Bad,Rue de la Station,5.0,7000.0,Mons,Wallonia,Customer 14,1,5,17,2024-11-07 10:15,2024-11-07 10:20
548,To do,Corrective-Low-4,Testing and Validation,Corrective,Low,4,4,"5,0",Minutes,"0,0",Minutes,"Electrician, Mecanician, Inspector Junior, Inspector Senior",10.0,,,In service,Asset Description 55,Bad,Rue de la Station,5.0,7000.0,Mons,Wallonia,Customer 14,1,5,17,2024-11-07 10:20,2024-11-07 10:25
549,To do,Corrective-Low-5,Documentation and Reporting,Corrective,Low,5,4,"5,0",Minutes,"0,0",Minutes,"Electrician, Mecanician, Inspector Junior, Inspector Senior",11.0,,,In service,Asset Description 55,Bad,Rue de la Station,5.0,7000.0,Mons,Wallonia,Customer 14,1,5,17,2024-11-07 10:25,2024-11-07 10:30
550,To do,Corrective-Low-6,Post-Maintenance Adjustments,Corrective,Low,6,4,"5,0",Minutes,"0,0",Minutes,"Electrician, Mecanician, Inspector Junior, Inspector Senior",12.0,,,In service,Asset Description 55,Bad,Rue de la Station,5.0,7000.0,Mons,Wallonia,Customer 14,1,5,17,2024-11-07 10:30,2024-11-07 10:35
551,To do,Corrective-Low-7,System Cleanup and Safety Checks,Corrective,Low,7,4,"10,0",Minutes,"0,0",Minutes,"Electrician, Mecanician, Inspector Junior, Inspector Senior",13.0,,,In service,Asset Description 55,Bad,Rue de la Station,5.0,7000.0,Mons,Wallonia,Customer 14,1,10,17,2024-11-07 10:35,2024-11-07 10:45
538,To do,Corrective-Low-1,Diagnostics and Troubleshooting,Corrective,Low,1,4,"30,0",Minutes,"0,0",Minutes,"Electrician, Mecanician, Inspector Junior, Inspector Senior",,,,In service,Asset Description 56,Adequate,Rue de Mons,9.0,4000.0,Liège,Wallonia,Customer 17,1,30,11,2024-11-11 13:00,2024-11-11 13:30
539,To do,Corrective-Low-2,Component Repair and Replacement,Corrective,Low,2,4,"1,0",Hours,"0,0",Minutes,"Electrician, Mecanician, Inspector Junior, Inspector Senior",8.0,,,In service,Asset Description 56,Adequate,Rue de Mons,9.0,4000.0,Liège,Wallonia,Customer 17,1,60,11,2024-11-11 13:30,2024-11-11 14:30
540,To do,Corrective-Low-3,Control System Checks,Corrective,Low,3,4,"5,0",Minutes,"0,0",Minutes,"Electrician, Mecanician, Inspector Junior, Inspector Senior",9.0,,,In service,Asset Description 56,Adequate,Rue de Mons,9.0,4000.0,Liège,Wallonia,Customer 17,1,5,11,2024-11-11 14:30,2024-11-11 14:35
541,To do,Corrective-Low-4,Testing and Validation,Corrective,Low,4,4,"5,0",Minutes,"0,0",Minutes,"Electrician, Mecanician, Inspector Junior, Inspector Senior",10.0,,,In service,Asset Description 56,Adequate,Rue de Mons,9.0,4000.0,Liège,Wallonia,Customer 17,1,5,11,2024-11-11 14:35,2024-11-11 14:40
542,To do,Corrective-Low-5,Documentation and Reporting,Corrective,Low,5,4,"5,0",Minutes,"0,0",Minutes,"Electrician, Mecanician, Inspector Junior, Inspector Senior",11.0,,,In service,Asset Description 56,Adequate,Rue de Mons,9.0,4000.0,Liège,Wallonia,Customer 17,1,5,11,2024-11-11 14:40,2024-11-11 14:45
543,To do,Corrective-Low-6,Post-Maintenance Adjustments,Corrective,Low,6,4,"5,0",Minutes,"0,0",Minutes,"Electrician, Mecanician, Inspector Junior, Inspector Senior",12.0,,,In service,Asset Description 56,Adequate,Rue de Mons,9.0,4000.0,Liège,Wallonia,Customer 17,1,5,11,2024-11-11 14:45,2024-11-11 14:50
544,To do,Corrective-Low-7,System Cleanup and Safety Checks,Corrective,Low,7,4,"10,0",Minutes,"0,0",Minutes,"Electrician, Mecanician, Inspector Junior, Inspector Senior",13.0,,,In service,Asset Description 56,Adequate,Rue de Mons,9.0,4000.0,Liège,Wallonia,Customer 17,1,10,11,2024-11-11 14:50,2024-11-11 15:00
531,To do,Corrective-Low-1,Diagnostics and Troubleshooting,Corrective,Low,1,4,"30,0",Minutes,"0,0",Minutes,"Electrician, Mecanician, Inspector Junior, Inspector Senior",,,,In service,Asset Description 57,Adequate,Rue de l'Église,10.0,5000.0,Namur,Wallonia,Customer 29,1,30,11,2024-11-11 15:00,2024-11-11 15:30
532,To do,Corrective-Low-2,Component Repair and Replacement,Corrective,Low,2,4,"1,0",Hours,"0,0",Minutes,"Electrician, Mecanician, Inspector Junior, Inspector Senior",8.0,,,In service,Asset Description 57,Adequate,Rue de l'Église,10.0,5000.0,Namur,Wallonia,Customer 29,1,60,11,2024-11-11 15:30,2024-11-11 16:30
533,To do,Corrective-Low-3,Control System Checks,Corrective,Low,3,4,"5,0",Minutes,"0,0",Minutes,"Electrician, Mecanician, Inspector Junior, Inspector Senior",9.0,,,In service,Asset Description 57,Adequate,Rue de l'Église,10.0,5000.0,Namur,Wallonia,Customer 29,1,5,11,2024-11-11 16:30,2024-11-11 16:35
534,To do,Corrective-Low-4,Testing and Validation,Corrective,Low,4,4,"5,0",Minutes,"0,0",Minutes,"Electrician, Mecanician, Inspector Junior, Inspector Senior",10.0,,,In service,Asset Description 57,Adequate,Rue de l'Église,10.0,5000.0,Namur,Wallonia,Customer 29,1,5,11,2024-11-11 16:35,2024-11-11 16:40
535,To do,Corrective-Low-5,Documentation and Reporting,Corrective,Low,5,4,"5,0",Minutes,"0,0",Minutes,"Electrician, Mecanician, Inspector Junior, Inspector Senior",11.0,,,In service,Asset Description 57,Adequate,Rue de l'Église,10.0,5000.0,Namur,Wallonia,Customer 29,1,5,11,2024-11-11 16:40,2024-11-11 16:45
536,To do,Corrective-Low-6,Post-Maintenance Adjustments,Corrective,Low,6,4,"5,0",Minutes,"0,0",Minutes,"Electrician, Mecanician, Inspector Junior, Inspector Senior",12.0,,,In service,Asset Description 57,Adequate,Rue de l'Église,10.0,5000.0,Namur,Wallonia,Customer 29,1,5,11,2024-11-11 16:45,2024-11-11 16:50
537,To do,Corrective-Low-7,System Cleanup and Safety Checks,Corrective,Low,7,4,"10,0",Minutes,"0,0",Minutes,"Electrician, Mecanician, Inspector Junior, Inspector Senior",13.0,,,In service,Asset Description 57,Adequate,Rue de l'Église,10.0,5000.0,Namur,Wallonia,Customer 29,1,10,11,2024-11-11 16:50,2024-11-11 17:00
524,To do,Corrective-Low-1,Diagnostics and Troubleshooting,Corrective,Low,1,4,"30,0",Minutes,"0,0",Minutes,"Electrician, Mecanician, Inspector Junior, Inspector Senior",,,,In service,Asset Description 58,Adequate,Bd Solvay,22.0,6000.0,Charleroi,Wallonia,Customer 30,1,30,12,2024-11-11 07:00,2024-11-11 07:30
525,To do,Corrective-Low-2,Component Repair and Replacement,Corrective,Low,2,4,"1,0",Hours,"0,0",Minutes,"Electrician, Mecanician, Inspector Junior, Inspector Senior",8.0,,,In service,Asset Description 58,Adequate,Bd Solvay,22.0,6000.0,Charleroi,Wallonia,Customer 30,1,60,12,2024-11-11 07:30,2024-11-11 08:30
526,To do,Corrective-Low-3,Control System Checks,Corrective,Low,3,4,"5,0",Minutes,"0,0",Minutes,"Electrician, Mecanician, Inspector Junior, Inspector Senior",9.0,,,In service,Asset Description 58,Adequate,Bd Solvay,22.0,6000.0,Charleroi,Wallonia,Customer 30,1,5,12,2024-11-11 08:30,2024-11-11 08:35
527,To do,Corrective-Low-4,Testing and Validation,Corrective,Low,4,4,"5,0",Minutes,"0,0",Minutes,"Electrician, Mecanician, Inspector Junior, Inspector Senior",10.0,,,In service,Asset Description 58,Adequate,Bd Solvay,22.0,6000.0,Charleroi,Wallonia,Customer 30,1,5,12,2024-11-11 08:35,2024-11-11 08:40
528,To do,Corrective-Low-5,Documentation and Reporting,Corrective,Low,5,4,"5,0",Minutes,"0,0",Minutes,"Electrician, Mecanician, Inspector Junior, Inspector Senior",11.0,,,In service,Asset Description 58,Adequate,Bd Solvay,22.0,6000.0,Charleroi,Wallonia,Customer 30,1,5,12,2024-11-11 08:40,2024-11-11 08:45
529,To do,Corrective-Low-6,Post-Maintenance Adjustments,Corrective,Low,6,4,"5,0",Minutes,"0,0",Minutes,"Electrician, Mecanician, Inspector Junior, Inspector Senior",12.0,,,In service,Asset Description 58,Adequate,Bd Solvay,22.0,6000.0,Charleroi,Wallonia,Customer 30,1,5,12,2024-11-11 08:45,2024-11-11 08:50
530,To do,Corrective-Low-7,System Cleanup and Safety Checks,Corrective,Low,7,4,"10,0",Minutes,"0,0",Minutes,"Electrician, Mecanician, Inspector Junior, Inspector Senior",13.0,,,In service,Asset Description 58,Adequate,Bd Solvay,22.0,6000.0,Charleroi,Wallonia,Customer 30,1,10,12,2024-11-11 08:50,2024-11-11 09:00
517,To do,Corrective-Low-1,Diagnostics and Troubleshooting,Corrective,Low,1,4,"30,0",Minutes,"0,0",Minutes,"Electrician, Mecanician, Inspector Junior, Inspector Senior",,,,In service,Asset Description 59,Bad,Rue de la Paix,15.0,7000.0,Mons,Wallonia,Customer 31,1,30,17,2024-11-07 12:00,2024-11-07 12:30
518,To do,Corrective-Low-2,Component Repair and Replacement,Corrective,Low,2,4,"1,0",Hours,"0,0",Minutes,"Electrician, Mecanician, Inspector Junior, Inspector Senior",8.0,,,In service,Asset Description 59,Bad,Rue de la Paix,15.0,7000.0,Mons,Wallonia,Customer 31,1,60,17,2024-11-07 12:30,2024-11-07 13:30
519,To do,Corrective-Low-3,Control System Checks,Corrective,Low,3,4,"5,0",Minutes,"0,0",Minutes,"Electrician, Mecanician, Inspector Junior, Inspector Senior",9.0,,,In service,Asset Description 59,Bad,Rue de la Paix,15.0,7000.0,Mons,Wallonia,Customer 31,1,5,17,2024-11-07 10:45,2024-11-07 10:50
520,To do,Corrective-Low-4,Testing and Validation,Corrective,Low,4,4,"5,0",Minutes,"0,0",Minutes,"Electrician, Mecanician, Inspector Junior, Inspector Senior",10.0,,,In service,Asset Description 59,Bad,Rue de la Paix,15.0,7000.0,Mons,Wallonia,Customer 31,1,5,17,2024-11-07 10:50,2024-11-07 10:55
521,To do,Corrective-Low-5,Documentation and Reporting,Corrective,Low,5,4,"5,0",Minutes,"0,0",Minutes,"Electrician, Mecanician, Inspector Junior, Inspector Senior",11.0,,,In service,Asset Description 59,Bad,Rue de la Paix,15.0,7000.0,Mons,Wallonia,Customer 31,1,5,17,2024-11-07 10:55,2024-11-07 11:00
522,To do,Corrective-Low-6,Post-Maintenance Adjustments,Corrective,Low,6,4,"5,0",Minutes,"0,0",Minutes,"Electrician, Mecanician, Inspector Junior, Inspector Senior",12.0,,,In service,Asset Description 59,Bad,Rue de la Paix,15.0,7000.0,Mons,Wallonia,Customer 31,1,5,17,2024-11-07 13:30,2024-11-07 13:35
523,To do,Corrective-Low-7,System Cleanup and Safety Checks,Corrective,Low,7,4,"10,0",Minutes,"0,0",Minutes,"Electrician, Mecanician, Inspector Junior, Inspector Senior",13.0,,,In service,Asset Description 59,Bad,Rue de la Paix,15.0,7000.0,Mons,Wallonia,Customer 31,1,10,17,2024-11-07 13:35,2024-11-07 13:45
510,To do,Corrective-Low-1,Diagnostics and Troubleshooting,Corrective,Low,1,4,"30,0",Minutes,"0,0",Minutes,"Electrician, Mecanician, Inspector Junior, Inspector Senior",,,,In service,Asset Description 60,Good,Avenue des Cerisiers,20.0,4000.0,Liège,Wallonia,Customer 32,1,30,6,2024-11-12 15:00,2024-11-12 15:30
511,To do,Corrective-Low-2,Component Repair and Replacement,Corrective,Low,2,4,"1,0",Hours,"0,0",Minutes,"Electrician, Mecanician, Inspector Junior, Inspector Senior",8.0,,,In service,Asset Description 60,Good,Avenue des Cerisiers,20.0,4000.0,Liège,Wallonia,Customer 32,1,60,6,2024-11-12 15:30,2024-11-12 16:30
512,To do,Corrective-Low-3,Control System Checks,Corrective,Low,3,4,"5,0",Minutes,"0,0",Minutes,"Electrician, Mecanician, Inspector Junior, Inspector Senior",9.0,,,In service,Asset Description 60,Good,Avenue des Cerisiers,20.0,4000.0,Liège,Wallonia,Customer 32,1,5,6,2024-11-12 16:30,2024-11-12 16:35
513,To do,Corrective-Low-4,Testing and Validation,Corrective,Low,4,4,"5,0",Minutes,"0,0",Minutes,"Electrician, Mecanician, Inspector Junior, Inspector Senior",10.0,,,In service,Asset Description 60,Good,Avenue des Cerisiers,20.0,4000.0,Liège,Wallonia,Customer 32,1,5,6,2024-11-12 16:35,2024-11-12 16:40
514,To do,Corrective-Low-5,Documentation and Reporting,Corrective,Low,5,4,"5,0",Minutes,"0,0",Minutes,"Electrician, Mecanician, Inspector Junior, Inspector Senior",11.0,,,In service,Asset Description 60,Good,Avenue des Cerisiers,20.0,4000.0,Liège,Wallonia,Customer 32,1,5,6,2024-11-12 16:40,2024-11-12 16:45
515,To do,Corrective-Low-6,Post-Maintenance Adjustments,Corrective,Low,6,4,"5,0",Minutes,"0,0",Minutes,"Electrician, Mecanician, Inspector Junior, Inspector Senior",12.0,,,In service,Asset Description 60,Good,Avenue des Cerisiers,20.0,4000.0,Liège,Wallonia,Customer 32,1,5,6,2024-11-12 16:45,2024-11-12 16:50
516,To do,Corrective-Low-7,System Cleanup and Safety Checks,Corrective,Low,7,4,"10,0",Minutes,"0,0",Minutes,"Electrician, Mecanician, Inspector Junior, Inspector Senior",13.0,,,In service,Asset Description 60,Good,Avenue des Cerisiers,20.0,4000.0,Liège,Wallonia,Customer 32,1,10,6,2024-11-12 16:50,2024-11-12 17:00
566,To do,Preventive-monthly-1,Safety Systems Check,Preventive,monthly,1,3,"30,0",Minutes,"0,0",Minutes,"Inspector Junior, Inspector Senior",,4/11/2024,8/11/2024,In service,Asset Description 61,Bad,Rue de la Station,8.0,5000.0,Namur,Wallonia,Customer 33,0,30,12,2024-11-04 08:00,2024-11-04 08:30
567,To do,Preventive-monthly-2,Structural and Mechanical Inspection,Preventive,monthly,2,3,"30,0",Minutes,"0,0",Minutes,"Inspector Junior, Inspector Senior",15.0,4/11/2024,8/11/2024,In service,Asset Description 61,Bad,Rue de la Station,8.0,5000.0,Namur,Wallonia,Customer 33,0,30,12,2024-11-04 08:30,2024-11-04 09:00
568,To do,Preventive-monthly-3,Electrical and Control Systems Examination,Preventive,monthly,3,3,"30,0",Minutes,"0,0",Minutes,"Inspector Junior, Inspector Senior",16.0,4/11/2024,8/11/2024,In service,Asset Description 61,Bad,Rue de la Station,8.0,5000.0,Namur,Wallonia,Customer 33,0,30,12,2024-11-04 09:00,2024-11-04 09:30
569,To do,Preventive-monthly-4,Performance and Load Testing,Preventive,monthly,4,3,"50,0",Minutes,"0,0",Minutes,"Inspector Junior, Inspector Senior",17.0,4/11/2024,8/11/2024,In service,Asset Description 61,Bad,Rue de la Station,8.0,5000.0,Namur,Wallonia,Customer 33,0,50,12,2024-11-04 09:30,2024-11-04 10:20
570,To do,Preventive-monthly-5,Documentation and Compliance Verification,Preventive,monthly,5,3,"10,0",Minutes,"0,0",Minutes,"Inspector Junior, Inspector Senior",18.0,4/11/2024,8/11/2024,In service,Asset Description 61,Bad,Rue de la Station,8.0,5000.0,Namur,Wallonia,Customer 33,0,10,12,2024-11-04 10:20,2024-11-04 10:30
631,To do,Preventive-monthly-1,Safety Systems Check,Preventive,monthly,1,3,"30,0",Minutes,"0,0",Minutes,"Inspector Junior, Inspector Senior",,4/11/2024,8/11/2024,In service,Asset Description 62,Good,Bd Joseph Tirou,62.0,6000.0,Charleroi,Wallonia,Customer 34,0,30,17,2024-11-06 07:10,2024-11-06 07:40
632,To do,Preventive-monthly-2,Structural and Mechanical Inspection,Preventive,monthly,2,3,"30,0",Minutes,"0,0",Minutes,"Inspector Junior, Inspector Senior",15.0,4/11/2024,8/11/2024,In service,Asset Description 62,Good,Bd Joseph Tirou,62.0,6000.0,Charleroi,Wallonia,Customer 34,0,30,17,2024-11-06 07:40,2024-11-06 08:10
633,To do,Preventive-monthly-3,Electrical and Control Systems Examination,Preventive,monthly,3,3,"30,0",Minutes,"0,0",Minutes,"Inspector Junior, Inspector Senior",16.0,4/11/2024,8/11/2024,In service,Asset Description 62,Good,Bd Joseph Tirou,62.0,6000.0,Charleroi,Wallonia,Customer 34,0,30,17,2024-11-06 08:10,2024-11-06 08:40
634,To do,Preventive-monthly-4,Performance and Load Testing,Preventive,monthly,4,3,"50,0",Minutes,"0,0",Minutes,"Inspector Junior, Inspector Senior",17.0,4/11/2024,8/11/2024,In service,Asset Description 62,Good,Bd Joseph Tirou,62.0,6000.0,Charleroi,Wallonia,Customer 34,0,50,17,2024-11-06 08:40,2024-11-06 09:30
635,To do,Preventive-monthly-5,Documentation and Compliance Verification,Preventive,monthly,5,3,"10,0",Minutes,"0,0",Minutes,"Inspector Junior, Inspector Senior",18.0,4/11/2024,8/11/2024,In service,Asset Description 62,Good,Bd Joseph Tirou,62.0,6000.0,Charleroi,Wallonia,Customer 34,0,10,17,2024-11-06 09:30,2024-11-06 09:40
626,To do,Preventive-monthly-1,Safety Systems Check,Preventive,monthly,1,3,"30,0",Minutes,"0,0",Minutes,"Inspector Junior, Inspector Senior",,4/11/2024,8/11/2024,In service,Asset Description 63,Adequate,Av. Thomas Edison ,2.0,7000.0,Mons,Wallonia,Customer 35,0,30,11,2024-11-05 16:30,2024-11-05 17:00
627,To do,Preventive-monthly-2,Structural and Mechanical Inspection,Preventive,monthly,2,3,"30,0",Minutes,"0,0",Minutes,"Inspector Junior, Inspector Senior",15.0,4/11/2024,8/11/2024,In service,Asset Description 63,Adequate,Av. Thomas Edison ,2.0,7000.0,Mons,Wallonia,Customer 35,0,30,12,2024-11-05 07:00,2024-11-05 07:30
628,To do,Preventive-monthly-3,Electrical and Control Systems Examination,Preventive,monthly,3,3,"30,0",Minutes,"0,0",Minutes,"Inspector Junior, Inspector Senior",16.0,4/11/2024,8/11/2024,In service,Asset Description 63,Adequate,Av. Thomas Edison ,2.0,7000.0,Mons,Wallonia,Customer 35,0,30,12,2024-11-05 07:30,2024-11-05 08:00
629,To do,Preventive-monthly-4,Performance and Load Testing,Preventive,monthly,4,3,"50,0",Minutes,"0,0",Minutes,"Inspector Junior, Inspector Senior",17.0,4/11/2024,8/11/2024,In service,Asset Description 63,Adequate,Av. Thomas Edison ,2.0,7000.0,Mons,Wallonia,Customer 35,0,50,12,2024-11-05 08:00,2024-11-05 08:50
630,To do,Preventive-monthly-5,Documentation and Compliance Verification,Preventive,monthly,5,3,"10,0",Minutes,"0,0",Minutes,"Inspector Junior, Inspector Senior",18.0,4/11/2024,8/11/2024,In service,Asset Description 63,Adequate,Av. Thomas Edison ,2.0,7000.0,Mons,Wallonia,Customer 35,0,10,12,2024-11-05 08:50,2024-11-05 09:00
639,To do,Preventive-monthly-1,Safety Systems Check,Preventive,monthly,1,3,"30,0",Minutes,"0,0",Minutes,"Inspector Junior, Inspector Senior",,11/11/2024,15/11/2024,In service,Asset Description 64,Adequate,Imp. de la Couronne,50.0,4000.0,Liège,Wallonia,Customer 36,0,30,12,2024-11-06 10:10,2024-11-06 10:40
640,To do,Preventive-monthly-2,Structural and Mechanical Inspection,Preventive,monthly,2,3,"30,0",Minutes,"0,0",Minutes,"Inspector Junior, Inspector Senior",15.0,11/11/2024,15/11/2024,In service,Asset Description 64,Adequate,Imp. de la Couronne,50.0,4000.0,Liège,Wallonia,Customer 36,0,30,12,2024-11-06 12:00,2024-11-06 12:30
641,To do,Preventive-monthly-3,Electrical and Control Systems Examination,Preventive,monthly,3,3,"30,0",Minutes,"0,0",Minutes,"Inspector Junior, Inspector Senior",16.0,11/11/2024,15/11/2024,In service,Asset Description 64,Adequate,Imp. de la Couronne,50.0,4000.0,Liège,Wallonia,Customer 36,0,30,12,2024-11-06 12:30,2024-11-06 13:00
642,To do,Preventive-monthly-4,Performance and Load Testing,Preventive,monthly,4,3,"50,0",Minutes,"0,0",Minutes,"Inspector Junior, Inspector Senior",17.0,11/11/2024,15/11/2024,In service,Asset Description 64,Adequate,Imp. de la Couronne,50.0,4000.0,Liège,Wallonia,Customer 36,0,50,12,2024-11-06 13:00,2024-11-06 13:50
643,To do,Preventive-monthly-5,Documentation and Compliance Verification,Preventive,monthly,5,3,"10,0",Minutes,"0,0",Minutes,"Inspector Junior, Inspector Senior",18.0,11/11/2024,15/11/2024,In service,Asset Description 64,Adequate,Imp. de la Couronne,50.0,4000.0,Liège,Wallonia,Customer 36,0,10,11,2024-11-06 16:50,2024-11-06 17:00
621,To do,Preventive-monthly-1,Safety Systems Check,Preventive,monthly,1,3,"30,0",Minutes,"0,0",Minutes,"Inspector Junior, Inspector Senior",,4/11/2024,8/11/2024,In service,Asset Description 65,Adequate,Rue de la Brasserie,60.0,5000.0,Namur,Wallonia,Customer 29,0,30,12,2024-11-05 09:00,2024-11-05 09:30
622,To do,Preventive-monthly-2,Structural and Mechanical Inspection,Preventive,monthly,2,3,"30,0",Minutes,"0,0",Minutes,"Inspector Junior, Inspector Senior",15.0,4/11/2024,8/11/2024,In service,Asset Description 65,Adequate,Rue de la Brasserie,60.0,5000.0,Namur,Wallonia,Customer 29,0,30,12,2024-11-05 09:30,2024-11-05 10:00
623,To do,Preventive-monthly-3,Electrical and Control Systems Examination,Preventive,monthly,3,3,"30,0",Minutes,"0,0",Minutes,"Inspector Junior, Inspector Senior",16.0,4/11/2024,8/11/2024,In service,Asset Description 65,Adequate,Rue de la Brasserie,60.0,5000.0,Namur,Wallonia,Customer 29,0,30,12,2024-11-05 10:00,2024-11-05 10:30
624,To do,Preventive-monthly-4,Performance and Load Testing,Preventive,monthly,4,3,"50,0",Minutes,"0,0",Minutes,"Inspector Junior, Inspector Senior",17.0,4/11/2024,8/11/2024,In service,Asset Description 65,Adequate,Rue de la Brasserie,60.0,5000.0,Namur,Wallonia,Customer 29,0,50,12,2024-11-05 12:00,2024-11-05 12:50
625,To do,Preventive-monthly-5,Documentation and Compliance Verification,Preventive,monthly,5,3,"10,0",Minutes,"0,0",Minutes,"Inspector Junior, Inspector Senior",18.0,4/11/2024,8/11/2024,In service,Asset Description 65,Adequate,Rue de la Brasserie,60.0,5000.0,Namur,Wallonia,Customer 29,0,10,12,2024-11-05 10:30,2024-11-05 10:40
616,To do,Preventive-monthly-1,Safety Systems Check,Preventive,monthly,1,3,"30,0",Minutes,"0,0",Minutes,"Inspector Junior, Inspector Senior",,4/11/2024,8/11/2024,In service,Asset Description 66,Bad,Bd Joseph Tirou,10.0,6000.0,Charleroi,Wallonia,Customer 20,0,30,12,2024-11-04 10:30,2024-11-04 11:00
617,To do,Preventive-monthly-2,Structural and Mechanical Inspection,Preventive,monthly,2,3,"30,0",Minutes,"0,0",Minutes,"Inspector Junior, Inspector Senior",15.0,4/11/2024,8/11/2024,In service,Asset Description 66,Bad,Bd Joseph Tirou,10.0,6000.0,Charleroi,Wallonia,Customer 20,0,30,12,2024-11-04 12:00,2024-11-04 12:30
618,To do,Preventive-monthly-3,Electrical and Control Systems Examination,Preventive,monthly,3,3,"30,0",Minutes,"0,0",Minutes,"Inspector Junior, Inspector Senior",16.0,4/11/2024,8/11/2024,In service,Asset Description 66,Bad,Bd Joseph Tirou,10.0,6000.0,Charleroi,Wallonia,Customer 20,0,30,12,2024-11-04 12:30,2024-11-04 13:00
619,To do,Preventive-monthly-4,Performance and Load Testing,Preventive,monthly,4,3,"50,0",Minutes,"0,0",Minutes,"Inspector Junior, Inspector Senior",17.0,4/11/2024,8/11/2024,In service,Asset Description 66,Bad,Bd Joseph Tirou,10.0,6000.0,Charleroi,Wallonia,Customer 20,0,50,12,2024-11-04 13:00,2024-11-04 13:50
620,To do,Preventive-monthly-5,Documentation and Compliance Verification,Preventive,monthly,5,3,"10,0",Minutes,"0,0",Minutes,"Inspector Junior, Inspector Senior",18.0,4/11/2024,8/11/2024,In service,Asset Description 66,Bad,Bd Joseph Tirou,10.0,6000.0,Charleroi,Wallonia,Customer 20,0,10,12,2024-11-04 13:50,2024-11-04 14:00
611,To do,Preventive-monthly-1,Safety Systems Check,Preventive,monthly,1,3,"30,0",Minutes,"0,0",Minutes,"Inspector Junior, Inspector Senior",,4/11/2024,8/11/2024,In service,Asset Description 67,Good,Av. Thomas Edison,12.0,7000.0,Mons,Wallonia,Customer 21,0,30,17,2024-11-06 09:40,2024-11-06 10:10
612,To do,Preventive-monthly-2,Structural and Mechanical Inspection,Preventive,monthly,2,3,"30,0",Minutes,"0,0",Minutes,"Inspector Junior, Inspector Senior",15.0,4/11/2024,8/11/2024,In service,Asset Description 67,Good,Av. Thomas Edison,12.0,7000.0,Mons,Wallonia,Customer 21,0,30,17,2024-11-06 10:10,2024-11-06 10:40
613,To do,Preventive-monthly-3,Electrical and Control Systems Examination,Preventive,monthly,3,3,"30,0",Minutes,"0,0",Minutes,"Inspector Junior, Inspector Senior",16.0,4/11/2024,8/11/2024,In service,Asset Description 67,Good,Av. Thomas Edison,12.0,7000.0,Mons,Wallonia,Customer 21,0,30,17,2024-11-06 12:00,2024-11-06 12:30
614,To do,Preventive-monthly-4,Performance and Load Testing,Preventive,monthly,4,3,"50,0",Minutes,"0,0",Minutes,"Inspector Junior, Inspector Senior",17.0,4/11/2024,8/11/2024,In service,Asset Description 67,Good,Av. Thomas Edison,12.0,7000.0,Mons,Wallonia,Customer 21,0,50,17,2024-11-06 12:30,2024-11-06 13:20
615,To do,Preventive-monthly-5,Documentation and Compliance Verification,Preventive,monthly,5,3,"10,0",Minutes,"0,0",Minutes,"Inspector Junior, Inspector Senior",18.0,4/11/2024,8/11/2024,In service,Asset Description 67,Good,Av. Thomas Edison,12.0,7000.0,Mons,Wallonia,Customer 21,0,10,17,2024-11-06 10:40,2024-11-06 10:50
606,To do,Preventive-monthly-1,Safety Systems Check,Preventive,monthly,1,3,"30,0",Minutes,"0,0",Minutes,"Inspector Junior, Inspector Senior",,4/11/2024,8/11/2024,In service,Asset Description 68,Bad,Rue de Mons,11.0,4000.0,Liège,Wallonia,Customer 40,0,30,12,2024-11-04 14:00,2024-11-04 14:30
607,To do,Preventive-monthly-2,Structural and Mechanical Inspection,Preventive,monthly,2,3,"30,0",Minutes,"0,0",Minutes,"Inspector Junior, Inspector Senior",15.0,4/11/2024,8/11/2024,In service,Asset Description 68,Bad,Rue de Mons,11.0,4000.0,Liège,Wallonia,Customer 40,0,30,12,2024-11-04 14:30,2024-11-04 15:00
608,To do,Preventive-monthly-3,Electrical and Control Systems Examination,Preventive,monthly,3,3,"30,0",Minutes,"0,0",Minutes,"Inspector Junior, Inspector Senior",16.0,4/11/2024,8/11/2024,In service,Asset Description 68,Bad,Rue de Mons,11.0,4000.0,Liège,Wallonia,Customer 40,0,30,12,2024-11-04 15:00,2024-11-04 15:30
609,To do,Preventive-monthly-4,Performance and Load Testing,Preventive,monthly,4,3,"50,0",Minutes,"0,0",Minutes,"Inspector Junior, Inspector Senior",17.0,4/11/2024,8/11/2024,In service,Asset Description 68,Bad,Rue de Mons,11.0,4000.0,Liège,Wallonia,Customer 40,0,50,12,2024-11-04 15:30,2024-11-04 16:20
610,To do,Preventive-monthly-5,Documentation and Compliance Verification,Preventive,monthly,5,3,"10,0",Minutes,"0,0",Minutes,"Inspector Junior, Inspector Senior",18.0,4/11/2024,8/11/2024,In service,Asset Description 68,Bad,Rue de Mons,11.0,4000.0,Liège,Wallonia,Customer 40,0,10,12,2024-11-04 16:20,2024-11-04 16:30
601,To do,Preventive-monthly-1,Safety Systems Check,Preventive,monthly,1,3,"30,0",Minutes,"0,0",Minutes,"Inspector Junior, Inspector Senior",,11/11/2024,15/11/2024,In service,Asset Description 69,Good,Rue de la Chapelle,5.0,5000.0,Namur,Wallonia,Customer 3,0,30,12,2024-11-07 09:30,2024-11-07 10:00
602,To do,Preventive-monthly-2,Structural and Mechanical Inspection,Preventive,monthly,2,3,"30,0",Minutes,"0,0",Minutes,"Inspector Junior, Inspector Senior",15.0,11/11/2024,15/11/2024,In service,Asset Description 69,Good,Rue de la Chapelle,5.0,5000.0,Namur,Wallonia,Customer 3,0,30,12,2024-11-07 10:00,2024-11-07 10:30
603,To do,Preventive-monthly-3,Electrical and Control Systems Examination,Preventive,monthly,3,3,"30,0",Minutes,"0,0",Minutes,"Inspector Junior, Inspector Senior",16.0,11/11/2024,15/11/2024,In service,Asset Description 69,Good,Rue de la Chapelle,5.0,5000.0,Namur,Wallonia,Customer 3,0,30,12,2024-11-07 10:30,2024-11-07 11:00
604,To do,Preventive-monthly-4,Performance and Load Testing,Preventive,monthly,4,3,"50,0",Minutes,"0,0",Minutes,"Inspector Junior, Inspector Senior",17.0,11/11/2024,15/11/2024,In service,Asset Description 69,Good,Rue de la Chapelle,5.0,5000.0,Namur,Wallonia,Customer 3,0,50,12,2024-11-07 12:00,2024-11-07 12:50
605,To do,Preventive-monthly-5,Documentation and Compliance Verification,Preventive,monthly,5,3,"10,0",Minutes,"0,0",Minutes,"Inspector Junior, Inspector Senior",18.0,11/11/2024,15/11/2024,In service,Asset Description 69,Good,Rue de la Chapelle,5.0,5000.0,Namur,Wallonia,Customer 3,0,10,12,2024-11-07 12:50,2024-11-07 13:00
596,To do,Preventive-monthly-1,Safety Systems Check,Preventive,monthly,1,3,"30,0",Minutes,"0,0",Minutes,"Inspector Junior, Inspector Senior",,11/11/2024,15/11/2024,In service,Asset Description 70,Adequate,Bd Joseph Tirou,20.0,6000.0,Charleroi,Wallonia,Customer 4,0,30,12,2024-11-06 13:50,2024-11-06 14:20
597,To do,Preventive-monthly-2,Structural and Mechanical Inspection,Preventive,monthly,2,3,"30,0",Minutes,"0,0",Minutes,"Inspector Junior, Inspector Senior",15.0,11/11/2024,15/11/2024,In service,Asset Description 70,Adequate,Bd Joseph Tirou,20.0,6000.0,Charleroi,Wallonia,Customer 4,0,30,12,2024-11-06 14:20,2024-11-06 14:50
598,To do,Preventive-monthly-3,Electrical and Control Systems Examination,Preventive,monthly,3,3,"30,0",Minutes,"0,0",Minutes,"Inspector Junior, Inspector Senior",16.0,11/11/2024,15/11/2024,In service,Asset Description 70,Adequate,Bd Joseph Tirou,20.0,6000.0,Charleroi,Wallonia,Customer 4,0,30,12,2024-11-06 14:50,2024-11-06 15:20
599,To do,Preventive-monthly-4,Performance and Load Testing,Preventive,monthly,4,3,"50,0",Minutes,"0,0",Minutes,"Inspector Junior, Inspector Senior",17.0,11/11/2024,15/11/2024,In service,Asset Description 70,Adequate,Bd Joseph Tirou,20.0,6000.0,Charleroi,Wallonia,Customer 4,0,50,12,2024-11-06 15:20,2024-11-06 16:10
600,To do,Preventive-monthly-5,Documentation and Compliance Verification,Preventive,monthly,5,3,"10,0",Minutes,"0,0",Minutes,"Inspector Junior, Inspector Senior",18.0,11/11/2024,15/11/2024,In service,Asset Description 70,Adequate,Bd Joseph Tirou,20.0,6000.0,Charleroi,Wallonia,Customer 4,0,10,12,2024-11-06 10:40,2024-11-06 10:50
644,To do,Preventive-monthly-1,Safety Systems Check,Preventive,monthly,1,3,"30,0",Minutes,"0,0",Minutes,"Inspector Junior, Inspector Senior",,4/11/2024,8/11/2024,In service,Asset Description 71,Good,Av. du Plan Incliné ,7.0,7012.0,Mons,Wallonia,Customer 5,0,30,17,2024-11-06 13:20,2024-11-06 13:50
645,To do,Preventive-monthly-2,Structural and Mechanical Inspection,Preventive,monthly,2,3,"30,0",Minutes,"0,0",Minutes,"Inspector Junior, Inspector Senior",15.0,4/11/2024,8/11/2024,In service,Asset Description 71,Good,Av. du Plan Incliné ,7.0,7012.0,Mons,Wallonia,Customer 5,0,30,17,2024-11-06 13:50,2024-11-06 14:20
646,To do,Preventive-monthly-3,Electrical and Control Systems Examination,Preventive,monthly,3,3,"30,0",Minutes,"0,0",Minutes,"Inspector Junior, Inspector Senior",16.0,4/11/2024,8/11/2024,In service,Asset Description 71,Good,Av. du Plan Incliné ,7.0,7012.0,Mons,Wallonia,Customer 5,0,30,17,2024-11-06 14:20,2024-11-06 14:50
647,To do,Preventive-monthly-4,Performance and Load Testing,Preventive,monthly,4,3,"50,0",Minutes,"0,0",Minutes,"Inspector Junior, Inspector Senior",17.0,4/11/2024,8/11/2024,In service,Asset Description 71,Good,Av. du Plan Incliné ,7.0,7012.0,Mons,Wallonia,Customer 5,0,50,17,2024-11-06 14:50,2024-11-06 15:40
648,To do,Preventive-monthly-5,Documentation and Compliance Verification,Preventive,monthly,5,3,"10,0",Minutes,"0,0",Minutes,"Inspector Junior, Inspector Senior",18.0,4/11/2024,8/11/2024,In service,Asset Description 71,Good,Av. du Plan Incliné ,7.0,7012.0,Mons,Wallonia,Customer 5,0,10,17,2024-11-06 10:50,2024-11-06 11:00
591,To do,Preventive-monthly-1,Safety Systems Check,Preventive,monthly,1,3,"30,0",Minutes,"0,0",Minutes,"Inspector Junior, Inspector Senior",,4/11/2024,8/11/2024,In service,Asset Description 72,Good,Rue de Mons,13.0,4000.0,Liège,Wallonia,Customer 44,0,30,17,2024-11-06 15:40,2024-11-06 16:10
592,To do,Preventive-monthly-2,Structural and Mechanical Inspection,Preventive,monthly,2,3,"30,0",Minutes,"0,0",Minutes,"Inspector Junior, Inspector Senior",15.0,4/11/2024,8/11/2024,In service,Asset Description 72,Good,Rue de Mons,13.0,4000.0,Liège,Wallonia,Customer 44,0,30,17,2024-11-06 16:10,2024-11-06 16:40
593,To do,Preventive-monthly-3,Electrical and Control Systems Examination,Preventive,monthly,3,3,"30,0",Minutes,"0,0",Minutes,"Inspector Junior, Inspector Senior",16.0,4/11/2024,8/11/2024,In service,Asset Description 72,Good,Rue de Mons,13.0,4000.0,Liège,Wallonia,Customer 44,0,30,11,2024-11-07 07:00,2024-11-07 07:30
594,To do,Preventive-monthly-4,Performance and Load Testing,Preventive,monthly,4,3,"50,0",Minutes,"0,0",Minutes,"Inspector Junior, Inspector Senior",17.0,4/11/2024,8/11/2024,In service,Asset Description 72,Good,Rue de Mons,13.0,4000.0,Liège,Wallonia,Customer 44,0,50,11,2024-11-07 07:30,2024-11-07 08:20
595,To do,Preventive-monthly-5,Documentation and Compliance Verification,Preventive,monthly,5,3,"10,0",Minutes,"0,0",Minutes,"Inspector Junior, Inspector Senior",18.0,4/11/2024,8/11/2024,In service,Asset Description 72,Good,Rue de Mons,13.0,4000.0,Liège,Wallonia,Customer 44,0,10,11,2024-11-07 08:20,2024-11-07 08:30
586,To do,Preventive-monthly-1,Safety Systems Check,Preventive,monthly,1,3,"30,0",Minutes,"0,0",Minutes,"Inspector Junior, Inspector Senior",,4/11/2024,8/11/2024,In service,Asset Description 73,Good,Rue de Stalle,50.0,1180.0,Brussels,Brussels,Customer 45,0,30,11,2024-11-07 08:30,2024-11-07 09:00
587,To do,Preventive-monthly-2,Structural and Mechanical Inspection,Preventive,monthly,2,3,"30,0",Minutes,"0,0",Minutes,"Inspector Junior, Inspector Senior",15.0,4/11/2024,8/11/2024,In service,Asset Description 73,Good,Rue de Stalle,50.0,1180.0,Brussels,Brussels,Customer 45,0,30,11,2024-11-07 09:00,2024-11-07 09:30
588,To do,Preventive-monthly-3,Electrical and Control Systems Examination,Preventive,monthly,3,3,"30,0",Minutes,"0,0",Minutes,"Inspector Junior, Inspector Senior",16.0,4/11/2024,8/11/2024,In service,Asset Description 73,Good,Rue de Stalle,50.0,1180.0,Brussels,Brussels,Customer 45,0,30,11,2024-11-07 09:30,2024-11-07 10:00
589,To do,Preventive-monthly-4,Performance and Load Testing,Preventive,monthly,4,3,"50,0",Minutes,"0,0",Minutes,"Inspector Junior, Inspector Senior",17.0,4/11/2024,8/11/2024,In service,Asset Description 73,Good,Rue de Stalle,50.0,1180.0,Brussels,Brussels,Customer 45,0,50,11,2024-11-07 10:00,2024-11-07 10:50
590,To do,Preventive-monthly-5,Documentation and Compliance Verification,Preventive,monthly,5,3,"10,0",Minutes,"0,0",Minutes,"Inspector Junior, Inspector Senior",18.0,4/11/2024,8/11/2024,In service,Asset Description 73,Good,Rue de Stalle,50.0,1180.0,Brussels,Brussels,Customer 45,0,10,11,2024-11-07 10:50,2024-11-07 11:00
581,To do,Preventive-monthly-1,Safety Systems Check,Preventive,monthly,1,3,"30,0",Minutes,"0,0",Minutes,"Inspector Junior, Inspector Senior",,4/11/2024,8/11/2024,In service,Asset Description 74,Adequate,Chaussée d'Alsemberg,150.0,1190.0,Brussels,Brussels,Customer 46,0,30,12,2024-11-05 12:50,2024-11-05 13:20
582,To do,Preventive-monthly-2,Structural and Mechanical Inspection,Preventive,monthly,2,3,"30,0",Minutes,"0,0",Minutes,"Inspector Junior, Inspector Senior",15.0,4/11/2024,8/11/2024,In service,Asset Description 74,Adequate,Chaussée d'Alsemberg,150.0,1190.0,Brussels,Brussels,Customer 46,0,30,12,2024-11-05 13:20,2024-11-05 13:50
583,To do,Preventive-monthly-3,Electrical and Control Systems Examination,Preventive,monthly,3,3,"30,0",Minutes,"0,0",Minutes,"Inspector Junior, Inspector Senior",16.0,4/11/2024,8/11/2024,In service,Asset Description 74,Adequate,Chaussée d'Alsemberg,150.0,1190.0,Brussels,Brussels,Customer 46,0,30,12,2024-11-05 13:50,2024-11-05 14:20
584,To do,Preventive-monthly-4,Performance and Load Testing,Preventive,monthly,4,3,"50,0",Minutes,"0,0",Minutes,"Inspector Junior, Inspector Senior",17.0,4/11/2024,8/11/2024,In service,Asset Description 74,Adequate,Chaussée d'Alsemberg,150.0,1190.0,Brussels,Brussels,Customer 46,0,50,12,2024-11-05 14:20,2024-11-05 15:10
585,To do,Preventive-monthly-5,Documentation and Compliance Verification,Preventive,monthly,5,3,"10,0",Minutes,"0,0",Minutes,"Inspector Junior, Inspector Senior",18.0,4/11/2024,8/11/2024,In service,Asset Description 74,Adequate,Chaussée d'Alsemberg,150.0,1190.0,Brussels,Brussels,Customer 46,0,10,12,2024-11-05 10:40,2024-11-05 10:50
649,To do,Preventive-monthly-1,Safety Systems Check,Preventive,monthly,1,3,"30,0",Minutes,"0,0",Minutes,"Inspector Junior, Inspector Senior",,4/11/2024,8/11/2024,In service,Asset Description 75,Adequate,Rue de la Station,10.0,1190.0,Brussels,Brussels,Customer 47,0,30,12,2024-11-05 15:10,2024-11-05 15:40
650,To do,Preventive-monthly-2,Structural and Mechanical Inspection,Preventive,monthly,2,3,"30,0",Minutes,"0,0",Minutes,"Inspector Junior, Inspector Senior",15.0,4/11/2024,8/11/2024,In service,Asset Description 75,Adequate,Rue de la Station,10.0,1190.0,Brussels,Brussels,Customer 47,0,30,12,2024-11-05 15:40,2024-11-05 16:10
651,To do,Preventive-monthly-3,Electrical and Control Systems Examination,Preventive,monthly,3,3,"30,0",Minutes,"0,0",Minutes,"Inspector Junior, Inspector Senior",16.0,4/11/2024,8/11/2024,In service,Asset Description 75,Adequate,Rue de la Station,10.0,1190.0,Brussels,Brussels,Customer 47,0,30,12,2024-11-05 16:10,2024-11-05 16:40
652,To do,Preventive-monthly-4,Performance and Load Testing,Preventive,monthly,4,3,"50,0",Minutes,"0,0",Minutes,"Inspector Junior, Inspector Senior",17.0,4/11/2024,8/11/2024,In service,Asset Description 75,Adequate,Rue de la Station,10.0,1190.0,Brussels,Brussels,Customer 47,0,50,9,2024-11-05 07:00,2024-11-05 07:50
653,To do,Preventive-monthly-5,Documentation and Compliance Verification,Preventive,monthly,5,3,"10,0",Minutes,"0,0",Minutes,"Inspector Junior, Inspector Senior",18.0,4/11/2024,8/11/2024,In service,Asset Description 75,Adequate,Rue de la Station,10.0,1190.0,Brussels,Brussels,Customer 47,0,10,12,2024-11-05 10:50,2024-11-05 11:00
654,To do,Preventive-monthly-1,Safety Systems Check,Preventive,monthly,1,3,"30,0",Minutes,"0,0",Minutes,"Inspector Junior, Inspector Senior",,4/11/2024,8/11/2024,In service,Asset Description 76,Bad,Parijsstraat,75.0,3000.0,Leuven,Flanders,Customer 48,0,30,12,2024-11-04 16:30,2024-11-04 17:00
655,To do,Preventive-monthly-2,Structural and Mechanical Inspection,Preventive,monthly,2,3,"30,0",Minutes,"0,0",Minutes,"Inspector Junior, Inspector Senior",15.0,4/11/2024,8/11/2024,In service,Asset Description 76,Bad,Parijsstraat,75.0,3000.0,Leuven,Flanders,Customer 48,0,30,9,2024-11-04 07:00,2024-11-04 07:30
656,To do,Preventive-monthly-3,Electrical and Control Systems Examination,Preventive,monthly,3,3,"30,0",Minutes,"0,0",Minutes,"Inspector Junior, Inspector Senior",16.0,4/11/2024,8/11/2024,In service,Asset Description 76,Bad,Parijsstraat,75.0,3000.0,Leuven,Flanders,Customer 48,0,30,9,2024-11-04 07:30,2024-11-04 08:00
657,To do,Preventive-monthly-4,Performance and Load Testing,Preventive,monthly,4,3,"50,0",Minutes,"0,0",Minutes,"Inspector Junior, Inspector Senior",17.0,4/11/2024,8/11/2024,In service,Asset Description 76,Bad,Parijsstraat,75.0,3000.0,Leuven,Flanders,Customer 48,0,50,9,2024-11-04 08:00,2024-11-04 08:50
658,To do,Preventive-monthly-5,Documentation and Compliance Verification,Preventive,monthly,5,3,"10,0",Minutes,"0,0",Minutes,"Inspector Junior, Inspector Senior",18.0,4/11/2024,8/11/2024,In service,Asset Description 76,Bad,Parijsstraat,75.0,3000.0,Leuven,Flanders,Customer 48,0,10,9,2024-11-04 08:50,2024-11-04 09:00
659,To do,Corrective-Low-1,Diagnostics and Troubleshooting,Corrective,Low,1,4,"30,0",Minutes,"0,0",Minutes,"Electrician, Mecanician, Inspector Junior, Inspector Senior",,,,In service,Asset Description 77,Good,Frederik de Merodestraat,80.0,2800.0,Mechelen,Flanders,Customer 49,1,30,11,2024-11-12 07:00,2024-11-12 07:30
660,To do,Corrective-Low-2,Component Repair and Replacement,Corrective,Low,2,4,"1,0",Hours,"0,0",Minutes,"Electrician, Mecanician, Inspector Junior, Inspector Senior",8.0,,,In service,Asset Description 77,Good,Frederik de Merodestraat,80.0,2800.0,Mechelen,Flanders,Customer 49,1,60,11,2024-11-12 07:30,2024-11-12 08:30
661,To do,Corrective-Low-3,Control System Checks,Corrective,Low,3,4,"5,0",Minutes,"0,0",Minutes,"Electrician, Mecanician, Inspector Junior, Inspector Senior",9.0,,,In service,Asset Description 77,Good,Frederik de Merodestraat,80.0,2800.0,Mechelen,Flanders,Customer 49,1,5,11,2024-11-12 08:30,2024-11-12 08:35
662,To do,Corrective-Low-4,Testing and Validation,Corrective,Low,4,4,"5,0",Minutes,"0,0",Minutes,"Electrician, Mecanician, Inspector Junior, Inspector Senior",10.0,,,In service,Asset Description 77,Good,Frederik de Merodestraat,80.0,2800.0,Mechelen,Flanders,Customer 49,1,5,11,2024-11-12 08:35,2024-11-12 08:40
663,To do,Corrective-Low-5,Documentation and Reporting,Corrective,Low,5,4,"5,0",Minutes,"0,0",Minutes,"Electrician, Mecanician, Inspector Junior, Inspector Senior",11.0,,,In service,Asset Description 77,Good,Frederik de Merodestraat,80.0,2800.0,Mechelen,Flanders,Customer 49,1,5,11,2024-11-12 08:40,2024-11-12 08:45
664,To do,Corrective-Low-6,Post-Maintenance Adjustments,Corrective,Low,6,4,"5,0",Minutes,"0,0",Minutes,"Electrician, Mecanician, Inspector Junior, Inspector Senior",12.0,,,In service,Asset Description 77,Good,Frederik de Merodestraat,80.0,2800.0,Mechelen,Flanders,Customer 49,1,5,11,2024-11-12 08:45,2024-11-12 08:50
665,To do,Corrective-Low-7,System Cleanup and Safety Checks,Corrective,Low,7,4,"10,0",Minutes,"0,0",Minutes,"Electrician, Mecanician, Inspector Junior, Inspector Senior",13.0,,,In service,Asset Description 77,Good,Frederik de Merodestraat,80.0,2800.0,Mechelen,Flanders,Customer 49,1,10,11,2024-11-12 08:50,2024-11-12 09:00
666,To do,Corrective-Low-1,Diagnostics and Troubleshooting,Corrective,Low,1,4,"30,0",Minutes,"0,0",Minutes,"Electrician, Mecanician, Inspector Junior, Inspector Senior",,,,In service,Asset Description 78,Adequate,Henegouwenstraat,85.0,9000.0,Ghent,Flanders,Customer 50,1,30,12,2024-11-11 09:00,2024-11-11 09:30
667,To do,Corrective-Low-2,Component Repair and Replacement,Corrective,Low,2,4,"1,0",Hours,"0,0",Minutes,"Electrician, Mecanician, Inspector Junior, Inspector Senior",8.0,,,In service,Asset Description 78,Adequate,Henegouwenstraat,85.0,9000.0,Ghent,Flanders,Customer 50,1,60,12,2024-11-11 09:30,2024-11-11 10:30
668,To do,Corrective-Low-3,Control System Checks,Corrective,Low,3,4,"5,0",Minutes,"0,0",Minutes,"Electrician, Mecanician, Inspector Junior, Inspector Senior",9.0,,,In service,Asset Description 78,Adequate,Henegouwenstraat,85.0,9000.0,Ghent,Flanders,Customer 50,1,5,12,2024-11-11 10:30,2024-11-11 10:35
669,To do,Corrective-Low-4,Testing and Validation,Corrective,Low,4,4,"5,0",Minutes,"0,0",Minutes,"Electrician, Mecanician, Inspector Junior, Inspector Senior",10.0,,,In service,Asset Description 78,Adequate,Henegouwenstraat,85.0,9000.0,Ghent,Flanders,Customer 50,1,5,12,2024-11-11 10:35,2024-11-11 10:40
670,To do,Corrective-Low-5,Documentation and Reporting,Corrective,Low,5,4,"5,0",Minutes,"0,0",Minutes,"Electrician, Mecanician, Inspector Junior, Inspector Senior",11.0,,,In service,Asset Description 78,Adequate,Henegouwenstraat,85.0,9000.0,Ghent,Flanders,Customer 50,1,5,12,2024-11-11 10:40,2024-11-11 10:45
671,To do,Corrective-Low-6,Post-Maintenance Adjustments,Corrective,Low,6,4,"5,0",Minutes,"0,0",Minutes,"Electrician, Mecanician, Inspector Junior, Inspector Senior",12.0,,,In service,Asset Description 78,Adequate,Henegouwenstraat,85.0,9000.0,Ghent,Flanders,Customer 50,1,5,12,2024-11-11 10:45,2024-11-11 10:50
672,To do,Corrective-Low-7,System Cleanup and Safety Checks,Corrective,Low,7,4,"10,0",Minutes,"0,0",Minutes,"Electrician, Mecanician, Inspector Junior, Inspector Senior",13.0,,,In service,Asset Description 78,Adequate,Henegouwenstraat,85.0,9000.0,Ghent,Flanders,Customer 50,1,10,12,2024-11-11 10:50,2024-11-11 11:00
673,To do,Corrective-Low-1,Diagnostics and Troubleshooting,Corrective,Low,1,4,"30,0",Minutes,"0,0",Minutes,"Electrician, Mecanician, Inspector Junior, Inspector Senior",,,,In service,Asset Description 79,Adequate,Rue Saint-Hubert,84.0,5100.0,Namur,Wallonia,Customer 17,1,30,12,2024-11-11 12:00,2024-11-11 12:30
674,To do,Corrective-Low-2,Component Repair and Replacement,Corrective,Low,2,4,"1,0",Hours,"0,0",Minutes,"Electrician, Mecanician, Inspector Junior, Inspector Senior",8.0,,,In service,Asset Description 79,Adequate,Rue Saint-Hubert,84.0,5100.0,Namur,Wallonia,Customer 17,1,60,12,2024-11-11 12:30,2024-11-11 13:30
675,To do,Corrective-Low-3,Control System Checks,Corrective,Low,3,4,"5,0",Minutes,"0,0",Minutes,"Electrician, Mecanician, Inspector Junior, Inspector Senior",9.0,,,In service,Asset Description 79,Adequate,Rue Saint-Hubert,84.0,5100.0,Namur,Wallonia,Customer 17,1,5,12,2024-11-11 13:30,2024-11-11 13:35
676,To do,Corrective-Low-4,Testing and Validation,Corrective,Low,4,4,"5,0",Minutes,"0,0",Minutes,"Electrician, Mecanician, Inspector Junior, Inspector Senior",10.0,,,In service,Asset Description 79,Adequate,Rue Saint-Hubert,84.0,5100.0,Namur,Wallonia,Customer 17,1,5,12,2024-11-11 13:35,2024-11-11 13:40
677,To do,Corrective-Low-5,Documentation and Reporting,Corrective,Low,5,4,"5,0",Minutes,"0,0",Minutes,"Electrician, Mecanician, Inspector Junior, Inspector Senior",11.0,,,In service,Asset Description 79,Adequate,Rue Saint-Hubert,84.0,5100.0,Namur,Wallonia,Customer 17,1,5,12,2024-11-11 13:40,2024-11-11 13:45
678,To do,Corrective-Low-6,Post-Maintenance Adjustments,Corrective,Low,6,4,"5,0",Minutes,"0,0",Minutes,"Electrician, Mecanician, Inspector Junior, Inspector Senior",12.0,,,In service,Asset Description 79,Adequate,Rue Saint-Hubert,84.0,5100.0,Namur,Wallonia,Customer 17,1,5,12,2024-11-11 13:45,2024-11-11 13:50
679,To do,Corrective-Low-7,System Cleanup and Safety Checks,Corrective,Low,7,4,"10,0",Minutes,"0,0",Minutes,"Electrician, Mecanician, Inspector Junior, Inspector Senior",13.0,,,In service,Asset Description 79,Adequate,Rue Saint-Hubert,84.0,5100.0,Namur,Wallonia,Customer 17,1,10,12,2024-11-11 13:50,2024-11-11 14:00
680,To do,Corrective-Low-1,Diagnostics and Troubleshooting,Corrective,Low,1,4,"30,0",Minutes,"0,0",Minutes,"Electrician, Mecanician, Inspector Junior, Inspector Senior",,,,In service,Asset Description 80,Bad,Chaussée d'Alsemberg,150.0,6000.0,Charleroi,Wallonia,Customer 29,1,30,17,2024-11-07 13:45,2024-11-07 14:15
681,To do,Corrective-Low-2,Component Repair and Replacement,Corrective,Low,2,4,"1,0",Hours,"0,0",Minutes,"Electrician, Mecanician, Inspector Junior, Inspector Senior",8.0,,,In service,Asset Description 80,Bad,Chaussée d'Alsemberg,150.0,6000.0,Charleroi,Wallonia,Customer 29,1,60,17,2024-11-07 14:15,2024-11-07 15:15
682,To do,Corrective-Low-3,Control System Checks,Corrective,Low,3,4,"5,0",Minutes,"0,0",Minutes,"Electrician, Mecanician, Inspector Junior, Inspector Senior",9.0,,,In service,Asset Description 80,Bad,Chaussée d'Alsemberg,150.0,6000.0,Charleroi,Wallonia,Customer 29,1,5,17,2024-11-07 15:15,2024-11-07 15:20
683,To do,Corrective-Low-4,Testing and Validation,Corrective,Low,4,4,"5,0",Minutes,"0,0",Minutes,"Electrician, Mecanician, Inspector Junior, Inspector Senior",10.0,,,In service,Asset Description 80,Bad,Chaussée d'Alsemberg,150.0,6000.0,Charleroi,Wallonia,Customer 29,1,5,17,2024-11-07 15:20,2024-11-07 15:25
684,To do,Corrective-Low-5,Documentation and Reporting,Corrective,Low,5,4,"5,0",Minutes,"0,0",Minutes,"Electrician, Mecanician, Inspector Junior, Inspector Senior",11.0,,,In service,Asset Description 80,Bad,Chaussée d'Alsemberg,150.0,6000.0,Charleroi,Wallonia,Customer 29,1,5,17,2024-11-07 15:25,2024-11-07 15:30
685,To do,Corrective-Low-6,Post-Maintenance Adjustments,Corrective,Low,6,4,"5,0",Minutes,"0,0",Minutes,"Electrician, Mecanician, Inspector Junior, Inspector Senior",12.0,,,In service,Asset Description 80,Bad,Chaussée d'Alsemberg,150.0,6000.0,Charleroi,Wallonia,Customer 29,1,5,17,2024-11-07 15:30,2024-11-07 15:35
686,To do,Corrective-Low-7,System Cleanup and Safety Checks,Corrective,Low,7,4,"10,0",Minutes,"0,0",Minutes,"Electrician, Mecanician, Inspector Junior, Inspector Senior",13.0,,,In service,Asset Description 80,Bad,Chaussée d'Alsemberg,150.0,6000.0,Charleroi,Wallonia,Customer 29,1,10,17,2024-11-07 15:35,2024-11-07 15:45
687,To do,Corrective-Low-1,Diagnostics and Troubleshooting,Corrective,Low,1,4,"30,0",Minutes,"0,0",Minutes,"Electrician, Mecanician, Inspector Junior, Inspector Senior",,,,In service,Asset Description 81,Good,Rue de la Station,10.0,7000.0,Mons,Wallonia,Customer 55,1,30,11,2024-11-12 09:00,2024-11-12 09:30
688,To do,Corrective-Low-2,Component Repair and Replacement,Corrective,Low,2,4,"1,0",Hours,"0,0",Minutes,"Electrician, Mecanician, Inspector Junior, Inspector Senior",8.0,,,In service,Asset Description 81,Good,Rue de la Station,10.0,7000.0,Mons,Wallonia,Customer 55,1,60,11,2024-11-12 09:30,2024-11-12 10:30
689,To do,Corrective-Low-3,Control System Checks,Corrective,Low,3,4,"5,0",Minutes,"0,0",Minutes,"Electrician, Mecanician, Inspector Junior, Inspector Senior",9.0,,,In service,Asset Description 81,Good,Rue de la Station,10.0,7000.0,Mons,Wallonia,Customer 55,1,5,11,2024-11-12 10:30,2024-11-12 10:35
690,To do,Corrective-Low-4,Testing and Validation,Corrective,Low,4,4,"5,0",Minutes,"0,0",Minutes,"Electrician, Mecanician, Inspector Junior, Inspector Senior",10.0,,,In service,Asset Description 81,Good,Rue de la Station,10.0,7000.0,Mons,Wallonia,Customer 55,1,5,11,2024-11-12 10:35,2024-11-12 10:40
691,To do,Corrective-Low-5,Documentation and Reporting,Corrective,Low,5,4,"5,0",Minutes,"0,0",Minutes,"Electrician, Mecanician, Inspector Junior, Inspector Senior",11.0,,,In service,Asset Description 81,Good,Rue de la Station,10.0,7000.0,Mons,Wallonia,Customer 55,1,5,11,2024-11-12 10:40,2024-11-12 10:45
692,To do,Corrective-Low-6,Post-Maintenance Adjustments,Corrective,Low,6,4,"5,0",Minutes,"0,0",Minutes,"Electrician, Mecanician, Inspector Junior, Inspector Senior",12.0,,,In service,Asset Description 81,Good,Rue de la Station,10.0,7000.0,Mons,Wallonia,Customer 55,1,5,11,2024-11-12 10:45,2024-11-12 10:50
693,To do,Corrective-Low-7,System Cleanup and Safety Checks,Corrective,Low,7,4,"10,0",Minutes,"0,0",Minutes,"Electrician, Mecanician, Inspector Junior, Inspector Senior",13.0,,,In service,Asset Description 81,Good,Rue de la Station,10.0,7000.0,Mons,Wallonia,Customer 55,1,10,11,2024-11-12 10:50,2024-11-12 11:00
694,To do,Corrective-Low-1,Diagnostics and Troubleshooting,Corrective,Low,1,4,"30,0",Minutes,"0,0",Minutes,"Electrician, Mecanician, Inspector Junior, Inspector Senior",,,,In service,Asset Description 82,Adequate,Avenue du Parc,5.0,1020.0,Brussels,Brussels,Customer 56,1,30,12,2024-11-11 14:00,2024-11-11 14:30
695,To do,Corrective-Low-2,Component Repair and Replacement,Corrective,Low,2,4,"1,0",Hours,"0,0",Minutes,"Electrician, Mecanician, Inspector Junior, Inspector Senior",8.0,,,In service,Asset Description 82,Adequate,Avenue du Parc,5.0,1020.0,Brussels,Brussels,Customer 56,1,60,12,2024-11-11 14:30,2024-11-11 15:30
696,To do,Corrective-Low-3,Control System Checks,Corrective,Low,3,4,"5,0",Minutes,"0,0",Minutes,"Electrician, Mecanician, Inspector Junior, Inspector Senior",9.0,,,In service,Asset Description 82,Adequate,Avenue du Parc,5.0,1020.0,Brussels,Brussels,Customer 56,1,5,12,2024-11-11 15:30,2024-11-11 15:35
697,To do,Corrective-Low-4,Testing and Validation,Corrective,Low,4,4,"5,0",Minutes,"0,0",Minutes,"Electrician, Mecanician, Inspector Junior, Inspector Senior",10.0,,,In service,Asset Description 82,Adequate,Avenue du Parc,5.0,1020.0,Brussels,Brussels,Customer 56,1,5,12,2024-11-11 15:35,2024-11-11 15:40
698,To do,Corrective-Low-5,Documentation and Reporting,Corrective,Low,5,4,"5,0",Minutes,"0,0",Minutes,"Electrician, Mecanician, Inspector Junior, Inspector Senior",11.0,,,In service,Asset Description 82,Adequate,Avenue du Parc,5.0,1020.0,Brussels,Brussels,Customer 56,1,5,12,2024-11-11 15:40,2024-11-11 15:45
699,To do,Corrective-Low-6,Post-Maintenance Adjustments,Corrective,Low,6,4,"5,0",Minutes,"0,0",Minutes,"Electrician, Mecanician, Inspector Junior, Inspector Senior",12.0,,,In service,Asset Description 82,Adequate,Avenue du Parc,5.0,1020.0,Brussels,Brussels,Customer 56,1,5,12,2024-11-11 15:45,2024-11-11 15:50
700,To do,Corrective-Low-7,System Cleanup and Safety Checks,Corrective,Low,7,4,"10,0",Minutes,"0,0",Minutes,"Electrician, Mecanician, Inspector Junior, Inspector Senior",13.0,,,In service,Asset Description 82,Adequate,Avenue du Parc,5.0,1020.0,Brussels,Brussels,Customer 56,1,10,12,2024-11-11 15:50,2024-11-11 16:00
701,To do,Corrective-Low-1,Diagnostics and Troubleshooting,Corrective,Low,1,4,"30,0",Minutes,"0,0",Minutes,"Electrician, Mecanician, Inspector Junior, Inspector Senior",,,,In service,Asset Description 83,Adequate,Rue de la Bourse,1.0,1000.0,Brussels,Brussels,Customer 57,1,30,12,2024-11-11 16:00,2024-11-11 16:30
702,To do,Corrective-Low-2,Component Repair and Replacement,Corrective,Low,2,4,"1,0",Hours,"0,0",Minutes,"Electrician, Mecanician, Inspector Junior, Inspector Senior",8.0,,,In service,Asset Description 83,Adequate,Rue de la Bourse,1.0,1000.0,Brussels,Brussels,Customer 57,1,60,9,2024-11-11 07:00,2024-11-11 08:00
703,To do,Corrective-Low-3,Control System Checks,Corrective,Low,3,4,"5,0",Minutes,"0,0",Minutes,"Electrician, Mecanician, Inspector Junior, Inspector Senior",9.0,,,In service,Asset Description 83,Adequate,Rue de la Bourse,1.0,1000.0,Brussels,Brussels,Customer 57,1,5,12,2024-11-11 16:30,2024-11-11 16:35
704,To do,Corrective-Low-4,Testing and Validation,Corrective,Low,4,4,"5,0",Minutes,"0,0",Minutes,"Electrician, Mecanician, Inspector Junior, Inspector Senior",10.0,,,In service,Asset Description 83,Adequate,Rue de la Bourse,1.0,1000.0,Brussels,Brussels,Customer 57,1,5,12,2024-11-11 16:35,2024-11-11 16:40
705,To do,Corrective-Low-5,Documentation and Reporting,Corrective,Low,5,4,"5,0",Minutes,"0,0",Minutes,"Electrician, Mecanician, Inspector Junior, Inspector Senior",11.0,,,In service,Asset Description 83,Adequate,Rue de la Bourse,1.0,1000.0,Brussels,Brussels,Customer 57,1,5,12,2024-11-11 16:40,2024-11-11 16:45
706,To do,Corrective-Low-6,Post-Maintenance Adjustments,Corrective,Low,6,4,"5,0",Minutes,"0,0",Minutes,"Electrician, Mecanician, Inspector Junior, Inspector Senior",12.0,,,In service,Asset Description 83,Adequate,Rue de la Bourse,1.0,1000.0,Brussels,Brussels,Customer 57,1,5,12,2024-11-11 16:45,2024-11-11 16:50
707,To do,Corrective-Low-7,System Cleanup and Safety Checks,Corrective,Low,7,4,"10,0",Minutes,"0,0",Minutes,"Electrician, Mecanician, Inspector Junior, Inspector Senior",13.0,,,In service,Asset Description 83,Adequate,Rue de la Bourse,1.0,1000.0,Brussels,Brussels,Customer 57,1,10,12,2024-11-11 16:50,2024-11-11 17:00
708,To do,Corrective-Low-1,Diagnostics and Troubleshooting,Corrective,Low,1,4,"30,0",Minutes,"0,0",Minutes,"Electrician, Mecanician, Inspector Junior, Inspector Senior",,,,In service,Asset Description 84,Bad,Avenue de l'Atomium,102.0,1020.0,Brussels,Brussels,Customer 58,1,30,17,2024-11-07 15:45,2024-11-07 16:15
709,To do,Corrective-Low-2,Component Repair and Replacement,Corrective,Low,2,4,"1,0",Hours,"0,0",Minutes,"Electrician, Mecanician, Inspector Junior, Inspector Senior",8.0,,,In service,Asset Description 84,Bad,Avenue de l'Atomium,102.0,1020.0,Brussels,Brussels,Customer 58,1,60,11,2024-11-08 07:00,2024-11-08 08:00
710,To do,Corrective-Low-3,Control System Checks,Corrective,Low,3,4,"5,0",Minutes,"0,0",Minutes,"Electrician, Mecanician, Inspector Junior, Inspector Senior",9.0,,,In service,Asset Description 84,Bad,Avenue de l'Atomium,102.0,1020.0,Brussels,Brussels,Customer 58,1,5,2,2024-11-08 10:45,2024-11-08 10:50
711,To do,Corrective-Low-4,Testing and Validation,Corrective,Low,4,4,"5,0",Minutes,"0,0",Minutes,"Electrician, Mecanician, Inspector Junior, Inspector Senior",10.0,,,In service,Asset Description 84,Bad,Avenue de l'Atomium,102.0,1020.0,Brussels,Brussels,Customer 58,1,5,2,2024-11-08 10:50,2024-11-08 10:55
712,To do,Corrective-Low-5,Documentation and Reporting,Corrective,Low,5,4,"5,0",Minutes,"0,0",Minutes,"Electrician, Mecanician, Inspector Junior, Inspector Senior",11.0,,,In service,Asset Description 84,Bad,Avenue de l'Atomium,102.0,1020.0,Brussels,Brussels,Customer 58,1,5,2,2024-11-08 10:55,2024-11-08 11:00
713,To do,Corrective-Low-6,Post-Maintenance Adjustments,Corrective,Low,6,4,"5,0",Minutes,"0,0",Minutes,"Electrician, Mecanician, Inspector Junior, Inspector Senior",12.0,,,In service,Asset Description 84,Bad,Avenue de l'Atomium,102.0,1020.0,Brussels,Brussels,Customer 58,1,5,2,2024-11-08 16:30,2024-11-08 16:35
714,To do,Corrective-Low-7,System Cleanup and Safety Checks,Corrective,Low,7,4,"10,0",Minutes,"0,0",Minutes,"Electrician, Mecanician, Inspector Junior, Inspector Senior",13.0,,,In service,Asset Description 84,Bad,Avenue de l'Atomium,102.0,1020.0,Brussels,Brussels,Customer 58,1,10,2,2024-11-08 16:35,2024-11-08 16:45
715,To do,Corrective-Low-1,Diagnostics and Troubleshooting,Corrective,Low,1,4,"30,0",Minutes,"0,0",Minutes,"Electrician, Mecanician, Inspector Junior, Inspector Senior",,,,In service,Asset Description 85,Good,Rue de la Loi,175.0,1040.0,Brussels,Brussels,Customer 55,1,30,11,2024-11-12 12:00,2024-11-12 12:30
716,To do,Corrective-Low-2,Component Repair and Replacement,Corrective,Low,2,4,"1,0",Hours,"0,0",Minutes,"Electrician, Mecanician, Inspector Junior, Inspector Senior",8.0,,,In service,Asset Description 85,Good,Rue de la Loi,175.0,1040.0,Brussels,Brussels,Customer 55,1,60,11,2024-11-12 12:30,2024-11-12 13:30
717,To do,Corrective-Low-3,Control System Checks,Corrective,Low,3,4,"5,0",Minutes,"0,0",Minutes,"Electrician, Mecanician, Inspector Junior, Inspector Senior",9.0,,,In service,Asset Description 85,Good,Rue de la Loi,175.0,1040.0,Brussels,Brussels,Customer 55,1,5,11,2024-11-12 13:30,2024-11-12 13:35
718,To do,Corrective-Low-4,Testing and Validation,Corrective,Low,4,4,"5,0",Minutes,"0,0",Minutes,"Electrician, Mecanician, Inspector Junior, Inspector Senior",10.0,,,In service,Asset Description 85,Good,Rue de la Loi,175.0,1040.0,Brussels,Brussels,Customer 55,1,5,11,2024-11-12 13:35,2024-11-12 13:40
719,To do,Corrective-Low-5,Documentation and Reporting,Corrective,Low,5,4,"5,0",Minutes,"0,0",Minutes,"Electrician, Mecanician, Inspector Junior, Inspector Senior",11.0,,,In service,Asset Description 85,Good,Rue de la Loi,175.0,1040.0,Brussels,Brussels,Customer 55,1,5,11,2024-11-12 13:40,2024-11-12 13:45
720,To do,Corrective-Low-6,Post-Maintenance Adjustments,Corrective,Low,6,4,"5,0",Minutes,"0,0",Minutes,"Electrician, Mecanician, Inspector Junior, Inspector Senior",12.0,,,In service,Asset Description 85,Good,Rue de la Loi,175.0,1040.0,Brussels,Brussels,Customer 55,1,5,11,2024-11-12 13:45,2024-11-12 13:50
721,To do,Corrective-Low-7,System Cleanup and Safety Checks,Corrective,Low,7,4,"10,0",Minutes,"0,0",Minutes,"Electrician, Mecanician, Inspector Junior, Inspector Senior",13.0,,,In service,Asset Description 85,Good,Rue de la Loi,175.0,1040.0,Brussels,Brussels,Customer 55,1,10,11,2024-11-12 13:50,2024-11-12 14:00
722,To do,Corrective-Low-1,Diagnostics and Troubleshooting,Corrective,Low,1,4,"30,0",Minutes,"0,0",Minutes,"Electrician, Mecanician, Inspector Junior, Inspector Senior",,,,In service,Asset Description 86,Adequate,Avenue de la Renaissance,30.0,1000.0,Brussels,Brussels,Customer 56,1,30,9,2024-11-11 08:00,2024-11-11 08:30
723,To do,Corrective-Low-2,Component Repair and Replacement,Corrective,Low,2,4,"1,0",Hours,"0,0",Minutes,"Electrician, Mecanician, Inspector Junior, Inspector Senior",8.0,,,In service,Asset Description 86,Adequate,Avenue de la Renaissance,30.0,1000.0,Brussels,Brussels,Customer 56,1,60,9,2024-11-11 08:30,2024-11-11 09:30
724,To do,Corrective-Low-3,Control System Checks,Corrective,Low,3,4,"5,0",Minutes,"0,0",Minutes,"Electrician, Mecanician, Inspector Junior, Inspector Senior",9.0,,,In service,Asset Description 86,Adequate,Avenue de la Renaissance,30.0,1000.0,Brussels,Brussels,Customer 56,1,5,9,2024-11-11 09:30,2024-11-11 09:35
725,To do,Corrective-Low-4,Testing and Validation,Corrective,Low,4,4,"5,0",Minutes,"0,0",Minutes,"Electrician, Mecanician, Inspector Junior, Inspector Senior",10.0,,,In service,Asset Description 86,Adequate,Avenue de la Renaissance,30.0,1000.0,Brussels,Brussels,Customer 56,1,5,9,2024-11-11 09:35,2024-11-11 09:40
726,To do,Corrective-Low-5,Documentation and Reporting,Corrective,Low,5,4,"5,0",Minutes,"0,0",Minutes,"Electrician, Mecanician, Inspector Junior, Inspector Senior",11.0,,,In service,Asset Description 86,Adequate,Avenue de la Renaissance,30.0,1000.0,Brussels,Brussels,Customer 56,1,5,9,2024-11-11 09:40,2024-11-11 09:45
727,To do,Corrective-Low-6,Post-Maintenance Adjustments,Corrective,Low,6,4,"5,0",Minutes,"0,0",Minutes,"Electrician, Mecanician, Inspector Junior, Inspector Senior",12.0,,,In service,Asset Description 86,Adequate,Avenue de la Renaissance,30.0,1000.0,Brussels,Brussels,Customer 56,1,5,9,2024-11-11 09:45,2024-11-11 09:50
728,To do,Corrective-Low-7,System Cleanup and Safety Checks,Corrective,Low,7,4,"10,0",Minutes,"0,0",Minutes,"Electrician, Mecanician, Inspector Junior, Inspector Senior",13.0,,,In service,Asset Description 86,Adequate,Avenue de la Renaissance,30.0,1000.0,Brussels,Brussels,Customer 56,1,10,9,2024-11-11 09:50,2024-11-11 10:00
729,To do,Corrective-Low-1,Diagnostics and Troubleshooting,Corrective,Low,1,4,"30,0",Minutes,"0,0",Minutes,"Electrician, Mecanician, Inspector Junior, Inspector Senior",,,,In service,Asset Description 87,Adequate,Rue de la Science,14.0,1040.0,Brussels,Brussels,Customer 57,1,30,9,2024-11-11 10:00,2024-11-11 10:30
730,To do,Corrective-Low-2,Component Repair and Replacement,Corrective,Low,2,4,"1,0",Hours,"0,0",Minutes,"Electrician, Mecanician, Inspector Junior, Inspector Senior",8.0,,,In service,Asset Description 87,Adequate,Rue de la Science,14.0,1040.0,Brussels,Brussels,Customer 57,1,60,9,2024-11-11 12:00,2024-11-11 13:00
731,To do,Corrective-Low-3,Control System Checks,Corrective,Low,3,4,"5,0",Minutes,"0,0",Minutes,"Electrician, Mecanician, Inspector Junior, Inspector Senior",9.0,,,In service,Asset Description 87,Adequate,Rue de la Science,14.0,1040.0,Brussels,Brussels,Customer 57,1,5,9,2024-11-11 10:30,2024-11-11 10:35
732,To do,Corrective-Low-4,Testing and Validation,Corrective,Low,4,4,"5,0",Minutes,"0,0",Minutes,"Electrician, Mecanician, Inspector Junior, Inspector Senior",10.0,,,In service,Asset Description 87,Adequate,Rue de la Science,14.0,1040.0,Brussels,Brussels,Customer 57,1,5,9,2024-11-11 10:35,2024-11-11 10:40
733,To do,Corrective-Low-5,Documentation and Reporting,Corrective,Low,5,4,"5,0",Minutes,"0,0",Minutes,"Electrician, Mecanician, Inspector Junior, Inspector Senior",11.0,,,In service,Asset Description 87,Adequate,Rue de la Science,14.0,1040.0,Brussels,Brussels,Customer 57,1,5,9,2024-11-11 10:40,2024-11-11 10:45
734,To do,Corrective-Low-6,Post-Maintenance Adjustments,Corrective,Low,6,4,"5,0",Minutes,"0,0",Minutes,"Electrician, Mecanician, Inspector Junior, Inspector Senior",12.0,,,In service,Asset Description 87,Adequate,Rue de la Science,14.0,1040.0,Brussels,Brussels,Customer 57,1,5,9,2024-11-11 10:45,2024-11-11 10:50
735,To do,Corrective-Low-7,System Cleanup and Safety Checks,Corrective,Low,7,4,"10,0",Minutes,"0,0",Minutes,"Electrician, Mecanician, Inspector Junior, Inspector Senior",13.0,,,In service,Asset Description 87,Adequate,Rue de la Science,14.0,1040.0,Brussels,Brussels,Customer 57,1,10,9,2024-11-11 10:50,2024-11-11 11:00
736,To do,Corrective-Low-1,Diagnostics and Troubleshooting,Corrective,Low,1,4,"30,0",Minutes,"0,0",Minutes,"Electrician, Mecanician, Inspector Junior, Inspector Senior",,,,In service,Asset Description 88,Bad,Rue Belliard,99.0,1040.0,Brussels,Brussels,Customer 58,1,30,17,2024-11-07 16:15,2024-11-07 16:45
737,To do,Corrective-Low-2,Component Repair and Replacement,Corrective,Low,2,4,"1,0",Hours,"0,0",Minutes,"Electrician, Mecanician, Inspector Junior, Inspector Senior",8.0,,,In service,Asset Description 88,Bad,Rue Belliard,99.0,1040.0,Brussels,Brussels,Customer 58,1,60,11,2024-11-08 08:00,2024-11-08 09:00
738,To do,Corrective-Low-3,Control System Checks,Corrective,Low,3,4,"5,0",Minutes,"0,0",Minutes,"Electrician, Mecanician, Inspector Junior, Inspector Senior",9.0,,,In service,Asset Description 88,Bad,Rue Belliard,99.0,1040.0,Brussels,Brussels,Customer 58,1,5,2,2024-11-08 16:45,2024-11-08 16:50
739,To do,Corrective-Low-4,Testing and Validation,Corrective,Low,4,4,"5,0",Minutes,"0,0",Minutes,"Electrician, Mecanician, Inspector Junior, Inspector Senior",10.0,,,In service,Asset Description 88,Bad,Rue Belliard,99.0,1040.0,Brussels,Brussels,Customer 58,1,5,2,2024-11-08 16:50,2024-11-08 16:55
740,To do,Corrective-Low-5,Documentation and Reporting,Corrective,Low,5,4,"5,0",Minutes,"0,0",Minutes,"Electrician, Mecanician, Inspector Junior, Inspector Senior",11.0,,,In service,Asset Description 88,Bad,Rue Belliard,99.0,1040.0,Brussels,Brussels,Customer 58,1,5,2,2024-11-08 16:55,2024-11-08 17:00
741,To do,Corrective-Low-6,Post-Maintenance Adjustments,Corrective,Low,6,4,"5,0",Minutes,"0,0",Minutes,"Electrician, Mecanician, Inspector Junior, Inspector Senior",12.0,,,In service,Asset Description 88,Bad,Rue Belliard,99.0,1040.0,Brussels,Brussels,Customer 58,1,5,11,2024-11-08 09:00,2024-11-08 09:05
742,To do,Corrective-Low-7,System Cleanup and Safety Checks,Corrective,Low,7,4,"10,0",Minutes,"0,0",Minutes,"Electrician, Mecanician, Inspector Junior, Inspector Senior",13.0,,,In service,Asset Description 88,Bad,Rue Belliard,99.0,1040.0,Brussels,Brussels,Customer 58,1,10,11,2024-11-08 09:05,2024-11-08 09:15
743,To do,Corrective-Low-1,Diagnostics and Troubleshooting,Corrective,Low,1,4,"30,0",Minutes,"0,0",Minutes,"Electrician, Mecanician, Inspector Junior, Inspector Senior",,,,In service,Asset Description 89,Adequate,Avenue du Parc,5.0,4000.0,Liège,Wallonia,Customer 35,1,30,9,2024-11-11 13:00,2024-11-11 13:30
744,To do,Corrective-Low-2,Component Repair and Replacement,Corrective,Low,2,4,"1,0",Hours,"0,0",Minutes,"Electrician, Mecanician, Inspector Junior, Inspector Senior",8.0,,,In service,Asset Description 89,Adequate,Avenue du Parc,5.0,4000.0,Liège,Wallonia,Customer 35,1,60,9,2024-11-11 13:30,2024-11-11 14:30
745,To do,Corrective-Low-3,Control System Checks,Corrective,Low,3,4,"5,0",Minutes,"0,0",Minutes,"Electrician, Mecanician, Inspector Junior, Inspector Senior",9.0,,,In service,Asset Description 89,Adequate,Avenue du Parc,5.0,4000.0,Liège,Wallonia,Customer 35,1,5,9,2024-11-11 14:30,2024-11-11 14:35
746,To do,Corrective-Low-4,Testing and Validation,Corrective,Low,4,4,"5,0",Minutes,"0,0",Minutes,"Electrician, Mecanician, Inspector Junior, Inspector Senior",10.0,,,In service,Asset Description 89,Adequate,Avenue du Parc,5.0,4000.0,Liège,Wallonia,Customer 35,1,5,9,2024-11-11 14:35,2024-11-11 14:40
747,To do,Corrective-Low-5,Documentation and Reporting,Corrective,Low,5,4,"5,0",Minutes,"0,0",Minutes,"Electrician, Mecanician, Inspector Junior, Inspector Senior",11.0,,,In service,Asset Description 89,Adequate,Avenue du Parc,5.0,4000.0,Liège,Wallonia,Customer 35,1,5,9,2024-11-11 14:40,2024-11-11 14:45
748,To do,Corrective-Low-6,Post-Maintenance Adjustments,Corrective,Low,6,4,"5,0",Minutes,"0,0",Minutes,"Electrician, Mecanician, Inspector Junior, Inspector Senior",12.0,,,In service,Asset Description 89,Adequate,Avenue du Parc,5.0,4000.0,Liège,Wallonia,Customer 35,1,5,9,2024-11-11 14:45,2024-11-11 14:50
749,To do,Corrective-Low-7,System Cleanup and Safety Checks,Corrective,Low,7,4,"10,0",Minutes,"0,0",Minutes,"Electrician, Mecanician, Inspector Junior, Inspector Senior",13.0,,,In service,Asset Description 89,Adequate,Avenue du Parc,5.0,4000.0,Liège,Wallonia,Customer 35,1,10,9,2024-11-11 14:50,2024-11-11 15:00
750,To do,Corrective-Low-1,Diagnostics and Troubleshooting,Corrective,Low,1,4,"30,0",Minutes,"0,0",Minutes,"Electrician, Mecanician, Inspector Junior, Inspector Senior",,,,In service,Asset Description 90,Bad,Rue Saint-Luc,8.0,5004.0,Namur,Wallonia,Customer 36,1,30,11,2024-11-08 09:15,2024-11-08 09:45
751,To do,Corrective-Low-2,Component Repair and Replacement,Corrective,Low,2,4,"1,0",Hours,"0,0",Minutes,"Electrician, Mecanician, Inspector Junior, Inspector Senior",8.0,,,In service,Asset Description 90,Bad,Rue Saint-Luc,8.0,5004.0,Namur,Wallonia,Customer 36,1,60,11,2024-11-08 09:45,2024-11-08 10:45
752,To do,Corrective-Low-3,Control System Checks,Corrective,Low,3,4,"5,0",Minutes,"0,0",Minutes,"Electrician, Mecanician, Inspector Junior, Inspector Senior",9.0,,,In service,Asset Description 90,Bad,Rue Saint-Luc,8.0,5004.0,Namur,Wallonia,Customer 36,1,5,11,2024-11-08 10:45,2024-11-08 10:50
753,To do,Corrective-Low-4,Testing and Validation,Corrective,Low,4,4,"5,0",Minutes,"0,0",Minutes,"Electrician, Mecanician, Inspector Junior, Inspector Senior",10.0,,,In service,Asset Description 90,Bad,Rue Saint-Luc,8.0,5004.0,Namur,Wallonia,Customer 36,1,5,11,2024-11-08 10:50,2024-11-08 10:55
754,To do,Corrective-Low-5,Documentation and Reporting,Corrective,Low,5,4,"5,0",Minutes,"0,0",Minutes,"Electrician, Mecanician, Inspector Junior, Inspector Senior",11.0,,,In service,Asset Description 90,Bad,Rue Saint-Luc,8.0,5004.0,Namur,Wallonia,Customer 36,1,5,11,2024-11-08 10:55,2024-11-08 11:00
755,To do,Corrective-Low-6,Post-Maintenance Adjustments,Corrective,Low,6,4,"5,0",Minutes,"0,0",Minutes,"Electrician, Mecanician, Inspector Junior, Inspector Senior",12.0,,,In service,Asset Description 90,Bad,Rue Saint-Luc,8.0,5004.0,Namur,Wallonia,Customer 36,1,5,11,2024-11-08 12:00,2024-11-08 12:05
756,To do,Corrective-Low-7,System Cleanup and Safety Checks,Corrective,Low,7,4,"10,0",Minutes,"0,0",Minutes,"Electrician, Mecanician, Inspector Junior, Inspector Senior",13.0,,,In service,Asset Description 90,Bad,Rue Saint-Luc,8.0,5004.0,Namur,Wallonia,Customer 36,1,10,11,2024-11-08 12:05,2024-11-08 12:15
757,To do,Corrective-Low-1,Diagnostics and Troubleshooting,Corrective,Low,1,4,"30,0",Minutes,"0,0",Minutes,"Electrician, Mecanician, Inspector Junior, Inspector Senior",,,,In service,Asset Description 91,Adequate,Chau. de Nivelles ,212.0,6041.0,Charleroi,Wallonia,Customer 29,1,30,9,2024-11-11 15:00,2024-11-11 15:30
758,To do,Corrective-Low-2,Component Repair and Replacement,Corrective,Low,2,4,"1,0",Hours,"0,0",Minutes,"Electrician, Mecanician, Inspector Junior, Inspector Senior",8.0,,,In service,Asset Description 91,Adequate,Chau. de Nivelles ,212.0,6041.0,Charleroi,Wallonia,Customer 29,1,60,9,2024-11-11 15:30,2024-11-11 16:30
759,To do,Corrective-Low-3,Control System Checks,Corrective,Low,3,4,"5,0",Minutes,"0,0",Minutes,"Electrician, Mecanician, Inspector Junior, Inspector Senior",9.0,,,In service,Asset Description 91,Adequate,Chau. de Nivelles ,212.0,6041.0,Charleroi,Wallonia,Customer 29,1,5,9,2024-11-11 16:30,2024-11-11 16:35
760,To do,Corrective-Low-4,Testing and Validation,Corrective,Low,4,4,"5,0",Minutes,"0,0",Minutes,"Electrician, Mecanician, Inspector Junior, Inspector Senior",10.0,,,In service,Asset Description 91,Adequate,Chau. de Nivelles ,212.0,6041.0,Charleroi,Wallonia,Customer 29,1,5,9,2024-11-11 16:35,2024-11-11 16:40
761,To do,Corrective-Low-5,Documentation and Reporting,Corrective,Low,5,4,"5,0",Minutes,"0,0",Minutes,"Electrician, Mecanician, Inspector Junior, Inspector Senior",11.0,,,In service,Asset Description 91,Adequate,Chau. de Nivelles ,212.0,6041.0,Charleroi,Wallonia,Customer 29,1,5,9,2024-11-11 16:40,2024-11-11 16:45
762,To do,Corrective-Low-6,Post-Maintenance Adjustments,Corrective,Low,6,4,"5,0",Minutes,"0,0",Minutes,"Electrician, Mecanician, Inspector Junior, Inspector Senior",12.0,,,In service,Asset Description 91,Adequate,Chau. de Nivelles ,212.0,6041.0,Charleroi,Wallonia,Customer 29,1,5,9,2024-11-11 16:45,2024-11-11 16:50
763,To do,Corrective-Low-7,System Cleanup and Safety Checks,Corrective,Low,7,4,"10,0",Minutes,"0,0",Minutes,"Electrician, Mecanician, Inspector Junior, Inspector Senior",13.0,,,In service,Asset Description 91,Adequate,Chau. de Nivelles ,212.0,6041.0,Charleroi,Wallonia,Customer 29,1,10,9,2024-11-11 16:50,2024-11-11 17:00
771,To do,Corrective-Breakdown-1,Secure the Area,Corrective,Breakdown,1,1,"15,0",Minutes,"0,0",Minutes,"Electrician, Mecanician, Inspector Senior",,,,In service,Asset Description 92,Bad,Rue de la Loi,175.0,7000.0,Mons,Wallonia,Customer 20,1,15,2,2024-11-04 07:00,2024-11-04 07:15
772,To do,Corrective-Breakdown-2,Preliminary Inspection,Corrective,Breakdown,2,1,"20,0",Minutes,"0,0",Minutes,"Electrician, Mecanician, Inspector Senior",1.0,,,In service,Asset Description 92,Bad,Rue de la Loi,175.0,7000.0,Mons,Wallonia,Customer 20,1,20,2,2024-11-04 07:15,2024-11-04 07:35
773,To do,Corrective-Breakdown-3,Diagnostics and Troubleshooting,Corrective,Breakdown,3,1,"1,0",Hours,"0,0",Minutes,"Electrician, Mecanician, Inspector Senior",2.0,,,In service,Asset Description 92,Bad,Rue de la Loi,175.0,7000.0,Mons,Wallonia,Customer 20,1,60,2,2024-11-04 07:35,2024-11-04 08:35
774,To do,Corrective-Breakdown-4,Component Repair or Replacement,Corrective,Breakdown,4,1,"1,0",Hours,"0,0",Minutes,"Electrician, Mecanician, Inspector Senior",3.0,,,In service,Asset Description 92,Bad,Rue de la Loi,175.0,7000.0,Mons,Wallonia,Customer 20,1,60,2,2024-11-04 08:35,2024-11-04 09:35
775,To do,Corrective-Breakdown-7,Post-Repair Adjustments,Corrective,Breakdown,7,1,"20,0",Minutes,"0,0",Minutes,"Electrician, Mecanician, Inspector Senior",6.0,,,In service,Asset Description 92,Bad,Rue de la Loi,175.0,7000.0,Mons,Wallonia,Customer 20,1,20,17,2024-11-06 16:40,2024-11-06 17:00
776,To do,Corrective-Breakdown-5,Control System Reset,Corrective,Breakdown,5,1,"30,0",Minutes,"0,0",Minutes,"Electrician, Mecanician, Inspector Senior",4.0,,,In service,Asset Description 92,Bad,Rue de la Loi,175.0,7000.0,Mons,Wallonia,Customer 20,1,30,2,2024-11-04 09:35,2024-11-04 10:05
777,To do,Corrective-Breakdown-6,Detailed Testing and Validation,Corrective,Breakdown,6,1,"45,0",Minutes,"0,0",Minutes,"Electrician, Mecanician, Inspector Senior",5.0,,,In service,Asset Description 92,Bad,Rue de la Loi,175.0,7000.0,Mons,Wallonia,Customer 20,1,45,2,2024-11-04 10:05,2024-11-04 10:50
778,To do,Corrective-Breakdown-8,System Cleanup and Safety Checks,Corrective,Breakdown,8,1,"15,0",Minutes,"0,0",Minutes,"Electrician, Mecanician, Inspector Senior",7.0,,,In service,Asset Description 92,Bad,Rue de la Loi,175.0,7000.0,Mons,Wallonia,Customer 20,1,15,17,2024-11-07 16:45,2024-11-07 17:00
779,To do,Corrective-Breakdown-10,Restore Service,Corrective,Breakdown,10,1,"15,0",Minutes,"0,0",Minutes,"Electrician, Mecanician, Inspector Senior",21.0,,,In service,Asset Description 92,Bad,Rue de la Loi,175.0,7000.0,Mons,Wallonia,Customer 20,1,15,17,2024-11-08 16:45,2024-11-08 17:00
780,To do,Corrective-Breakdown-9,Documentation and Reporting,Corrective,Breakdown,9,1,"20,0",Minutes,"0,0",Minutes,"Electrician, Mecanician, Inspector Senior",20.0,,,In service,Asset Description 92,Bad,Rue de la Loi,175.0,7000.0,Mons,Wallonia,Customer 20,1,20,16,2024-11-12 13:00,2024-11-12 13:20
788,To do,Corrective-Breakdown-1,Secure the Area,Corrective,Breakdown,1,1,"15,0",Minutes,"0,0",Minutes,"Electrician, Mecanician, Inspector Senior",,,,In service,Asset Description 93,Good,Avenue de la Renaissance,30.0,4000.0,Liège,Wallonia,Customer 21,1,15,2,2024-11-05 15:50,2024-11-05 16:05
789,To do,Corrective-Breakdown-2,Preliminary Inspection,Corrective,Breakdown,2,1,"20,0",Minutes,"0,0",Minutes,"Electrician, Mecanician, Inspector Senior",1.0,,,In service,Asset Description 93,Good,Avenue de la Renaissance,30.0,4000.0,Liège,Wallonia,Customer 21,1,20,2,2024-11-05 16:05,2024-11-05 16:25
790,To do,Corrective-Breakdown-3,Diagnostics and Troubleshooting,Corrective,Breakdown,3,1,"1,0",Hours,"0,0",Minutes,"Electrician, Mecanician, Inspector Senior",2.0,,,In service,Asset Description 93,Good,Avenue de la Renaissance,30.0,4000.0,Liège,Wallonia,Customer 21,1,60,6,2024-11-05 07:00,2024-11-05 08:00
791,To do,Corrective-Breakdown-4,Component Repair or Replacement,Corrective,Breakdown,4,1,"1,0",Hours,"0,0",Minutes,"Electrician, Mecanician, Inspector Senior",3.0,,,In service,Asset Description 93,Good,Avenue de la Renaissance,30.0,4000.0,Liège,Wallonia,Customer 21,1,60,6,2024-11-05 08:00,2024-11-05 09:00
792,To do,Corrective-Breakdown-7,Post-Repair Adjustments,Corrective,Breakdown,7,1,"20,0",Minutes,"0,0",Minutes,"Electrician, Mecanician, Inspector Senior",6.0,,,In service,Asset Description 93,Good,Avenue de la Renaissance,30.0,4000.0,Liège,Wallonia,Customer 21,1,20,2,2024-11-05 16:25,2024-11-05 16:45
793,To do,Corrective-Breakdown-5,Control System Reset,Corrective,Breakdown,5,1,"30,0",Minutes,"0,0",Minutes,"Electrician, Mecanician, Inspector Senior",4.0,,,In service,Asset Description 93,Good,Avenue de la Renaissance,30.0,4000.0,Liège,Wallonia,Customer 21,1,30,6,2024-11-05 09:00,2024-11-05 09:30
794,To do,Corrective-Breakdown-6,Detailed Testing and Validation,Corrective,Breakdown,6,1,"45,0",Minutes,"0,0",Minutes,"Electrician, Mecanician, Inspector Senior",5.0,,,In service,Asset Description 93,Good,Avenue de la Renaissance,30.0,4000.0,Liège,Wallonia,Customer 21,1,45,6,2024-11-05 09:30,2024-11-05 10:15
795,To do,Corrective-Breakdown-8,System Cleanup and Safety Checks,Corrective,Breakdown,8,1,"15,0",Minutes,"0,0",Minutes,"Electrician, Mecanician, Inspector Senior",7.0,,,In service,Asset Description 93,Good,Avenue de la Renaissance,30.0,4000.0,Liège,Wallonia,Customer 21,1,15,2,2024-11-05 16:45,2024-11-05 17:00
796,To do,Corrective-Breakdown-10,Restore Service,Corrective,Breakdown,10,1,"15,0",Minutes,"0,0",Minutes,"Electrician, Mecanician, Inspector Senior",21.0,,,In service,Asset Description 93,Good,Avenue de la Renaissance,30.0,4000.0,Liège,Wallonia,Customer 21,1,15,6,2024-11-05 10:15,2024-11-05 10:30
797,To do,Corrective-Breakdown-9,Documentation and Reporting,Corrective,Breakdown,9,1,"20,0",Minutes,"0,0",Minutes,"Electrician, Mecanician, Inspector Senior",20.0,,,In service,Asset Description 93,Good,Avenue de la Renaissance,30.0,4000.0,Liège,Wallonia,Customer 21,1,20,6,2024-11-05 10:30,2024-11-05 10:50
798,To do,Corrective-Breakdown-1,Secure the Area,Corrective,Breakdown,1,1,"15,0",Minutes,"0,0",Minutes,"Electrician, Mecanician, Inspector Senior",,,,In service,Asset Description 94,Good,Chau. de Marche,581.0,5101.0,Namur,Wallonia,Customer 40,1,15,6,2024-11-05 12:00,2024-11-05 12:15
799,To do,Corrective-Breakdown-2,Preliminary Inspection,Corrective,Breakdown,2,1,"20,0",Minutes,"0,0",Minutes,"Electrician, Mecanician, Inspector Senior",1.0,,,In service,Asset Description 94,Good,Chau. de Marche,581.0,5101.0,Namur,Wallonia,Customer 40,1,20,6,2024-11-05 12:15,2024-11-05 12:35
800,To do,Corrective-Breakdown-3,Diagnostics and Troubleshooting,Corrective,Breakdown,3,1,"1,0",Hours,"0,0",Minutes,"Electrician, Mecanician, Inspector Senior",2.0,,,In service,Asset Description 94,Good,Chau. de Marche,581.0,5101.0,Namur,Wallonia,Customer 40,1,60,6,2024-11-05 12:35,2024-11-05 13:35
801,To do,Corrective-Breakdown-4,Component Repair or Replacement,Corrective,Breakdown,4,1,"1,0",Hours,"0,0",Minutes,"Electrician, Mecanician, Inspector Senior",3.0,,,In service,Asset Description 94,Good,Chau. de Marche,581.0,5101.0,Namur,Wallonia,Customer 40,1,60,6,2024-11-05 13:35,2024-11-05 14:35
802,To do,Corrective-Breakdown-7,Post-Repair Adjustments,Corrective,Breakdown,7,1,"20,0",Minutes,"0,0",Minutes,"Electrician, Mecanician, Inspector Senior",6.0,,,In service,Asset Description 94,Good,Chau. de Marche,581.0,5101.0,Namur,Wallonia,Customer 40,1,20,6,2024-11-05 14:35,2024-11-05 14:55
803,To do,Corrective-Breakdown-5,Control System Reset,Corrective,Breakdown,5,1,"30,0",Minutes,"0,0",Minutes,"Electrician, Mecanician, Inspector Senior",4.0,,,In service,Asset Description 94,Good,Chau. de Marche,581.0,5101.0,Namur,Wallonia,Customer 40,1,30,6,2024-11-05 14:55,2024-11-05 15:25
804,To do,Corrective-Breakdown-6,Detailed Testing and Validation,Corrective,Breakdown,6,1,"45,0",Minutes,"0,0",Minutes,"Electrician, Mecanician, Inspector Senior",5.0,,,In service,Asset Description 94,Good,Chau. de Marche,581.0,5101.0,Namur,Wallonia,Customer 40,1,45,6,2024-11-05 15:25,2024-11-05 16:10
805,To do,Corrective-Breakdown-8,System Cleanup and Safety Checks,Corrective,Breakdown,8,1,"15,0",Minutes,"0,0",Minutes,"Electrician, Mecanician, Inspector Senior",7.0,,,In service,Asset Description 94,Good,Chau. de Marche,581.0,5101.0,Namur,Wallonia,Customer 40,1,15,6,2024-11-05 16:10,2024-11-05 16:25
806,To do,Corrective-Breakdown-10,Restore Service,Corrective,Breakdown,10,1,"15,0",Minutes,"0,0",Minutes,"Electrician, Mecanician, Inspector Senior",21.0,,,In service,Asset Description 94,Good,Chau. de Marche,581.0,5101.0,Namur,Wallonia,Customer 40,1,15,6,2024-11-05 16:25,2024-11-05 16:40
807,To do,Corrective-Breakdown-9,Documentation and Reporting,Corrective,Breakdown,9,1,"20,0",Minutes,"0,0",Minutes,"Electrician, Mecanician, Inspector Senior",20.0,,,In service,Asset Description 94,Good,Chau. de Marche,581.0,5101.0,Namur,Wallonia,Customer 40,1,20,6,2024-11-05 16:40,2024-11-05 17:00
808,To do,Corrective-Breakdown-1,Secure the Area,Corrective,Breakdown,1,1,"15,0",Minutes,"0,0",Minutes,"Electrician, Mecanician, Inspector Senior",,,,In service,Asset Description 95,Good,Chau. De Bruxelles,140.0,6042.0,Charleroi,Wallonia,Customer 3,1,15,16,2024-11-05 07:00,2024-11-05 07:15
809,To do,Corrective-Breakdown-2,Preliminary Inspection,Corrective,Breakdown,2,1,"20,0",Minutes,"0,0",Minutes,"Electrician, Mecanician, Inspector Senior",1.0,,,In service,Asset Description 95,Good,Chau. De Bruxelles,140.0,6042.0,Charleroi,Wallonia,Customer 3,1,20,16,2024-11-05 07:15,2024-11-05 07:35
810,To do,Corrective-Breakdown-3,Diagnostics and Troubleshooting,Corrective,Breakdown,3,1,"1,0",Hours,"0,0",Minutes,"Electrician, Mecanician, Inspector Senior",2.0,,,In service,Asset Description 95,Good,Chau. De Bruxelles,140.0,6042.0,Charleroi,Wallonia,Customer 3,1,60,16,2024-11-05 07:35,2024-11-05 08:35
811,To do,Corrective-Breakdown-4,Component Repair or Replacement,Corrective,Breakdown,4,1,"1,0",Hours,"0,0",Minutes,"Electrician, Mecanician, Inspector Senior",3.0,,,In service,Asset Description 95,Good,Chau. De Bruxelles,140.0,6042.0,Charleroi,Wallonia,Customer 3,1,60,16,2024-11-05 08:35,2024-11-05 09:35
812,To do,Corrective-Breakdown-7,Post-Repair Adjustments,Corrective,Breakdown,7,1,"20,0",Minutes,"0,0",Minutes,"Electrician, Mecanician, Inspector Senior",6.0,,,In service,Asset Description 95,Good,Chau. De Bruxelles,140.0,6042.0,Charleroi,Wallonia,Customer 3,1,20,16,2024-11-05 09:35,2024-11-05 09:55
813,To do,Corrective-Breakdown-5,Control System Reset,Corrective,Breakdown,5,1,"30,0",Minutes,"0,0",Minutes,"Electrician, Mecanician, Inspector Senior",4.0,,,In service,Asset Description 95,Good,Chau. De Bruxelles,140.0,6042.0,Charleroi,Wallonia,Customer 3,1,30,16,2024-11-05 09:55,2024-11-05 10:25
814,To do,Corrective-Breakdown-6,Detailed Testing and Validation,Corrective,Breakdown,6,1,"45,0",Minutes,"0,0",Minutes,"Electrician, Mecanician, Inspector Senior",5.0,,,In service,Asset Description 95,Good,Chau. De Bruxelles,140.0,6042.0,Charleroi,Wallonia,Customer 3,1,45,16,2024-11-05 12:00,2024-11-05 12:45
815,To do,Corrective-Breakdown-8,System Cleanup and Safety Checks,Corrective,Breakdown,8,1,"15,0",Minutes,"0,0",Minutes,"Electrician, Mecanician, Inspector Senior",7.0,,,In service,Asset Description 95,Good,Chau. De Bruxelles,140.0,6042.0,Charleroi,Wallonia,Customer 3,1,15,16,2024-11-05 10:25,2024-11-05 10:40
816,To do,Corrective-Breakdown-10,Restore Service,Corrective,Breakdown,10,1,"15,0",Minutes,"0,0",Minutes,"Electrician, Mecanician, Inspector Senior",21.0,,,In service,Asset Description 95,Good,Chau. De Bruxelles,140.0,6042.0,Charleroi,Wallonia,Customer 3,1,15,16,2024-11-05 10:40,2024-11-05 10:55
817,To do,Corrective-Breakdown-9,Documentation and Reporting,Corrective,Breakdown,9,1,"20,0",Minutes,"0,0",Minutes,"Electrician, Mecanician, Inspector Senior",20.0,,,In service,Asset Description 95,Good,Chau. De Bruxelles,140.0,6042.0,Charleroi,Wallonia,Customer 3,1,20,16,2024-11-05 12:45,2024-11-05 13:05
818,To do,Corrective-Breakdown-1,Secure the Area,Corrective,Breakdown,1,1,"15,0",Minutes,"0,0",Minutes,"Electrician, Mecanician, Inspector Senior",,,,In service,Asset Description 96,Good,Avenue de la Joyeuse Entrée,1.0,7000.0,Mons,Wallonia,Customer 4,1,15,16,2024-11-05 13:05,2024-11-05 13:20
819,To do,Corrective-Breakdown-2,Preliminary Inspection,Corrective,Breakdown,2,1,"20,0",Minutes,"0,0",Minutes,"Electrician, Mecanician, Inspector Senior",1.0,,,In service,Asset Description 96,Good,Avenue de la Joyeuse Entrée,1.0,7000.0,Mons,Wallonia,Customer 4,1,20,16,2024-11-05 13:20,2024-11-05 13:40
820,To do,Corrective-Breakdown-3,Diagnostics and Troubleshooting,Corrective,Breakdown,3,1,"1,0",Hours,"0,0",Minutes,"Electrician, Mecanician, Inspector Senior",2.0,,,In service,Asset Description 96,Good,Avenue de la Joyeuse Entrée,1.0,7000.0,Mons,Wallonia,Customer 4,1,60,16,2024-11-05 13:40,2024-11-05 14:40
821,To do,Corrective-Breakdown-4,Component Repair or Replacement,Corrective,Breakdown,4,1,"1,0",Hours,"0,0",Minutes,"Electrician, Mecanician, Inspector Senior",3.0,,,In service,Asset Description 96,Good,Avenue de la Joyeuse Entrée,1.0,7000.0,Mons,Wallonia,Customer 4,1,60,16,2024-11-05 14:40,2024-11-05 15:40
822,To do,Corrective-Breakdown-7,Post-Repair Adjustments,Corrective,Breakdown,7,1,"20,0",Minutes,"0,0",Minutes,"Electrician, Mecanician, Inspector Senior",6.0,,,In service,Asset Description 96,Good,Avenue de la Joyeuse Entrée,1.0,7000.0,Mons,Wallonia,Customer 4,1,20,16,2024-11-05 15:40,2024-11-05 16:00
823,To do,Corrective-Breakdown-5,Control System Reset,Corrective,Breakdown,5,1,"30,0",Minutes,"0,0",Minutes,"Electrician, Mecanician, Inspector Senior",4.0,,,In service,Asset Description 96,Good,Avenue de la Joyeuse Entrée,1.0,7000.0,Mons,Wallonia,Customer 4,1,30,16,2024-11-05 16:00,2024-11-05 16:30
824,To do,Corrective-Breakdown-6,Detailed Testing and Validation,Corrective,Breakdown,6,1,"45,0",Minutes,"0,0",Minutes,"Electrician, Mecanician, Inspector Senior",5.0,,,In service,Asset Description 96,Good,Avenue de la Joyeuse Entrée,1.0,7000.0,Mons,Wallonia,Customer 4,1,45,17,2024-11-05 07:00,2024-11-05 07:45
825,To do,Corrective-Breakdown-8,System Cleanup and Safety Checks,Corrective,Breakdown,8,1,"15,0",Minutes,"0,0",Minutes,"Electrician, Mecanician, Inspector Senior",7.0,,,In service,Asset Description 96,Good,Avenue de la Joyeuse Entrée,1.0,7000.0,Mons,Wallonia,Customer 4,1,15,16,2024-11-05 16:30,2024-11-05 16:45
826,To do,Corrective-Breakdown-10,Restore Service,Corrective,Breakdown,10,1,"15,0",Minutes,"0,0",Minutes,"Electrician, Mecanician, Inspector Senior",21.0,,,In service,Asset Description 96,Good,Avenue de la Joyeuse Entrée,1.0,7000.0,Mons,Wallonia,Customer 4,1,15,16,2024-11-05 16:45,2024-11-05 17:00
827,To do,Corrective-Breakdown-9,Documentation and Reporting,Corrective,Breakdown,9,1,"20,0",Minutes,"0,0",Minutes,"Electrician, Mecanician, Inspector Senior",20.0,,,In service,Asset Description 96,Good,Avenue de la Joyeuse Entrée,1.0,7000.0,Mons,Wallonia,Customer 4,1,20,17,2024-11-05 07:45,2024-11-05 08:05
828,To do,Corrective-Breakdown-1,Secure the Area,Corrective,Breakdown,1,1,"15,0",Minutes,"0,0",Minutes,"Electrician, Mecanician, Inspector Senior",,,,In service,Asset Description 97,Good,Kammenstraat,90.0,2000.0,Antwerpen,Flanders,Customer 5,1,15,17,2024-11-05 08:05,2024-11-05 08:20
829,To do,Corrective-Breakdown-2,Preliminary Inspection,Corrective,Breakdown,2,1,"20,0",Minutes,"0,0",Minutes,"Electrician, Mecanician, Inspector Senior",1.0,,,In service,Asset Description 97,Good,Kammenstraat,90.0,2000.0,Antwerpen,Flanders,Customer 5,1,20,17,2024-11-05 08:20,2024-11-05 08:40
830,To do,Corrective-Breakdown-3,Diagnostics and Troubleshooting,Corrective,Breakdown,3,1,"1,0",Hours,"0,0",Minutes,"Electrician, Mecanician, Inspector Senior",2.0,,,In service,Asset Description 97,Good,Kammenstraat,90.0,2000.0,Antwerpen,Flanders,Customer 5,1,60,17,2024-11-05 08:40,2024-11-05 09:40
831,To do,Corrective-Breakdown-4,Component Repair or Replacement,Corrective,Breakdown,4,1,"1,0",Hours,"0,0",Minutes,"Electrician, Mecanician, Inspector Senior",3.0,,,In service,Asset Description 97,Good,Kammenstraat,90.0,2000.0,Antwerpen,Flanders,Customer 5,1,60,17,2024-11-05 09:40,2024-11-05 10:40
832,To do,Corrective-Breakdown-7,Post-Repair Adjustments,Corrective,Breakdown,7,1,"20,0",Minutes,"0,0",Minutes,"Electrician, Mecanician, Inspector Senior",6.0,,,In service,Asset Description 97,Good,Kammenstraat,90.0,2000.0,Antwerpen,Flanders,Customer 5,1,20,17,2024-11-05 10:40,2024-11-05 11:00
833,To do,Corrective-Breakdown-5,Control System Reset,Corrective,Breakdown,5,1,"30,0",Minutes,"0,0",Minutes,"Electrician, Mecanician, Inspector Senior",4.0,,,In service,Asset Description 97,Good,Kammenstraat,90.0,2000.0,Antwerpen,Flanders,Customer 5,1,30,17,2024-11-05 12:00,2024-11-05 12:30
834,To do,Corrective-Breakdown-6,Detailed Testing and Validation,Corrective,Breakdown,6,1,"45,0",Minutes,"0,0",Minutes,"Electrician, Mecanician, Inspector Senior",5.0,,,In service,Asset Description 97,Good,Kammenstraat,90.0,2000.0,Antwerpen,Flanders,Customer 5,1,45,17,2024-11-05 12:30,2024-11-05 13:15
835,To do,Corrective-Breakdown-8,System Cleanup and Safety Checks,Corrective,Breakdown,8,1,"15,0",Minutes,"0,0",Minutes,"Electrician, Mecanician, Inspector Senior",7.0,,,In service,Asset Description 97,Good,Kammenstraat,90.0,2000.0,Antwerpen,Flanders,Customer 5,1,15,17,2024-11-05 13:15,2024-11-05 13:30
836,To do,Corrective-Breakdown-10,Restore Service,Corrective,Breakdown,10,1,"15,0",Minutes,"0,0",Minutes,"Electrician, Mecanician, Inspector Senior",21.0,,,In service,Asset Description 97,Good,Kammenstraat,90.0,2000.0,Antwerpen,Flanders,Customer 5,1,15,17,2024-11-05 13:30,2024-11-05 13:45
837,To do,Corrective-Breakdown-9,Documentation and Reporting,Corrective,Breakdown,9,1,"20,0",Minutes,"0,0",Minutes,"Electrician, Mecanician, Inspector Senior",20.0,,,In service,Asset Description 97,Good,Kammenstraat,90.0,2000.0,Antwerpen,Flanders,Customer 5,1,20,17,2024-11-05 13:45,2024-11-05 14:05
858,To do,Corrective-Breakdown-1,Secure the Area,Corrective,Breakdown,1,1,"15,0",Minutes,"0,0",Minutes,"Electrician, Mecanician, Inspector Senior",,,,In service,Asset Description 98,Good,Ezelstraat,95.0,8000.0,Bruges,Flanders,Customer 44,1,15,17,2024-11-05 14:05,2024-11-05 14:20
859,To do,Corrective-Breakdown-2,Preliminary Inspection,Corrective,Breakdown,2,1,"20,0",Minutes,"0,0",Minutes,"Electrician, Mecanician, Inspector Senior",1.0,,,In service,Asset Description 98,Good,Ezelstraat,95.0,8000.0,Bruges,Flanders,Customer 44,1,20,17,2024-11-05 14:20,2024-11-05 14:40
860,To do,Corrective-Breakdown-3,Diagnostics and Troubleshooting,Corrective,Breakdown,3,1,"1,0",Hours,"0,0",Minutes,"Electrician, Mecanician, Inspector Senior",2.0,,,In service,Asset Description 98,Good,Ezelstraat,95.0,8000.0,Bruges,Flanders,Customer 44,1,60,17,2024-11-05 14:40,2024-11-05 15:40
861,To do,Corrective-Breakdown-4,Component Repair or Replacement,Corrective,Breakdown,4,1,"1,0",Hours,"0,0",Minutes,"Electrician, Mecanician, Inspector Senior",3.0,,,In service,Asset Description 98,Good,Ezelstraat,95.0,8000.0,Bruges,Flanders,Customer 44,1,60,17,2024-11-05 15:40,2024-11-05 16:40
862,To do,Corrective-Breakdown-7,Post-Repair Adjustments,Corrective,Breakdown,7,1,"20,0",Minutes,"0,0",Minutes,"Electrician, Mecanician, Inspector Senior",6.0,,,In service,Asset Description 98,Good,Ezelstraat,95.0,8000.0,Bruges,Flanders,Customer 44,1,20,17,2024-11-05 16:40,2024-11-05 17:00
863,To do,Corrective-Breakdown-5,Control System Reset,Corrective,Breakdown,5,1,"30,0",Minutes,"0,0",Minutes,"Electrician, Mecanician, Inspector Senior",4.0,,,In service,Asset Description 98,Good,Ezelstraat,95.0,8000.0,Bruges,Flanders,Customer 44,1,30,2,2024-11-06 07:00,2024-11-06 07:30
864,To do,Corrective-Breakdown-6,Detailed Testing and Validation,Corrective,Breakdown,6,1,"45,0",Minutes,"0,0",Minutes,"Electrician, Mecanician, Inspector Senior",5.0,,,In service,Asset Description 98,Good,Ezelstraat,95.0,8000.0,Bruges,Flanders,Customer 44,1,45,2,2024-11-06 07:30,2024-11-06 08:15
865,To do,Corrective-Breakdown-8,System Cleanup and Safety Checks,Corrective,Breakdown,8,1,"15,0",Minutes,"0,0",Minutes,"Electrician, Mecanician, Inspector Senior",7.0,,,In service,Asset Description 98,Good,Ezelstraat,95.0,8000.0,Bruges,Flanders,Customer 44,1,15,2,2024-11-06 08:15,2024-11-06 08:30
866,To do,Corrective-Breakdown-10,Restore Service,Corrective,Breakdown,10,1,"15,0",Minutes,"0,0",Minutes,"Electrician, Mecanician, Inspector Senior",21.0,,,In service,Asset Description 98,Good,Ezelstraat,95.0,8000.0,Bruges,Flanders,Customer 44,1,15,2,2024-11-06 08:30,2024-11-06 08:45
867,To do,Corrective-Breakdown-9,Documentation and Reporting,Corrective,Breakdown,9,1,"20,0",Minutes,"0,0",Minutes,"Electrician, Mecanician, Inspector Senior",20.0,,,In service,Asset Description 98,Good,Ezelstraat,95.0,8000.0,Bruges,Flanders,Customer 44,1,20,2,2024-11-06 08:45,2024-11-06 09:05
848,To do,Corrective-Breakdown-1,Secure the Area,Corrective,Breakdown,1,1,"15,0",Minutes,"0,0",Minutes,"Electrician, Mecanician, Inspector Senior",,,,In service,Asset Description 99,Good,Muntstraat,100.0,3000.0,Leuven,Flanders,Customer 45,1,15,2,2024-11-06 09:05,2024-11-06 09:20
849,To do,Corrective-Breakdown-2,Preliminary Inspection,Corrective,Breakdown,2,1,"20,0",Minutes,"0,0",Minutes,"Electrician, Mecanician, Inspector Senior",1.0,,,In service,Asset Description 99,Good,Muntstraat,100.0,3000.0,Leuven,Flanders,Customer 45,1,20,2,2024-11-06 09:20,2024-11-06 09:40
850,To do,Corrective-Breakdown-3,Diagnostics and Troubleshooting,Corrective,Breakdown,3,1,"1,0",Hours,"0,0",Minutes,"Electrician, Mecanician, Inspector Senior",2.0,,,In service,Asset Description 99,Good,Muntstraat,100.0,3000.0,Leuven,Flanders,Customer 45,1,60,2,2024-11-06 09:40,2024-11-06 10:40
851,To do,Corrective-Breakdown-4,Component Repair or Replacement,Corrective,Breakdown,4,1,"1,0",Hours,"0,0",Minutes,"Electrician, Mecanician, Inspector Senior",3.0,,,In service,Asset Description 99,Good,Muntstraat,100.0,3000.0,Leuven,Flanders,Customer 45,1,60,2,2024-11-06 12:00,2024-11-06 13:00
852,To do,Corrective-Breakdown-7,Post-Repair Adjustments,Corrective,Breakdown,7,1,"20,0",Minutes,"0,0",Minutes,"Electrician, Mecanician, Inspector Senior",6.0,,,In service,Asset Description 99,Good,Muntstraat,100.0,3000.0,Leuven,Flanders,Customer 45,1,20,2,2024-11-06 10:40,2024-11-06 11:00
853,To do,Corrective-Breakdown-5,Control System Reset,Corrective,Breakdown,5,1,"30,0",Minutes,"0,0",Minutes,"Electrician, Mecanician, Inspector Senior",4.0,,,In service,Asset Description 99,Good,Muntstraat,100.0,3000.0,Leuven,Flanders,Customer 45,1,30,2,2024-11-06 13:00,2024-11-06 13:30
854,To do,Corrective-Breakdown-6,Detailed Testing and Validation,Corrective,Breakdown,6,1,"45,0",Minutes,"0,0",Minutes,"Electrician, Mecanician, Inspector Senior",5.0,,,In service,Asset Description 99,Good,Muntstraat,100.0,3000.0,Leuven,Flanders,Customer 45,1,45,2,2024-11-06 13:30,2024-11-06 14:15
855,To do,Corrective-Breakdown-8,System Cleanup and Safety Checks,Corrective,Breakdown,8,1,"15,0",Minutes,"0,0",Minutes,"Electrician, Mecanician, Inspector Senior",7.0,,,In service,Asset Description 99,Good,Muntstraat,100.0,3000.0,Leuven,Flanders,Customer 45,1,15,2,2024-11-06 14:15,2024-11-06 14:30
856,To do,Corrective-Breakdown-10,Restore Service,Corrective,Breakdown,10,1,"15,0",Minutes,"0,0",Minutes,"Electrician, Mecanician, Inspector Senior",21.0,,,In service,Asset Description 99,Good,Muntstraat,100.0,3000.0,Leuven,Flanders,Customer 45,1,15,2,2024-11-06 14:30,2024-11-06 14:45
857,To do,Corrective-Breakdown-9,Documentation and Reporting,Corrective,Breakdown,9,1,"20,0",Minutes,"0,0",Minutes,"Electrician, Mecanician, Inspector Senior",20.0,,,In service,Asset Description 99,Good,Muntstraat,100.0,3000.0,Leuven,Flanders,Customer 45,1,20,2,2024-11-06 14:45,2024-11-06 15:05
868,To do,Corrective-Breakdown-1,Secure the Area,Corrective,Breakdown,1,1,"15,0",Minutes,"0,0",Minutes,"Electrician, Mecanician, Inspector Senior",,,,In service,Asset Description 100,Bad,Onze-Lieve-Vrouwestraat,105.0,2800.0,Mechelen,Flanders,Customer 46,1,15,2,2024-11-04 12:00,2024-11-04 12:15
869,To do,Corrective-Breakdown-2,Preliminary Inspection,Corrective,Breakdown,2,1,"20,0",Minutes,"0,0",Minutes,"Electrician, Mecanician, Inspector Senior",1.0,,,In service,Asset Description 100,Bad,Onze-Lieve-Vrouwestraat,105.0,2800.0,Mechelen,Flanders,Customer 46,1,20,2,2024-11-04 12:15,2024-11-04 12:35
870,To do,Corrective-Breakdown-3,Diagnostics and Troubleshooting,Corrective,Breakdown,3,1,"1,0",Hours,"0,0",Minutes,"Electrician, Mecanician, Inspector Senior",2.0,,,In service,Asset Description 100,Bad,Onze-Lieve-Vrouwestraat,105.0,2800.0,Mechelen,Flanders,Customer 46,1,60,2,2024-11-04 12:35,2024-11-04 13:35
871,To do,Corrective-Breakdown-4,Component Repair or Replacement,Corrective,Breakdown,4,1,"1,0",Hours,"0,0",Minutes,"Electrician, Mecanician, Inspector Senior",3.0,,,In service,Asset Description 100,Bad,Onze-Lieve-Vrouwestraat,105.0,2800.0,Mechelen,Flanders,Customer 46,1,60,2,2024-11-04 13:35,2024-11-04 14:35
872,To do,Corrective-Breakdown-7,Post-Repair Adjustments,Corrective,Breakdown,7,1,"20,0",Minutes,"0,0",Minutes,"Electrician, Mecanician, Inspector Senior",6.0,,,In service,Asset Description 100,Bad,Onze-Lieve-Vrouwestraat,105.0,2800.0,Mechelen,Flanders,Customer 46,1,20,2,2024-11-04 14:35,2024-11-04 14:55
873,To do,Corrective-Breakdown-5,Control System Reset,Corrective,Breakdown,5,1,"30,0",Minutes,"0,0",Minutes,"Electrician, Mecanician, Inspector Senior",4.0,,,In service,Asset Description 100,Bad,Onze-Lieve-Vrouwestraat,105.0,2800.0,Mechelen,Flanders,Customer 46,1,30,2,2024-11-04 14:55,2024-11-04 15:25
874,To do,Corrective-Breakdown-6,Detailed Testing and Validation,Corrective,Breakdown,6,1,"45,0",Minutes,"0,0",Minutes,"Electrician, Mecanician, Inspector Senior",5.0,,,In service,Asset Description 100,Bad,Onze-Lieve-Vrouwestraat,105.0,2800.0,Mechelen,Flanders,Customer 46,1,45,2,2024-11-04 15:25,2024-11-04 16:10
875,To do,Corrective-Breakdown-8,System Cleanup and Safety Checks,Corrective,Breakdown,8,1,"15,0",Minutes,"0,0",Minutes,"Electrician, Mecanician, Inspector Senior",7.0,,,In service,Asset Description 100,Bad,Onze-Lieve-Vrouwestraat,105.0,2800.0,Mechelen,Flanders,Customer 46,1,15,2,2024-11-04 16:10,2024-11-04 16:25
876,To do,Corrective-Breakdown-10,Restore Service,Corrective,Breakdown,10,1,"15,0",Minutes,"0,0",Minutes,"Electrician, Mecanician, Inspector Senior",21.0,,,In service,Asset Description 100,Bad,Onze-Lieve-Vrouwestraat,105.0,2800.0,Mechelen,Flanders,Customer 46,1,15,16,2024-11-12 13:20,2024-11-12 13:35
877,To do,Corrective-Breakdown-9,Documentation and Reporting,Corrective,Breakdown,9,1,"20,0",Minutes,"0,0",Minutes,"Electrician, Mecanician, Inspector Senior",20.0,,,In service,Asset Description 100,Bad,Onze-Lieve-Vrouwestraat,105.0,2800.0,Mechelen,Flanders,Customer 46,1,20,2,2024-11-04 16:25,2024-11-04 16:45
880,To do,Corrective-Breakdown-1,Secure the Area,Corrective,Breakdown,1,1,"15,0",Minutes,"0,0",Minutes,"Electrician, Mecanician, Inspector Senior",,,,In service,Asset Description 101,Adequate,Mageleinstraat,110.0,9000.0,Ghent,Flanders,Customer 47,1,15,17,2024-11-04 08:50,2024-11-04 09:05
881,To do,Corrective-Breakdown-2,Preliminary Inspection,Corrective,Breakdown,2,1,"20,0",Minutes,"0,0",Minutes,"Electrician, Mecanician, Inspector Senior",1.0,,,In service,Asset Description 101,Adequate,Mageleinstraat,110.0,9000.0,Ghent,Flanders,Customer 47,1,20,17,2024-11-04 09:05,2024-11-04 09:25
882,To do,Corrective-Breakdown-3,Diagnostics and Troubleshooting,Corrective,Breakdown,3,1,"1,0",Hours,"0,0",Minutes,"Electrician, Mecanician, Inspector Senior",2.0,,,In service,Asset Description 101,Adequate,Mageleinstraat,110.0,9000.0,Ghent,Flanders,Customer 47,1,60,17,2024-11-04 09:25,2024-11-04 10:25
883,To do,Corrective-Breakdown-4,Component Repair or Replacement,Corrective,Breakdown,4,1,"1,0",Hours,"0,0",Minutes,"Electrician, Mecanician, Inspector Senior",3.0,,,In service,Asset Description 101,Adequate,Mageleinstraat,110.0,9000.0,Ghent,Flanders,Customer 47,1,60,17,2024-11-04 12:00,2024-11-04 13:00
884,To do,Corrective-Breakdown-7,Post-Repair Adjustments,Corrective,Breakdown,7,1,"20,0",Minutes,"0,0",Minutes,"Electrician, Mecanician, Inspector Senior",6.0,,,In service,Asset Description 101,Adequate,Mageleinstraat,110.0,9000.0,Ghent,Flanders,Customer 47,1,20,17,2024-11-04 10:25,2024-11-04 10:45
885,To do,Corrective-Breakdown-5,Control System Reset,Corrective,Breakdown,5,1,"30,0",Minutes,"0,0",Minutes,"Electrician, Mecanician, Inspector Senior",4.0,,,In service,Asset Description 101,Adequate,Mageleinstraat,110.0,9000.0,Ghent,Flanders,Customer 47,1,30,17,2024-11-04 13:00,2024-11-04 13:30
886,To do,Corrective-Breakdown-6,Detailed Testing and Validation,Corrective,Breakdown,6,1,"45,0",Minutes,"0,0",Minutes,"Electrician, Mecanician, Inspector Senior",5.0,,,In service,Asset Description 101,Adequate,Mageleinstraat,110.0,9000.0,Ghent,Flanders,Customer 47,1,45,17,2024-11-04 13:30,2024-11-04 14:15
887,To do,Corrective-Breakdown-8,System Cleanup and Safety Checks,Corrective,Breakdown,8,1,"15,0",Minutes,"0,0",Minutes,"Electrician, Mecanician, Inspector Senior",7.0,,,In service,Asset Description 101,Adequate,Mageleinstraat,110.0,9000.0,Ghent,Flanders,Customer 47,1,15,17,2024-11-04 10:45,2024-11-04 11:00
888,To do,Corrective-Breakdown-10,Restore Service,Corrective,Breakdown,10,1,"15,0",Minutes,"0,0",Minutes,"Electrician, Mecanician, Inspector Senior",21.0,,,In service,Asset Description 101,Adequate,Mageleinstraat,110.0,9000.0,Ghent,Flanders,Customer 47,1,15,17,2024-11-04 14:15,2024-11-04 14:30
889,To do,Corrective-Breakdown-9,Documentation and Reporting,Corrective,Breakdown,9,1,"20,0",Minutes,"0,0",Minutes,"Electrician, Mecanician, Inspector Senior",20.0,,,In service,Asset Description 101,Adequate,Mageleinstraat,110.0,9000.0,Ghent,Flanders,Customer 47,1,20,17,2024-11-04 14:30,2024-11-04 14:50
890,To do,Corrective-Breakdown-1,Secure the Area,Corrective,Breakdown,1,1,"15,0",Minutes,"0,0",Minutes,"Electrician, Mecanician, Inspector Senior",,,,In service,Asset Description 102,Bad,Korte Gasthuisstraat,115.0,2000.0,Antwerpen,Flanders,Customer 48,1,15,2,2024-11-04 16:45,2024-11-04 17:00
891,To do,Corrective-Breakdown-2,Preliminary Inspection,Corrective,Breakdown,2,1,"20,0",Minutes,"0,0",Minutes,"Electrician, Mecanician, Inspector Senior",1.0,,,In service,Asset Description 102,Bad,Korte Gasthuisstraat,115.0,2000.0,Antwerpen,Flanders,Customer 48,1,20,6,2024-11-04 07:00,2024-11-04 07:20
892,To do,Corrective-Breakdown-3,Diagnostics and Troubleshooting,Corrective,Breakdown,3,1,"1,0",Hours,"0,0",Minutes,"Electrician, Mecanician, Inspector Senior",2.0,,,In service,Asset Description 102,Bad,Korte Gasthuisstraat,115.0,2000.0,Antwerpen,Flanders,Customer 48,1,60,6,2024-11-04 07:20,2024-11-04 08:20
893,To do,Corrective-Breakdown-4,Component Repair or Replacement,Corrective,Breakdown,4,1,"1,0",Hours,"0,0",Minutes,"Electrician, Mecanician, Inspector Senior",3.0,,,In service,Asset Description 102,Bad,Korte Gasthuisstraat,115.0,2000.0,Antwerpen,Flanders,Customer 48,1,60,6,2024-11-04 08:20,2024-11-04 09:20
894,To do,Corrective-Breakdown-7,Post-Repair Adjustments,Corrective,Breakdown,7,1,"20,0",Minutes,"0,0",Minutes,"Electrician, Mecanician, Inspector Senior",6.0,,,In service,Asset Description 102,Bad,Korte Gasthuisstraat,115.0,2000.0,Antwerpen,Flanders,Customer 48,1,20,6,2024-11-04 09:20,2024-11-04 09:40
895,To do,Corrective-Breakdown-5,Control System Reset,Corrective,Breakdown,5,1,"30,0",Minutes,"0,0",Minutes,"Electrician, Mecanician, Inspector Senior",4.0,,,In service,Asset Description 102,Bad,Korte Gasthuisstraat,115.0,2000.0,Antwerpen,Flanders,Customer 48,1,30,6,2024-11-04 09:40,2024-11-04 10:10
896,To do,Corrective-Breakdown-6,Detailed Testing and Validation,Corrective,Breakdown,6,1,"45,0",Minutes,"0,0",Minutes,"Electrician, Mecanician, Inspector Senior",5.0,,,In service,Asset Description 102,Bad,Korte Gasthuisstraat,115.0,2000.0,Antwerpen,Flanders,Customer 48,1,45,6,2024-11-04 10:10,2024-11-04 10:55
897,To do,Corrective-Breakdown-8,System Cleanup and Safety Checks,Corrective,Breakdown,8,1,"15,0",Minutes,"0,0",Minutes,"Electrician, Mecanician, Inspector Senior",7.0,,,In service,Asset Description 102,Bad,Korte Gasthuisstraat,115.0,2000.0,Antwerpen,Flanders,Customer 48,1,15,6,2024-11-04 12:00,2024-11-04 12:15
898,To do,Corrective-Breakdown-10,Restore Service,Corrective,Breakdown,10,1,"15,0",Minutes,"0,0",Minutes,"Electrician, Mecanician, Inspector Senior",21.0,,,In service,Asset Description 102,Bad,Korte Gasthuisstraat,115.0,2000.0,Antwerpen,Flanders,Customer 48,1,15,6,2024-11-04 12:15,2024-11-04 12:30
899,To do,Corrective-Breakdown-9,Documentation and Reporting,Corrective,Breakdown,9,1,"20,0",Minutes,"0,0",Minutes,"Electrician, Mecanician, Inspector Senior",20.0,,,In service,Asset Description 102,Bad,Korte Gasthuisstraat,115.0,2000.0,Antwerpen,Flanders,Customer 48,1,20,6,2024-11-04 12:30,2024-11-04 12:50
900,To do,Corrective-Breakdown-1,Secure the Area,Corrective,Breakdown,1,1,"15,0",Minutes,"0,0",Minutes,"Electrician, Mecanician, Inspector Senior",,,,In service,Asset Description 103,Adequate,Sint-Amandsstraat,120.0,8000.0,Bruges,Flanders,Customer 49,1,15,17,2024-11-04 14:50,2024-11-04 15:05
901,To do,Corrective-Breakdown-2,Preliminary Inspection,Corrective,Breakdown,2,1,"20,0",Minutes,"0,0",Minutes,"Electrician, Mecanician, Inspector Senior",1.0,,,In service,Asset Description 103,Adequate,Sint-Amandsstraat,120.0,8000.0,Bruges,Flanders,Customer 49,1,20,17,2024-11-04 15:05,2024-11-04 15:25
902,To do,Corrective-Breakdown-3,Diagnostics and Troubleshooting,Corrective,Breakdown,3,1,"1,0",Hours,"0,0",Minutes,"Electrician, Mecanician, Inspector Senior",2.0,,,In service,Asset Description 103,Adequate,Sint-Amandsstraat,120.0,8000.0,Bruges,Flanders,Customer 49,1,60,17,2024-11-04 15:25,2024-11-04 16:25
903,To do,Corrective-Breakdown-4,Component Repair or Replacement,Corrective,Breakdown,4,1,"1,0",Hours,"0,0",Minutes,"Electrician, Mecanician, Inspector Senior",3.0,,,In service,Asset Description 103,Adequate,Sint-Amandsstraat,120.0,8000.0,Bruges,Flanders,Customer 49,1,60,2,2024-11-05 07:00,2024-11-05 08:00
904,To do,Corrective-Breakdown-7,Post-Repair Adjustments,Corrective,Breakdown,7,1,"20,0",Minutes,"0,0",Minutes,"Electrician, Mecanician, Inspector Senior",6.0,,,In service,Asset Description 103,Adequate,Sint-Amandsstraat,120.0,8000.0,Bruges,Flanders,Customer 49,1,20,17,2024-11-04 16:25,2024-11-04 16:45
905,To do,Corrective-Breakdown-5,Control System Reset,Corrective,Breakdown,5,1,"30,0",Minutes,"0,0",Minutes,"Electrician, Mecanician, Inspector Senior",4.0,,,In service,Asset Description 103,Adequate,Sint-Amandsstraat,120.0,8000.0,Bruges,Flanders,Customer 49,1,30,2,2024-11-05 08:00,2024-11-05 08:30
906,To do,Corrective-Breakdown-6,Detailed Testing and Validation,Corrective,Breakdown,6,1,"45,0",Minutes,"0,0",Minutes,"Electrician, Mecanician, Inspector Senior",5.0,,,In service,Asset Description 103,Adequate,Sint-Amandsstraat,120.0,8000.0,Bruges,Flanders,Customer 49,1,45,2,2024-11-05 08:30,2024-11-05 09:15
907,To do,Corrective-Breakdown-8,System Cleanup and Safety Checks,Corrective,Breakdown,8,1,"15,0",Minutes,"0,0",Minutes,"Electrician, Mecanician, Inspector Senior",7.0,,,In service,Asset Description 103,Adequate,Sint-Amandsstraat,120.0,8000.0,Bruges,Flanders,Customer 49,1,15,17,2024-11-04 16:45,2024-11-04 17:00
908,To do,Corrective-Breakdown-10,Restore Service,Corrective,Breakdown,10,1,"15,0",Minutes,"0,0",Minutes,"Electrician, Mecanician, Inspector Senior",21.0,,,In service,Asset Description 103,Adequate,Sint-Amandsstraat,120.0,8000.0,Bruges,Flanders,Customer 49,1,15,2,2024-11-05 09:15,2024-11-05 09:30
909,To do,Corrective-Breakdown-9,Documentation and Reporting,Corrective,Breakdown,9,1,"20,0",Minutes,"0,0",Minutes,"Electrician, Mecanician, Inspector Senior",20.0,,,In service,Asset Description 103,Adequate,Sint-Amandsstraat,120.0,8000.0,Bruges,Flanders,Customer 49,1,20,2,2024-11-05 09:30,2024-11-05 09:50
910,To do,Corrective-Breakdown-1,Secure the Area,Corrective,Breakdown,1,1,"15,0",Minutes,"0,0",Minutes,"Electrician, Mecanician, Inspector Senior",,,,In service,Asset Description 104,Bad,Tiensestraat,125.0,3000.0,Leuven,Flanders,Customer 50,1,15,6,2024-11-04 12:50,2024-11-04 13:05
911,To do,Corrective-Breakdown-2,Preliminary Inspection,Corrective,Breakdown,2,1,"20,0",Minutes,"0,0",Minutes,"Electrician, Mecanician, Inspector Senior",1.0,,,In service,Asset Description 104,Bad,Tiensestraat,125.0,3000.0,Leuven,Flanders,Customer 50,1,20,6,2024-11-04 13:05,2024-11-04 13:25
912,To do,Corrective-Breakdown-3,Diagnostics and Troubleshooting,Corrective,Breakdown,3,1,"1,0",Hours,"0,0",Minutes,"Electrician, Mecanician, Inspector Senior",2.0,,,In service,Asset Description 104,Bad,Tiensestraat,125.0,3000.0,Leuven,Flanders,Customer 50,1,60,6,2024-11-04 13:25,2024-11-04 14:25
913,To do,Corrective-Breakdown-4,Component Repair or Replacement,Corrective,Breakdown,4,1,"1,0",Hours,"0,0",Minutes,"Electrician, Mecanician, Inspector Senior",3.0,,,In service,Asset Description 104,Bad,Tiensestraat,125.0,3000.0,Leuven,Flanders,Customer 50,1,60,6,2024-11-04 14:25,2024-11-04 15:25
914,To do,Corrective-Breakdown-7,Post-Repair Adjustments,Corrective,Breakdown,7,1,"20,0",Minutes,"0,0",Minutes,"Electrician, Mecanician, Inspector Senior",6.0,,,In service,Asset Description 104,Bad,Tiensestraat,125.0,3000.0,Leuven,Flanders,Customer 50,1,20,6,2024-11-04 15:25,2024-11-04 15:45
915,To do,Corrective-Breakdown-5,Control System Reset,Corrective,Breakdown,5,1,"30,0",Minutes,"0,0",Minutes,"Electrician, Mecanician, Inspector Senior",4.0,,,In service,Asset Description 104,Bad,Tiensestraat,125.0,3000.0,Leuven,Flanders,Customer 50,1,30,6,2024-11-04 15:45,2024-11-04 16:15
916,To do,Corrective-Breakdown-6,Detailed Testing and Validation,Corrective,Breakdown,6,1,"45,0",Minutes,"0,0",Minutes,"Electrician, Mecanician, Inspector Senior",5.0,,,In service,Asset Description 104,Bad,Tiensestraat,125.0,3000.0,Leuven,Flanders,Customer 50,1,45,6,2024-11-04 16:15,2024-11-04 17:00
917,To do,Corrective-Breakdown-8,System Cleanup and Safety Checks,Corrective,Breakdown,8,1,"15,0",Minutes,"0,0",Minutes,"Electrician, Mecanician, Inspector Senior",7.0,,,In service,Asset Description 104,Bad,Tiensestraat,125.0,3000.0,Leuven,Flanders,Customer 50,1,15,16,2024-11-04 07:00,2024-11-04 07:15
918,To do,Corrective-Breakdown-10,Restore Service,Corrective,Breakdown,10,1,"15,0",Minutes,"0,0",Minutes,"Electrician, Mecanician, Inspector Senior",21.0,,,In service,Asset Description 104,Bad,Tiensestraat,125.0,3000.0,Leuven,Flanders,Customer 50,1,15,16,2024-11-04 07:15,2024-11-04 07:30
919,To do,Corrective-Breakdown-9,Documentation and Reporting,Corrective,Breakdown,9,1,"20,0",Minutes,"0,0",Minutes,"Electrician, Mecanician, Inspector Senior",20.0,,,In service,Asset Description 104,Bad,Tiensestraat,125.0,3000.0,Leuven,Flanders,Customer 50,1,20,16,2024-11-04 07:30,2024-11-04 07:50
920,To do,Corrective-Breakdown-1,Secure the Area,Corrective,Breakdown,1,1,"15,0",Minutes,"0,0",Minutes,"Electrician, Mecanician, Inspector Senior",,,,,,,,,,,,,1,15,2,2024-11-05 09:50,2024-11-05 10:05
921,To do,Corrective-Breakdown-2,Preliminary Inspection,Corrective,Breakdown,2,1,"20,0",Minutes,"0,0",Minutes,"Electrician, Mecanician, Inspector Senior",1.0,,,,,,,,,,,,1,20,2,2024-11-05 10:05,2024-11-05 10:25
922,To do,Corrective-Breakdown-3,Diagnostics and Troubleshooting,Corrective,Breakdown,3,1,"1,0",Hours,"0,0",Minutes,"Electrician, Mecanician, Inspector Senior",2.0,,,,,,,,,,,,1,60,2,2024-11-05 12:00,2024-11-05 13:00
923,To do,Corrective-Breakdown-4,Component Repair or Replacement,Corrective,Breakdown,4,1,"1,0",Hours,"0,0",Minutes,"Electrician, Mecanician, Inspector Senior",3.0,,,,,,,,,,,,1,60,2,2024-11-05 13:00,2024-11-05 14:00
924,To do,Corrective-Breakdown-7,Post-Repair Adjustments,Corrective,Breakdown,7,1,"20,0",Minutes,"0,0",Minutes,"Electrician, Mecanician, Inspector Senior",6.0,,,,,,,,,,,,1,20,2,2024-11-05 10:25,2024-11-05 10:45
925,To do,Corrective-Breakdown-5,Control System Reset,Corrective,Breakdown,5,1,"30,0",Minutes,"0,0",Minutes,"Electrician, Mecanician, Inspector Senior",4.0,,,,,,,,,,,,1,30,2,2024-11-05 14:00,2024-11-05 14:30
926,To do,Corrective-Breakdown-6,Detailed Testing and Validation,Corrective,Breakdown,6,1,"45,0",Minutes,"0,0",Minutes,"Electrician, Mecanician, Inspector Senior",5.0,,,,,,,,,,,,1,45,2,2024-11-05 14:30,2024-11-05 15:15
927,To do,Corrective-Breakdown-8,System Cleanup and Safety Checks,Corrective,Breakdown,8,1,"15,0",Minutes,"0,0",Minutes,"Electrician, Mecanician, Inspector Senior",7.0,,,,,,,,,,,,1,15,2,2024-11-05 10:45,2024-11-05 11:00
928,To do,Corrective-Breakdown-10,Restore Service,Corrective,Breakdown,10,1,"15,0",Minutes,"0,0",Minutes,"Electrician, Mecanician, Inspector Senior",21.0,,,,,,,,,,,,1,15,2,2024-11-05 15:15,2024-11-05 15:30
929,To do,Corrective-Breakdown-9,Documentation and Reporting,Corrective,Breakdown,9,1,"20,0",Minutes,"0,0",Minutes,"Electrician, Mecanician, Inspector Senior",20.0,,,,,,,,,,,,1,20,2,2024-11-05 15:30,2024-11-05 15:50
930,To do,Corrective-Breakdown-1,Secure the Area,Corrective,Breakdown,1,1,"15,0",Minutes,"0,0",Minutes,"Electrician, Mecanician, Inspector Senior",,,,In service,Asset Description 106,Good,Avenue de la Joyeuse Entrée,1.0,1040.0,Brussels,Brussels,Customer 17,1,15,2,2024-11-06 15:05,2024-11-06 15:20
931,To do,Corrective-Breakdown-2,Preliminary Inspection,Corrective,Breakdown,2,1,"20,0",Minutes,"0,0",Minutes,"Electrician, Mecanician, Inspector Senior",1.0,,,In service,Asset Description 106,Good,Avenue de la Joyeuse Entrée,1.0,1040.0,Brussels,Brussels,Customer 17,1,20,2,2024-11-06 15:20,2024-11-06 15:40
932,To do,Corrective-Breakdown-3,Diagnostics and Troubleshooting,Corrective,Breakdown,3,1,"1,0",Hours,"0,0",Minutes,"Electrician, Mecanician, Inspector Senior",2.0,,,In service,Asset Description 106,Good,Avenue de la Joyeuse Entrée,1.0,1040.0,Brussels,Brussels,Customer 17,1,60,2,2024-11-06 15:40,2024-11-06 16:40
933,To do,Corrective-Breakdown-4,Component Repair or Replacement,Corrective,Breakdown,4,1,"1,0",Hours,"0,0",Minutes,"Electrician, Mecanician, Inspector Senior",3.0,,,In service,Asset Description 106,Good,Avenue de la Joyeuse Entrée,1.0,1040.0,Brussels,Brussels,Customer 17,1,60,6,2024-11-06 07:00,2024-11-06 08:00
934,To do,Corrective-Breakdown-7,Post-Repair Adjustments,Corrective,Breakdown,7,1,"20,0",Minutes,"0,0",Minutes,"Electrician, Mecanician, Inspector Senior",6.0,,,In service,Asset Description 106,Good,Avenue de la Joyeuse Entrée,1.0,1040.0,Brussels,Brussels,Customer 17,1,20,2,2024-11-06 16:40,2024-11-06 17:00
935,To do,Corrective-Breakdown-5,Control System Reset,Corrective,Breakdown,5,1,"30,0",Minutes,"0,0",Minutes,"Electrician, Mecanician, Inspector Senior",4.0,,,In service,Asset Description 106,Good,Avenue de la Joyeuse Entrée,1.0,1040.0,Brussels,Brussels,Customer 17,1,30,6,2024-11-06 08:00,2024-11-06 08:30
936,To do,Corrective-Breakdown-6,Detailed Testing and Validation,Corrective,Breakdown,6,1,"45,0",Minutes,"0,0",Minutes,"Electrician, Mecanician, Inspector Senior",5.0,,,In service,Asset Description 106,Good,Avenue de la Joyeuse Entrée,1.0,1040.0,Brussels,Brussels,Customer 17,1,45,6,2024-11-06 08:30,2024-11-06 09:15
937,To do,Corrective-Breakdown-8,System Cleanup and Safety Checks,Corrective,Breakdown,8,1,"15,0",Minutes,"0,0",Minutes,"Electrician, Mecanician, Inspector Senior",7.0,,,In service,Asset Description 106,Good,Avenue de la Joyeuse Entrée,1.0,1040.0,Brussels,Brussels,Customer 17,1,15,6,2024-11-06 09:15,2024-11-06 09:30
938,To do,Corrective-Breakdown-10,Restore Service,Corrective,Breakdown,10,1,"15,0",Minutes,"0,0",Minutes,"Electrician, Mecanician, Inspector Senior",21.0,,,In service,Asset Description 106,Good,Avenue de la Joyeuse Entrée,1.0,1040.0,Brussels,Brussels,Customer 17,1,15,6,2024-11-06 09:30,2024-11-06 09:45
939,To do,Corrective-Breakdown-9,Documentation and Reporting,Corrective,Breakdown,9,1,"20,0",Minutes,"0,0",Minutes,"Electrician, Mecanician, Inspector Senior",20.0,,,In service,Asset Description 106,Good,Avenue de la Joyeuse Entrée,1.0,1040.0,Brussels,Brussels,Customer 17,1,20,6,2024-11-06 09:45,2024-11-06 10:05
940,To do,Corrective-Breakdown-1,Secure the Area,Corrective,Breakdown,1,1,"15,0",Minutes,"0,0",Minutes,"Electrician, Mecanician, Inspector Senior",,,,In service,Asset Description 107,Good,Rue de la Loi,200.0,1000.0,Brussels,Brussels,Customer 29,1,15,6,2024-11-06 10:05,2024-11-06 10:20
941,To do,Corrective-Breakdown-2,Preliminary Inspection,Corrective,Breakdown,2,1,"20,0",Minutes,"0,0",Minutes,"Electrician, Mecanician, Inspector Senior",1.0,,,In service,Asset Description 107,Good,Rue de la Loi,200.0,1000.0,Brussels,Brussels,Customer 29,1,20,6,2024-11-06 10:20,2024-11-06 10:40
942,To do,Corrective-Breakdown-3,Diagnostics and Troubleshooting,Corrective,Breakdown,3,1,"1,0",Hours,"0,0",Minutes,"Electrician, Mecanician, Inspector Senior",2.0,,,In service,Asset Description 107,Good,Rue de la Loi,200.0,1000.0,Brussels,Brussels,Customer 29,1,60,6,2024-11-06 12:00,2024-11-06 13:00
943,To do,Corrective-Breakdown-4,Component Repair or Replacement,Corrective,Breakdown,4,1,"1,0",Hours,"0,0",Minutes,"Electrician, Mecanician, Inspector Senior",3.0,,,In service,Asset Description 107,Good,Rue de la Loi,200.0,1000.0,Brussels,Brussels,Customer 29,1,60,6,2024-11-06 13:00,2024-11-06 14:00
944,To do,Corrective-Breakdown-7,Post-Repair Adjustments,Corrective,Breakdown,7,1,"20,0",Minutes,"0,0",Minutes,"Electrician, Mecanician, Inspector Senior",6.0,,,In service,Asset Description 107,Good,Rue de la Loi,200.0,1000.0,Brussels,Brussels,Customer 29,1,20,6,2024-11-06 10:40,2024-11-06 11:00
945,To do,Corrective-Breakdown-5,Control System Reset,Corrective,Breakdown,5,1,"30,0",Minutes,"0,0",Minutes,"Electrician, Mecanician, Inspector Senior",4.0,,,In service,Asset Description 107,Good,Rue de la Loi,200.0,1000.0,Brussels,Brussels,Customer 29,1,30,6,2024-11-06 14:00,2024-11-06 14:30
946,To do,Corrective-Breakdown-6,Detailed Testing and Validation,Corrective,Breakdown,6,1,"45,0",Minutes,"0,0",Minutes,"Electrician, Mecanician, Inspector Senior",5.0,,,In service,Asset Description 107,Good,Rue de la Loi,200.0,1000.0,Brussels,Brussels,Customer 29,1,45,6,2024-11-06 14:30,2024-11-06 15:15
947,To do,Corrective-Breakdown-8,System Cleanup and Safety Checks,Corrective,Breakdown,8,1,"15,0",Minutes,"0,0",Minutes,"Electrician, Mecanician, Inspector Senior",7.0,,,In service,Asset Description 107,Good,Rue de la Loi,200.0,1000.0,Brussels,Brussels,Customer 29,1,15,6,2024-11-06 15:15,2024-11-06 15:30
948,To do,Corrective-Breakdown-10,Restore Service,Corrective,Breakdown,10,1,"15,0",Minutes,"0,0",Minutes,"Electrician, Mecanician, Inspector Senior",21.0,,,In service,Asset Description 107,Good,Rue de la Loi,200.0,1000.0,Brussels,Brussels,Customer 29,1,15,6,2024-11-06 15:30,2024-11-06 15:45
949,To do,Corrective-Breakdown-9,Documentation and Reporting,Corrective,Breakdown,9,1,"20,0",Minutes,"0,0",Minutes,"Electrician, Mecanician, Inspector Senior",20.0,,,In service,Asset Description 107,Good,Rue de la Loi,200.0,1000.0,Brussels,Brussels,Customer 29,1,20,6,2024-11-06 15:45,2024-11-06 16:05
950,To do,Corrective-Breakdown-1,Secure the Area,Corrective,Breakdown,1,1,"15,0",Minutes,"0,0",Minutes,"Electrician, Mecanician, Inspector Senior",,,,In service,Asset Description 108,Good,Avenue de la Renaissance,30.0,1000.0,Brussels,Brussels,Customer 55,1,15,6,2024-11-06 16:05,2024-11-06 16:20
951,To do,Corrective-Breakdown-2,Preliminary Inspection,Corrective,Breakdown,2,1,"20,0",Minutes,"0,0",Minutes,"Electrician, Mecanician, Inspector Senior",1.0,,,In service,Asset Description 108,Good,Avenue de la Renaissance,30.0,1000.0,Brussels,Brussels,Customer 55,1,20,6,2024-11-06 16:20,2024-11-06 16:40
952,To do,Corrective-Breakdown-3,Diagnostics and Troubleshooting,Corrective,Breakdown,3,1,"1,0",Hours,"0,0",Minutes,"Electrician, Mecanician, Inspector Senior",2.0,,,In service,Asset Description 108,Good,Avenue de la Renaissance,30.0,1000.0,Brussels,Brussels,Customer 55,1,60,16,2024-11-06 07:00,2024-11-06 08:00
953,To do,Corrective-Breakdown-4,Component Repair or Replacement,Corrective,Breakdown,4,1,"1,0",Hours,"0,0",Minutes,"Electrician, Mecanician, Inspector Senior",3.0,,,In service,Asset Description 108,Good,Avenue de la Renaissance,30.0,1000.0,Brussels,Brussels,Customer 55,1,60,16,2024-11-06 08:00,2024-11-06 09:00
954,To do,Corrective-Breakdown-7,Post-Repair Adjustments,Corrective,Breakdown,7,1,"20,0",Minutes,"0,0",Minutes,"Electrician, Mecanician, Inspector Senior",6.0,,,In service,Asset Description 108,Good,Avenue de la Renaissance,30.0,1000.0,Brussels,Brussels,Customer 55,1,20,6,2024-11-06 16:40,2024-11-06 17:00
955,To do,Corrective-Breakdown-5,Control System Reset,Corrective,Breakdown,5,1,"30,0",Minutes,"0,0",Minutes,"Electrician, Mecanician, Inspector Senior",4.0,,,In service,Asset Description 108,Good,Avenue de la Renaissance,30.0,1000.0,Brussels,Brussels,Customer 55,1,30,16,2024-11-06 09:00,2024-11-06 09:30
956,To do,Corrective-Breakdown-6,Detailed Testing and Validation,Corrective,Breakdown,6,1,"45,0",Minutes,"0,0",Minutes,"Electrician, Mecanician, Inspector Senior",5.0,,,In service,Asset Description 108,Good,Avenue de la Renaissance,30.0,1000.0,Brussels,Brussels,Customer 55,1,45,16,2024-11-06 09:30,2024-11-06 10:15
957,To do,Corrective-Breakdown-8,System Cleanup and Safety Checks,Corrective,Breakdown,8,1,"15,0",Minutes,"0,0",Minutes,"Electrician, Mecanician, Inspector Senior",7.0,,,In service,Asset Description 108,Good,Avenue de la Renaissance,30.0,1000.0,Brussels,Brussels,Customer 55,1,15,16,2024-11-06 10:15,2024-11-06 10:30
958,To do,Corrective-Breakdown-10,Restore Service,Corrective,Breakdown,10,1,"15,0",Minutes,"0,0",Minutes,"Electrician, Mecanician, Inspector Senior",21.0,,,In service,Asset Description 108,Good,Avenue de la Renaissance,30.0,1000.0,Brussels,Brussels,Customer 55,1,15,16,2024-11-06 10:30,2024-11-06 10:45
959,To do,Corrective-Breakdown-9,Documentation and Reporting,Corrective,Breakdown,9,1,"20,0",Minutes,"0,0",Minutes,"Electrician, Mecanician, Inspector Senior",20.0,,,In service,Asset Description 108,Good,Avenue de la Renaissance,30.0,1000.0,Brussels,Brussels,Customer 55,1,20,16,2024-11-06 12:00,2024-11-06 12:20
961,To do,Corrective-Breakdown-1,Secure the Area,Corrective,Breakdown,1,1,"15,0",Minutes,"0,0",Minutes,"Electrician, Mecanician, Inspector Senior",,,,In service,Asset Description 109,Bad,Rue de la Science,14.0,1040.0,Brussels,Brussels,Customer 56,1,15,16,2024-11-04 07:50,2024-11-04 08:05
962,To do,Corrective-Breakdown-2,Preliminary Inspection,Corrective,Breakdown,2,1,"20,0",Minutes,"0,0",Minutes,"Electrician, Mecanician, Inspector Senior",1.0,,,In service,Asset Description 109,Bad,Rue de la Science,14.0,1040.0,Brussels,Brussels,Customer 56,1,20,16,2024-11-04 08:05,2024-11-04 08:25
963,To do,Corrective-Breakdown-3,Diagnostics and Troubleshooting,Corrective,Breakdown,3,1,"1,0",Hours,"0,0",Minutes,"Electrician, Mecanician, Inspector Senior",2.0,,,In service,Asset Description 109,Bad,Rue de la Science,14.0,1040.0,Brussels,Brussels,Customer 56,1,60,16,2024-11-04 08:25,2024-11-04 09:25
964,To do,Corrective-Breakdown-4,Component Repair or Replacement,Corrective,Breakdown,4,1,"1,0",Hours,"0,0",Minutes,"Electrician, Mecanician, Inspector Senior",3.0,,,In service,Asset Description 109,Bad,Rue de la Science,14.0,1040.0,Brussels,Brussels,Customer 56,1,60,16,2024-11-04 09:25,2024-11-04 10:25
965,To do,Corrective-Breakdown-7,Post-Repair Adjustments,Corrective,Breakdown,7,1,"20,0",Minutes,"0,0",Minutes,"Electrician, Mecanician, Inspector Senior",6.0,,,In service,Asset Description 109,Bad,Rue de la Science,14.0,1040.0,Brussels,Brussels,Customer 56,1,20,16,2024-11-04 10:25,2024-11-04 10:45
966,To do,Corrective-Breakdown-5,Control System Reset,Corrective,Breakdown,5,1,"30,0",Minutes,"0,0",Minutes,"Electrician, Mecanician, Inspector Senior",4.0,,,In service,Asset Description 109,Bad,Rue de la Science,14.0,1040.0,Brussels,Brussels,Customer 56,1,30,16,2024-11-04 12:00,2024-11-04 12:30
967,To do,Corrective-Breakdown-6,Detailed Testing and Validation,Corrective,Breakdown,6,1,"45,0",Minutes,"0,0",Minutes,"Electrician, Mecanician, Inspector Senior",5.0,,,In service,Asset Description 109,Bad,Rue de la Science,14.0,1040.0,Brussels,Brussels,Customer 56,1,45,16,2024-11-04 12:30,2024-11-04 13:15
968,To do,Corrective-Breakdown-8,System Cleanup and Safety Checks,Corrective,Breakdown,8,1,"15,0",Minutes,"0,0",Minutes,"Electrician, Mecanician, Inspector Senior",7.0,,,In service,Asset Description 109,Bad,Rue de la Science,14.0,1040.0,Brussels,Brussels,Customer 56,1,15,16,2024-11-04 10:45,2024-11-04 11:00
969,To do,Corrective-Breakdown-10,Restore Service,Corrective,Breakdown,10,1,"15,0",Minutes,"0,0",Minutes,"Electrician, Mecanician, Inspector Senior",21.0,,,In service,Asset Description 109,Bad,Rue de la Science,14.0,1040.0,Brussels,Brussels,Customer 56,1,15,16,2024-11-04 13:15,2024-11-04 13:30
970,To do,Corrective-Breakdown-9,Documentation and Reporting,Corrective,Breakdown,9,1,"20,0",Minutes,"0,0",Minutes,"Electrician, Mecanician, Inspector Senior",20.0,,,In service,Asset Description 109,Bad,Rue de la Science,14.0,1040.0,Brussels,Brussels,Customer 56,1,20,16,2024-11-04 13:30,2024-11-04 13:50
975,To do,Corrective-Low-1,Diagnostics and Troubleshooting,Corrective,Low,1,4,"30,0",Minutes,"0,0",Minutes,"Electrician, Mecanician, Inspector Junior, Inspector Senior",,,,In service,Asset Description 110,Adequate,Rue de la Loi,200.0,4000.0,Liège,Wallonia,Customer 57,1,30,16,2024-11-11 07:00,2024-11-11 07:30
976,To do,Corrective-Low-2,Component Repair and Replacement,Corrective,Low,2,4,"1,0",Hours,"0,0",Minutes,"Electrician, Mecanician, Inspector Junior, Inspector Senior",8.0,,,In service,Asset Description 110,Adequate,Rue de la Loi,200.0,4000.0,Liège,Wallonia,Customer 57,1,60,16,2024-11-11 07:30,2024-11-11 08:30
977,To do,Corrective-Low-3,Control System Checks,Corrective,Low,3,4,"5,0",Minutes,"0,0",Minutes,"Electrician, Mecanician, Inspector Junior, Inspector Senior",9.0,,,In service,Asset Description 110,Adequate,Rue de la Loi,200.0,4000.0,Liège,Wallonia,Customer 57,1,5,16,2024-11-11 08:30,2024-11-11 08:35
978,To do,Corrective-Low-4,Testing and Validation,Corrective,Low,4,4,"5,0",Minutes,"0,0",Minutes,"Electrician, Mecanician, Inspector Junior, Inspector Senior",10.0,,,In service,Asset Description 110,Adequate,Rue de la Loi,200.0,4000.0,Liège,Wallonia,Customer 57,1,5,16,2024-11-11 08:35,2024-11-11 08:40
979,To do,Corrective-Low-5,Documentation and Reporting,Corrective,Low,5,4,"5,0",Minutes,"0,0",Minutes,"Electrician, Mecanician, Inspector Junior, Inspector Senior",11.0,,,In service,Asset Description 110,Adequate,Rue de la Loi,200.0,4000.0,Liège,Wallonia,Customer 57,1,5,16,2024-11-11 08:40,2024-11-11 08:45
980,To do,Corrective-Low-6,Post-Maintenance Adjustments,Corrective,Low,6,4,"5,0",Minutes,"0,0",Minutes,"Electrician, Mecanician, Inspector Junior, Inspector Senior",12.0,,,In service,Asset Description 110,Adequate,Rue de la Loi,200.0,4000.0,Liège,Wallonia,Customer 57,1,5,16,2024-11-11 08:45,2024-11-11 08:50
981,To do,Corrective-Low-7,System Cleanup and Safety Checks,Corrective,Low,7,4,"10,0",Minutes,"0,0",Minutes,"Electrician, Mecanician, Inspector Junior, Inspector Senior",13.0,,,In service,Asset Description 110,Adequate,Rue de la Loi,200.0,4000.0,Liège,Wallonia,Customer 57,1,10,16,2024-11-11 08:50,2024-11-11 09:00
983,To do,Corrective-Low-1,Diagnostics and Troubleshooting,Corrective,Low,1,4,"30,0",Minutes,"0,0",Minutes,"Electrician, Mecanician, Inspector Junior, Inspector Senior",,,,In service,Asset Description 111,Bad,Av. Baron de Moreau,1.0,5000.0,Namur,Wallonia,Customer 58,1,30,11,2024-11-08 12:15,2024-11-08 12:45
984,To do,Corrective-Low-2,Component Repair and Replacement,Corrective,Low,2,4,"1,0",Hours,"0,0",Minutes,"Electrician, Mecanician, Inspector Junior, Inspector Senior",8.0,,,In service,Asset Description 111,Bad,Av. Baron de Moreau,1.0,5000.0,Namur,Wallonia,Customer 58,1,60,11,2024-11-08 12:45,2024-11-08 13:45
985,To do,Corrective-Low-3,Control System Checks,Corrective,Low,3,4,"5,0",Minutes,"0,0",Minutes,"Electrician, Mecanician, Inspector Junior, Inspector Senior",9.0,,,In service,Asset Description 111,Bad,Av. Baron de Moreau,1.0,5000.0,Namur,Wallonia,Customer 58,1,5,11,2024-11-08 13:45,2024-11-08 13:50
986,To do,Corrective-Low-4,Testing and Validation,Corrective,Low,4,4,"5,0",Minutes,"0,0",Minutes,"Electrician, Mecanician, Inspector Junior, Inspector Senior",10.0,,,In service,Asset Description 111,Bad,Av. Baron de Moreau,1.0,5000.0,Namur,Wallonia,Customer 58,1,5,11,2024-11-08 13:50,2024-11-08 13:55
987,To do,Corrective-Low-5,Documentation and Reporting,Corrective,Low,5,4,"5,0",Minutes,"0,0",Minutes,"Electrician, Mecanician, Inspector Junior, Inspector Senior",11.0,,,In service,Asset Description 111,Bad,Av. Baron de Moreau,1.0,5000.0,Namur,Wallonia,Customer 58,1,5,11,2024-11-08 13:55,2024-11-08 14:00
988,To do,Corrective-Low-6,Post-Maintenance Adjustments,Corrective,Low,6,4,"5,0",Minutes,"0,0",Minutes,"Electrician, Mecanician, Inspector Junior, Inspector Senior",12.0,,,In service,Asset Description 111,Bad,Av. Baron de Moreau,1.0,5000.0,Namur,Wallonia,Customer 58,1,5,11,2024-11-08 14:00,2024-11-08 14:05
989,To do,Corrective-Low-7,System Cleanup and Safety Checks,Corrective,Low,7,4,"10,0",Minutes,"0,0",Minutes,"Electrician, Mecanician, Inspector Junior, Inspector Senior",13.0,,,In service,Asset Description 111,Bad,Av. Baron de Moreau,1.0,5000.0,Namur,Wallonia,Customer 58,1,10,11,2024-11-08 14:05,2024-11-08 14:15
990,To do,Corrective-Low-1,Diagnostics and Troubleshooting,Corrective,Low,1,4,"30,0",Minutes,"0,0",Minutes,"Electrician, Mecanician, Inspector Junior, Inspector Senior",,,,In service,Asset Description 112,Adequate,Rue de la Science,14.0,6000.0,Charleroi,Wallonia,Customer 55,1,30,16,2024-11-11 09:00,2024-11-11 09:30
991,To do,Corrective-Low-2,Component Repair and Replacement,Corrective,Low,2,4,"1,0",Hours,"0,0",Minutes,"Electrician, Mecanician, Inspector Junior, Inspector Senior",8.0,,,In service,Asset Description 112,Adequate,Rue de la Science,14.0,6000.0,Charleroi,Wallonia,Customer 55,1,60,16,2024-11-11 09:30,2024-11-11 10:30
992,To do,Corrective-Low-3,Control System Checks,Corrective,Low,3,4,"5,0",Minutes,"0,0",Minutes,"Electrician, Mecanician, Inspector Junior, Inspector Senior",9.0,,,In service,Asset Description 112,Adequate,Rue de la Science,14.0,6000.0,Charleroi,Wallonia,Customer 55,1,5,16,2024-11-11 10:30,2024-11-11 10:35
993,To do,Corrective-Low-4,Testing and Validation,Corrective,Low,4,4,"5,0",Minutes,"0,0",Minutes,"Electrician, Mecanician, Inspector Junior, Inspector Senior",10.0,,,In service,Asset Description 112,Adequate,Rue de la Science,14.0,6000.0,Charleroi,Wallonia,Customer 55,1,5,16,2024-11-11 10:35,2024-11-11 10:40
994,To do,Corrective-Low-5,Documentation and Reporting,Corrective,Low,5,4,"5,0",Minutes,"0,0",Minutes,"Electrician, Mecanician, Inspector Junior, Inspector Senior",11.0,,,In service,Asset Description 112,Adequate,Rue de la Science,14.0,6000.0,Charleroi,Wallonia,Customer 55,1,5,16,2024-11-11 10:40,2024-11-11 10:45
995,To do,Corrective-Low-6,Post-Maintenance Adjustments,Corrective,Low,6,4,"5,0",Minutes,"0,0",Minutes,"Electrician, Mecanician, Inspector Junior, Inspector Senior",12.0,,,In service,Asset Description 112,Adequate,Rue de la Science,14.0,6000.0,Charleroi,Wallonia,Customer 55,1,5,16,2024-11-11 10:45,2024-11-11 10:50
996,To do,Corrective-Low-7,System Cleanup and Safety Checks,Corrective,Low,7,4,"10,0",Minutes,"0,0",Minutes,"Electrician, Mecanician, Inspector Junior, Inspector Senior",13.0,,,In service,Asset Description 112,Adequate,Rue de la Science,14.0,6000.0,Charleroi,Wallonia,Customer 55,1,10,16,2024-11-11 10:50,2024-11-11 11:00
997,To do,Corrective-Low-1,Diagnostics and Troubleshooting,Corrective,Low,1,4,"30,0",Minutes,"0,0",Minutes,"Electrician, Mecanician, Inspector Junior, Inspector Senior",,,,In service,Asset Description 113,Bad,Rue Belliard,99.0,1040.0,Brussels,Brussels,Customer 56,1,30,11,2024-11-08 14:15,2024-11-08 14:45
998,To do,Corrective-Low-2,Component Repair and Replacement,Corrective,Low,2,4,"1,0",Hours,"0,0",Minutes,"Electrician, Mecanician, Inspector Junior, Inspector Senior",8.0,,,In service,Asset Description 113,Bad,Rue Belliard,99.0,1040.0,Brussels,Brussels,Customer 56,1,60,11,2024-11-08 14:45,2024-11-08 15:45
999,To do,Corrective-Low-3,Control System Checks,Corrective,Low,3,4,"5,0",Minutes,"0,0",Minutes,"Electrician, Mecanician, Inspector Junior, Inspector Senior",9.0,,,In service,Asset Description 113,Bad,Rue Belliard,99.0,1040.0,Brussels,Brussels,Customer 56,1,5,11,2024-11-08 15:45,2024-11-08 15:50
1000,To do,Corrective-Low-4,Testing and Validation,Corrective,Low,4,4,"5,0",Minutes,"0,0",Minutes,"Electrician, Mecanician, Inspector Junior, Inspector Senior",10.0,,,In service,Asset Description 113,Bad,Rue Belliard,99.0,1040.0,Brussels,Brussels,Customer 56,1,5,11,2024-11-08 15:50,2024-11-08 15:55
1001,To do,Corrective-Low-5,Documentation and Reporting,Corrective,Low,5,4,"5,0",Minutes,"0,0",Minutes,"Electrician, Mecanician, Inspector Junior, Inspector Senior",11.0,,,In service,Asset Description 113,Bad,Rue Belliard,99.0,1040.0,Brussels,Brussels,Customer 56,1,5,11,2024-11-08 15:55,2024-11-08 16:00
1002,To do,Corrective-Low-6,Post-Maintenance Adjustments,Corrective,Low,6,4,"5,0",Minutes,"0,0",Minutes,"Electrician, Mecanician, Inspector Junior, Inspector Senior",12.0,,,In service,Asset Description 113,Bad,Rue Belliard,99.0,1040.0,Brussels,Brussels,Customer 56,1,5,11,2024-11-08 16:00,2024-11-08 16:05
1003,To do,Corrective-Low-7,System Cleanup and Safety Checks,Corrective,Low,7,4,"10,0",Minutes,"0,0",Minutes,"Electrician, Mecanician, Inspector Junior, Inspector Senior",13.0,,,In service,Asset Description 113,Bad,Rue Belliard,99.0,1040.0,Brussels,Brussels,Customer 56,1,10,11,2024-11-08 16:05,2024-11-08 16:15
1004,To do,Corrective-Low-1,Diagnostics and Troubleshooting,Corrective,Low,1,4,"30,0",Minutes,"0,0",Minutes,"Electrician, Mecanician, Inspector Junior, Inspector Senior",,,,In service,Asset Description 114,Good,Avenue de la Joyeuse Entrée,1.0,1040.0,Brussels,Brussels,Customer 57,1,30,11,2024-11-12 14:00,2024-11-12 14:30
1005,To do,Corrective-Low-2,Component Repair and Replacement,Corrective,Low,2,4,"1,0",Hours,"0,0",Minutes,"Electrician, Mecanician, Inspector Junior, Inspector Senior",8.0,,,In service,Asset Description 114,Good,Avenue de la Joyeuse Entrée,1.0,1040.0,Brussels,Brussels,Customer 57,1,60,11,2024-11-12 14:30,2024-11-12 15:30
1006,To do,Corrective-Low-3,Control System Checks,Corrective,Low,3,4,"5,0",Minutes,"0,0",Minutes,"Electrician, Mecanician, Inspector Junior, Inspector Senior",9.0,,,In service,Asset Description 114,Good,Avenue de la Joyeuse Entrée,1.0,1040.0,Brussels,Brussels,Customer 57,1,5,11,2024-11-12 15:30,2024-11-12 15:35
1007,To do,Corrective-Low-4,Testing and Validation,Corrective,Low,4,4,"5,0",Minutes,"0,0",Minutes,"Electrician, Mecanician, Inspector Junior, Inspector Senior",10.0,,,In service,Asset Description 114,Good,Avenue de la Joyeuse Entrée,1.0,1040.0,Brussels,Brussels,Customer 57,1,5,11,2024-11-12 15:35,2024-11-12 15:40
1008,To do,Corrective-Low-5,Documentation and Reporting,Corrective,Low,5,4,"5,0",Minutes,"0,0",Minutes,"Electrician, Mecanician, Inspector Junior, Inspector Senior",11.0,,,In service,Asset Description 114,Good,Avenue de la Joyeuse Entrée,1.0,1040.0,Brussels,Brussels,Customer 57,1,5,11,2024-11-12 15:40,2024-11-12 15:45
1009,To do,Corrective-Low-6,Post-Maintenance Adjustments,Corrective,Low,6,4,"5,0",Minutes,"0,0",Minutes,"Electrician, Mecanician, Inspector Junior, Inspector Senior",12.0,,,In service,Asset Description 114,Good,Avenue de la Joyeuse Entrée,1.0,1040.0,Brussels,Brussels,Customer 57,1,5,11,2024-11-12 15:45,2024-11-12 15:50
1010,To do,Corrective-Low-7,System Cleanup and Safety Checks,Corrective,Low,7,4,"10,0",Minutes,"0,0",Minutes,"Electrician, Mecanician, Inspector Junior, Inspector Senior",13.0,,,In service,Asset Description 114,Good,Avenue de la Joyeuse Entrée,1.0,1040.0,Brussels,Brussels,Customer 57,1,10,11,2024-11-12 15:50,2024-11-12 16:00
1011,To do,Corrective-Low-1,Diagnostics and Troubleshooting,Corrective,Low,1,4,"30,0",Minutes,"0,0",Minutes,"Electrician, Mecanician, Inspector Junior, Inspector Senior",,,,In service,Asset Description 115,Good,Rue de la Loi,200.0,1000.0,Brussels,Brussels,Customer 58,1,30,11,2024-11-12 16:00,2024-11-12 16:30
1012,To do,Corrective-Low-2,Component Repair and Replacement,Corrective,Low,2,4,"1,0",Hours,"0,0",Minutes,"Electrician, Mecanician, Inspector Junior, Inspector Senior",8.0,,,In service,Asset Description 115,Good,Rue de la Loi,200.0,1000.0,Brussels,Brussels,Customer 58,1,60,12,2024-11-12 07:00,2024-11-12 08:00
1013,To do,Corrective-Low-3,Control System Checks,Corrective,Low,3,4,"5,0",Minutes,"0,0",Minutes,"Electrician, Mecanician, Inspector Junior, Inspector Senior",9.0,,,In service,Asset Description 115,Good,Rue de la Loi,200.0,1000.0,Brussels,Brussels,Customer 58,1,5,11,2024-11-12 16:30,2024-11-12 16:35
1014,To do,Corrective-Low-4,Testing and Validation,Corrective,Low,4,4,"5,0",Minutes,"0,0",Minutes,"Electrician, Mecanician, Inspector Junior, Inspector Senior",10.0,,,In service,Asset Description 115,Good,Rue de la Loi,200.0,1000.0,Brussels,Brussels,Customer 58,1,5,11,2024-11-12 16:35,2024-11-12 16:40
1015,To do,Corrective-Low-5,Documentation and Reporting,Corrective,Low,5,4,"5,0",Minutes,"0,0",Minutes,"Electrician, Mecanician, Inspector Junior, Inspector Senior",11.0,,,In service,Asset Description 115,Good,Rue de la Loi,200.0,1000.0,Brussels,Brussels,Customer 58,1,5,11,2024-11-12 16:40,2024-11-12 16:45
1016,To do,Corrective-Low-6,Post-Maintenance Adjustments,Corrective,Low,6,4,"5,0",Minutes,"0,0",Minutes,"Electrician, Mecanician, Inspector Junior, Inspector Senior",12.0,,,In service,Asset Description 115,Good,Rue de la Loi,200.0,1000.0,Brussels,Brussels,Customer 58,1,5,11,2024-11-12 16:45,2024-11-12 16:50
1017,To do,Corrective-Low-7,System Cleanup and Safety Checks,Corrective,Low,7,4,"10,0",Minutes,"0,0",Minutes,"Electrician, Mecanician, Inspector Junior, Inspector Senior",13.0,,,In service,Asset Description 115,Good,Rue de la Loi,200.0,1000.0,Brussels,Brussels,Customer 58,1,10,11,2024-11-12 16:50,2024-11-12 17:00
1018,To do,Corrective-Low-1,Diagnostics and Troubleshooting,Corrective,Low,1,4,"30,0",Minutes,"0,0",Minutes,"Electrician, Mecanician, Inspector Junior, Inspector Senior",,,,In service,Asset Description 116,Good,Av. Thomas Edison,30.0,7000.0,Mons,Wallonia,Customer 51,1,30,12,2024-11-12 08:00,2024-11-12 08:30
1019,To do,Corrective-Low-2,Component Repair and Replacement,Corrective,Low,2,4,"1,0",Hours,"0,0",Minutes,"Electrician, Mecanician, Inspector Junior, Inspector Senior",8.0,,,In service,Asset Description 116,Good,Av. Thomas Edison,30.0,7000.0,Mons,Wallonia,Customer 51,1,60,12,2024-11-12 08:30,2024-11-12 09:30
1020,To do,Corrective-Low-3,Control System Checks,Corrective,Low,3,4,"5,0",Minutes,"0,0",Minutes,"Electrician, Mecanician, Inspector Junior, Inspector Senior",9.0,,,In service,Asset Description 116,Good,Av. Thomas Edison,30.0,7000.0,Mons,Wallonia,Customer 51,1,5,12,2024-11-12 09:30,2024-11-12 09:35
1021,To do,Corrective-Low-4,Testing and Validation,Corrective,Low,4,4,"5,0",Minutes,"0,0",Minutes,"Electrician, Mecanician, Inspector Junior, Inspector Senior",10.0,,,In service,Asset Description 116,Good,Av. Thomas Edison,30.0,7000.0,Mons,Wallonia,Customer 51,1,5,12,2024-11-12 09:35,2024-11-12 09:40
1022,To do,Corrective-Low-5,Documentation and Reporting,Corrective,Low,5,4,"5,0",Minutes,"0,0",Minutes,"Electrician, Mecanician, Inspector Junior, Inspector Senior",11.0,,,In service,Asset Description 116,Good,Av. Thomas Edison,30.0,7000.0,Mons,Wallonia,Customer 51,1,5,12,2024-11-12 09:40,2024-11-12 09:45
1023,To do,Corrective-Low-6,Post-Maintenance Adjustments,Corrective,Low,6,4,"5,0",Minutes,"0,0",Minutes,"Electrician, Mecanician, Inspector Junior, Inspector Senior",12.0,,,In service,Asset Description 116,Good,Av. Thomas Edison,30.0,7000.0,Mons,Wallonia,Customer 51,1,5,12,2024-11-12 09:45,2024-11-12 09:50
1024,To do,Corrective-Low-7,System Cleanup and Safety Checks,Corrective,Low,7,4,"10,0",Minutes,"0,0",Minutes,"Electrician, Mecanician, Inspector Junior, Inspector Senior",13.0,,,In service,Asset Description 116,Good,Av. Thomas Edison,30.0,7000.0,Mons,Wallonia,Customer 51,1,10,12,2024-11-12 09:50,2024-11-12 10:00
1025,To do,Corrective-Low-1,Diagnostics and Troubleshooting,Corrective,Low,1,4,"30,0",Minutes,"0,0",Minutes,"Electrician, Mecanician, Inspector Junior, Inspector Senior",,,,In service,Asset Description 117,Bad,Rue de Gaillarmont ,600.0,4030.0,Liège,Wallonia,Customer 52,1,30,11,2024-11-08 16:15,2024-11-08 16:45
1026,To do,Corrective-Low-2,Component Repair and Replacement,Corrective,Low,2,4,"1,0",Hours,"0,0",Minutes,"Electrician, Mecanician, Inspector Junior, Inspector Senior",8.0,,,In service,Asset Description 117,Bad,Rue de Gaillarmont ,600.0,4030.0,Liège,Wallonia,Customer 52,1,60,12,2024-11-08 07:00,2024-11-08 08:00
1027,To do,Corrective-Low-3,Control System Checks,Corrective,Low,3,4,"5,0",Minutes,"0,0",Minutes,"Electrician, Mecanician, Inspector Junior, Inspector Senior",9.0,,,In service,Asset Description 117,Bad,Rue de Gaillarmont ,600.0,4030.0,Liège,Wallonia,Customer 52,1,5,11,2024-11-08 16:45,2024-11-08 16:50
1028,To do,Corrective-Low-4,Testing and Validation,Corrective,Low,4,4,"5,0",Minutes,"0,0",Minutes,"Electrician, Mecanician, Inspector Junior, Inspector Senior",10.0,,,In service,Asset Description 117,Bad,Rue de Gaillarmont ,600.0,4030.0,Liège,Wallonia,Customer 52,1,5,11,2024-11-08 16:50,2024-11-08 16:55
1029,To do,Corrective-Low-5,Documentation and Reporting,Corrective,Low,5,4,"5,0",Minutes,"0,0",Minutes,"Electrician, Mecanician, Inspector Junior, Inspector Senior",11.0,,,In service,Asset Description 117,Bad,Rue de Gaillarmont ,600.0,4030.0,Liège,Wallonia,Customer 52,1,5,11,2024-11-08 16:55,2024-11-08 17:00
1030,To do,Corrective-Low-6,Post-Maintenance Adjustments,Corrective,Low,6,4,"5,0",Minutes,"0,0",Minutes,"Electrician, Mecanician, Inspector Junior, Inspector Senior",12.0,,,In service,Asset Description 117,Bad,Rue de Gaillarmont ,600.0,4030.0,Liège,Wallonia,Customer 52,1,5,12,2024-11-08 08:00,2024-11-08 08:05
1031,To do,Corrective-Low-7,System Cleanup and Safety Checks,Corrective,Low,7,4,"10,0",Minutes,"0,0",Minutes,"Electrician, Mecanician, Inspector Junior, Inspector Senior",13.0,,,In service,Asset Description 117,Bad,Rue de Gaillarmont ,600.0,4030.0,Liège,Wallonia,Customer 52,1,10,12,2024-11-08 08:05,2024-11-08 08:15
1032,To do,Corrective-Low-1,Diagnostics and Troubleshooting,Corrective,Low,1,4,"30,0",Minutes,"0,0",Minutes,"Electrician, Mecanician, Inspector Junior, Inspector Senior",,,,In service,Asset Description 118,Adequate,Rue de Géronsart ,148.0,5100.0,Namur,Wallonia,Customer 53,1,30,16,2024-11-11 12:00,2024-11-11 12:30
1033,To do,Corrective-Low-2,Component Repair and Replacement,Corrective,Low,2,4,"1,0",Hours,"0,0",Minutes,"Electrician, Mecanician, Inspector Junior, Inspector Senior",8.0,,,In service,Asset Description 118,Adequate,Rue de Géronsart ,148.0,5100.0,Namur,Wallonia,Customer 53,1,60,16,2024-11-11 12:30,2024-11-11 13:30
1034,To do,Corrective-Low-3,Control System Checks,Corrective,Low,3,4,"5,0",Minutes,"0,0",Minutes,"Electrician, Mecanician, Inspector Junior, Inspector Senior",9.0,,,In service,Asset Description 118,Adequate,Rue de Géronsart ,148.0,5100.0,Namur,Wallonia,Customer 53,1,5,16,2024-11-11 13:30,2024-11-11 13:35
1035,To do,Corrective-Low-4,Testing and Validation,Corrective,Low,4,4,"5,0",Minutes,"0,0",Minutes,"Electrician, Mecanician, Inspector Junior, Inspector Senior",10.0,,,In service,Asset Description 118,Adequate,Rue de Géronsart ,148.0,5100.0,Namur,Wallonia,Customer 53,1,5,16,2024-11-11 13:35,2024-11-11 13:40
1036,To do,Corrective-Low-5,Documentation and Reporting,Corrective,Low,5,4,"5,0",Minutes,"0,0",Minutes,"Electrician, Mecanician, Inspector Junior, Inspector Senior",11.0,,,In service,Asset Description 118,Adequate,Rue de Géronsart ,148.0,5100.0,Namur,Wallonia,Customer 53,1,5,16,2024-11-11 13:40,2024-11-11 13:45
1037,To do,Corrective-Low-6,Post-Maintenance Adjustments,Corrective,Low,6,4,"5,0",Minutes,"0,0",Minutes,"Electrician, Mecanician, Inspector Junior, Inspector Senior",12.0,,,In service,Asset Description 118,Adequate,Rue de Géronsart ,148.0,5100.0,Namur,Wallonia,Customer 53,1,5,16,2024-11-11 13:45,2024-11-11 13:50
1038,To do,Corrective-Low-7,System Cleanup and Safety Checks,Corrective,Low,7,4,"10,0",Minutes,"0,0",Minutes,"Electrician, Mecanician, Inspector Junior, Inspector Senior",13.0,,,In service,Asset Description 118,Adequate,Rue de Géronsart ,148.0,5100.0,Namur,Wallonia,Customer 53,1,10,16,2024-11-11 13:50,2024-11-11 14:00
1039,To do,Corrective-Low-1,Diagnostics and Troubleshooting,Corrective,Low,1,4,"30,0",Minutes,"0,0",Minutes,"Electrician, Mecanician, Inspector Junior, Inspector Senior",,,,In service,Asset Description 119,Bad,Rue de Villers,1.0,6280.0,Charleroi,Wallonia,Customer 54,1,30,12,2024-11-08 08:15,2024-11-08 08:45
1040,To do,Corrective-Low-2,Component Repair and Replacement,Corrective,Low,2,4,"1,0",Hours,"0,0",Minutes,"Electrician, Mecanician, Inspector Junior, Inspector Senior",8.0,,,In service,Asset Description 119,Bad,Rue de Villers,1.0,6280.0,Charleroi,Wallonia,Customer 54,1,60,12,2024-11-08 08:45,2024-11-08 09:45
1041,To do,Corrective-Low-3,Control System Checks,Corrective,Low,3,4,"5,0",Minutes,"0,0",Minutes,"Electrician, Mecanician, Inspector Junior, Inspector Senior",9.0,,,In service,Asset Description 119,Bad,Rue de Villers,1.0,6280.0,Charleroi,Wallonia,Customer 54,1,5,12,2024-11-08 09:45,2024-11-08 09:50
1042,To do,Corrective-Low-4,Testing and Validation,Corrective,Low,4,4,"5,0",Minutes,"0,0",Minutes,"Electrician, Mecanician, Inspector Junior, Inspector Senior",10.0,,,In service,Asset Description 119,Bad,Rue de Villers,1.0,6280.0,Charleroi,Wallonia,Customer 54,1,5,12,2024-11-08 09:50,2024-11-08 09:55
1043,To do,Corrective-Low-5,Documentation and Reporting,Corrective,Low,5,4,"5,0",Minutes,"0,0",Minutes,"Electrician, Mecanician, Inspector Junior, Inspector Senior",11.0,,,In service,Asset Description 119,Bad,Rue de Villers,1.0,6280.0,Charleroi,Wallonia,Customer 54,1,5,12,2024-11-08 09:55,2024-11-08 10:00
1044,To do,Corrective-Low-6,Post-Maintenance Adjustments,Corrective,Low,6,4,"5,0",Minutes,"0,0",Minutes,"Electrician, Mecanician, Inspector Junior, Inspector Senior",12.0,,,In service,Asset Description 119,Bad,Rue de Villers,1.0,6280.0,Charleroi,Wallonia,Customer 54,1,5,12,2024-11-08 10:00,2024-11-08 10:05
1045,To do,Corrective-Low-7,System Cleanup and Safety Checks,Corrective,Low,7,4,"10,0",Minutes,"0,0",Minutes,"Electrician, Mecanician, Inspector Junior, Inspector Senior",13.0,,,In service,Asset Description 119,Bad,Rue de Villers,1.0,6280.0,Charleroi,Wallonia,Customer 54,1,10,12,2024-11-08 10:05,2024-11-08 10:15
1046,To do,Corrective-Low-1,Diagnostics and Troubleshooting,Corrective,Low,1,4,"30,0",Minutes,"0,0",Minutes,"Electrician, Mecanician, Inspector Junior, Inspector Senior",,,,In service,Asset Description 120,Adequate,Avenue de la Renaissance,30.0,1000.0,Brussels,Brussels,Customer 55,1,30,16,2024-11-11 14:00,2024-11-11 14:30
1047,To do,Corrective-Low-2,Component Repair and Replacement,Corrective,Low,2,4,"1,0",Hours,"0,0",Minutes,"Electrician, Mecanician, Inspector Junior, Inspector Senior",8.0,,,In service,Asset Description 120,Adequate,Avenue de la Renaissance,30.0,1000.0,Brussels,Brussels,Customer 55,1,60,16,2024-11-11 14:30,2024-11-11 15:30
1048,To do,Corrective-Low-3,Control System Checks,Corrective,Low,3,4,"5,0",Minutes,"0,0",Minutes,"Electrician, Mecanician, Inspector Junior, Inspector Senior",9.0,,,In service,Asset Description 120,Adequate,Avenue de la Renaissance,30.0,1000.0,Brussels,Brussels,Customer 55,1,5,16,2024-11-11 15:30,2024-11-11 15:35
1049,To do,Corrective-Low-4,Testing and Validation,Corrective,Low,4,4,"5,0",Minutes,"0,0",Minutes,"Electrician, Mecanician, Inspector Junior, Inspector Senior",10.0,,,In service,Asset Description 120,Adequate,Avenue de la Renaissance,30.0,1000.0,Brussels,Brussels,Customer 55,1,5,16,2024-11-11 15:35,2024-11-11 15:40
1050,To do,Corrective-Low-5,Documentation and Reporting,Corrective,Low,5,4,"5,0",Minutes,"0,0",Minutes,"Electrician, Mecanician, Inspector Junior, Inspector Senior",11.0,,,In service,Asset Description 120,Adequate,Avenue de la Renaissance,30.0,1000.0,Brussels,Brussels,Customer 55,1,5,16,2024-11-11 15:40,2024-11-11 15:45
1051,To do,Corrective-Low-6,Post-Maintenance Adjustments,Corrective,Low,6,4,"5,0",Minutes,"0,0",Minutes,"Electrician, Mecanician, Inspector Junior, Inspector Senior",12.0,,,In service,Asset Description 120,Adequate,Avenue de la Renaissance,30.0,1000.0,Brussels,Brussels,Customer 55,1,5,16,2024-11-11 15:45,2024-11-11 15:50
1052,To do,Corrective-Low-7,System Cleanup and Safety Checks,Corrective,Low,7,4,"10,0",Minutes,"0,0",Minutes,"Electrician, Mecanician, Inspector Junior, Inspector Senior",13.0,,,In service,Asset Description 120,Adequate,Avenue de la Renaissance,30.0,1000.0,Brussels,Brussels,Customer 55,1,10,16,2024-11-11 15:50,2024-11-11 16:00
1060,To do,Corrective-Low-1,Diagnostics and Troubleshooting,Corrective,Low,1,4,"30,0",Minutes,"0,0",Minutes,"Electrician, Mecanician, Inspector Junior, Inspector Senior",,,,In service,Asset Description 122,Good,Rue Belliard,99.0,1040.0,Brussels,Brussels,Customer 57,1,30,12,2024-11-12 10:00,2024-11-12 10:30
1061,To do,Corrective-Low-2,Component Repair and Replacement,Corrective,Low,2,4,"1,0",Hours,"0,0",Minutes,"Electrician, Mecanician, Inspector Junior, Inspector Senior",8.0,,,In service,Asset Description 122,Good,Rue Belliard,99.0,1040.0,Brussels,Brussels,Customer 57,1,60,12,2024-11-12 12:00,2024-11-12 13:00
1062,To do,Corrective-Low-3,Control System Checks,Corrective,Low,3,4,"5,0",Minutes,"0,0",Minutes,"Electrician, Mecanician, Inspector Junior, Inspector Senior",9.0,,,In service,Asset Description 122,Good,Rue Belliard,99.0,1040.0,Brussels,Brussels,Customer 57,1,5,12,2024-11-12 10:30,2024-11-12 10:35
1063,To do,Corrective-Low-4,Testing and Validation,Corrective,Low,4,4,"5,0",Minutes,"0,0",Minutes,"Electrician, Mecanician, Inspector Junior, Inspector Senior",10.0,,,In service,Asset Description 122,Good,Rue Belliard,99.0,1040.0,Brussels,Brussels,Customer 57,1,5,12,2024-11-12 10:35,2024-11-12 10:40
1064,To do,Corrective-Low-5,Documentation and Reporting,Corrective,Low,5,4,"5,0",Minutes,"0,0",Minutes,"Electrician, Mecanician, Inspector Junior, Inspector Senior",11.0,,,In service,Asset Description 122,Good,Rue Belliard,99.0,1040.0,Brussels,Brussels,Customer 57,1,5,12,2024-11-12 10:40,2024-11-12 10:45
1065,To do,Corrective-Low-6,Post-Maintenance Adjustments,Corrective,Low,6,4,"5,0",Minutes,"0,0",Minutes,"Electrician, Mecanician, Inspector Junior, Inspector Senior",12.0,,,In service,Asset Description 122,Good,Rue Belliard,99.0,1040.0,Brussels,Brussels,Customer 57,1,5,12,2024-11-12 10:45,2024-11-12 10:50
1066,To do,Corrective-Low-7,System Cleanup and Safety Checks,Corrective,Low,7,4,"10,0",Minutes,"0,0",Minutes,"Electrician, Mecanician, Inspector Junior, Inspector Senior",13.0,,,In service,Asset Description 122,Good,Rue Belliard,99.0,1040.0,Brussels,Brussels,Customer 57,1,10,12,2024-11-12 10:50,2024-11-12 11:00
1067,To do,Corrective-Low-1,Diagnostics and Troubleshooting,Corrective,Low,1,4,"30,0",Minutes,"0,0",Minutes,"Electrician, Mecanician, Inspector Junior, Inspector Senior",,,,In service,Asset Description 123,Good,Avenue de la Joyeuse Entrée,1.0,1040.0,Brussels,Brussels,Customer 58,1,30,12,2024-11-12 13:00,2024-11-12 13:30
1068,To do,Corrective-Low-2,Component Repair and Replacement,Corrective,Low,2,4,"1,0",Hours,"0,0",Minutes,"Electrician, Mecanician, Inspector Junior, Inspector Senior",8.0,,,In service,Asset Description 123,Good,Avenue de la Joyeuse Entrée,1.0,1040.0,Brussels,Brussels,Customer 58,1,60,12,2024-11-12 13:30,2024-11-12 14:30
1069,To do,Corrective-Low-3,Control System Checks,Corrective,Low,3,4,"5,0",Minutes,"0,0",Minutes,"Electrician, Mecanician, Inspector Junior, Inspector Senior",9.0,,,In service,Asset Description 123,Good,Avenue de la Joyeuse Entrée,1.0,1040.0,Brussels,Brussels,Customer 58,1,5,12,2024-11-12 14:30,2024-11-12 14:35
1070,To do,Corrective-Low-4,Testing and Validation,Corrective,Low,4,4,"5,0",Minutes,"0,0",Minutes,"Electrician, Mecanician, Inspector Junior, Inspector Senior",10.0,,,In service,Asset Description 123,Good,Avenue de la Joyeuse Entrée,1.0,1040.0,Brussels,Brussels,Customer 58,1,5,12,2024-11-12 14:35,2024-11-12 14:40
1071,To do,Corrective-Low-5,Documentation and Reporting,Corrective,Low,5,4,"5,0",Minutes,"0,0",Minutes,"Electrician, Mecanician, Inspector Junior, Inspector Senior",11.0,,,In service,Asset Description 123,Good,Avenue de la Joyeuse Entrée,1.0,1040.0,Brussels,Brussels,Customer 58,1,5,12,2024-11-12 14:40,2024-11-12 14:45
1072,To do,Corrective-Low-6,Post-Maintenance Adjustments,Corrective,Low,6,4,"5,0",Minutes,"0,0",Minutes,"Electrician, Mecanician, Inspector Junior, Inspector Senior",12.0,,,In service,Asset Description 123,Good,Avenue de la Joyeuse Entrée,1.0,1040.0,Brussels,Brussels,Customer 58,1,5,12,2024-11-12 14:45,2024-11-12 14:50
1073,To do,Corrective-Low-7,System Cleanup and Safety Checks,Corrective,Low,7,4,"10,0",Minutes,"0,0",Minutes,"Electrician, Mecanician, Inspector Junior, Inspector Senior",13.0,,,In service,Asset Description 123,Good,Avenue de la Joyeuse Entrée,1.0,1040.0,Brussels,Brussels,Customer 58,1,10,12,2024-11-12 14:50,2024-11-12 15:00
1074,To do,Corrective-Low-1,Diagnostics and Troubleshooting,Corrective,Low,1,4,"30,0",Minutes,"0,0",Minutes,"Electrician, Mecanician, Inspector Junior, Inspector Senior",,,,In service,Asset Description 124,Good,Rue de la Loi,200.0,1000.0,Brussels,Brussels,Customer 59,1,30,12,2024-11-12 15:00,2024-11-12 15:30
1075,To do,Corrective-Low-2,Component Repair and Replacement,Corrective,Low,2,4,"1,0",Hours,"0,0",Minutes,"Electrician, Mecanician, Inspector Junior, Inspector Senior",8.0,,,In service,Asset Description 124,Good,Rue de la Loi,200.0,1000.0,Brussels,Brussels,Customer 59,1,60,12,2024-11-12 15:30,2024-11-12 16:30
1076,To do,Corrective-Low-3,Control System Checks,Corrective,Low,3,4,"5,0",Minutes,"0,0",Minutes,"Electrician, Mecanician, Inspector Junior, Inspector Senior",9.0,,,In service,Asset Description 124,Good,Rue de la Loi,200.0,1000.0,Brussels,Brussels,Customer 59,1,5,12,2024-11-12 16:30,2024-11-12 16:35
1077,To do,Corrective-Low-4,Testing and Validation,Corrective,Low,4,4,"5,0",Minutes,"0,0",Minutes,"Electrician, Mecanician, Inspector Junior, Inspector Senior",10.0,,,In service,Asset Description 124,Good,Rue de la Loi,200.0,1000.0,Brussels,Brussels,Customer 59,1,5,12,2024-11-12 16:35,2024-11-12 16:40
1078,To do,Corrective-Low-5,Documentation and Reporting,Corrective,Low,5,4,"5,0",Minutes,"0,0",Minutes,"Electrician, Mecanician, Inspector Junior, Inspector Senior",11.0,,,In service,Asset Description 124,Good,Rue de la Loi,200.0,1000.0,Brussels,Brussels,Customer 59,1,5,12,2024-11-12 16:40,2024-11-12 16:45
1079,To do,Corrective-Low-6,Post-Maintenance Adjustments,Corrective,Low,6,4,"5,0",Minutes,"0,0",Minutes,"Electrician, Mecanician, Inspector Junior, Inspector Senior",12.0,,,In service,Asset Description 124,Good,Rue de la Loi,200.0,1000.0,Brussels,Brussels,Customer 59,1,5,12,2024-11-12 16:45,2024-11-12 16:50
1080,To do,Corrective-Low-7,System Cleanup and Safety Checks,Corrective,Low,7,4,"10,0",Minutes,"0,0",Minutes,"Electrician, Mecanician, Inspector Junior, Inspector Senior",13.0,,,In service,Asset Description 124,Good,Rue de la Loi,200.0,1000.0,Brussels,Brussels,Customer 59,1,10,12,2024-11-12 16:50,2024-11-12 17:00
1081,To do,Corrective-Low-1,Diagnostics and Troubleshooting,Corrective,Low,1,4,"30,0",Minutes,"0,0",Minutes,"Electrician, Mecanician, Inspector Junior, Inspector Senior",,,,In service,Asset Description 125,Bad,Avenue de la Renaissance,30.0,1000.0,Brussels,Brussels,Customer 60,1,30,12,2024-11-08 10:15,2024-11-08 10:45
1082,To do,Corrective-Low-2,Component Repair and Replacement,Corrective,Low,2,4,"1,0",Hours,"0,0",Minutes,"Electrician, Mecanician, Inspector Junior, Inspector Senior",8.0,,,In service,Asset Description 125,Bad,Avenue de la Renaissance,30.0,1000.0,Brussels,Brussels,Customer 60,1,60,12,2024-11-08 12:00,2024-11-08 13:00
1083,To do,Corrective-Low-3,Control System Checks,Corrective,Low,3,4,"5,0",Minutes,"0,0",Minutes,"Electrician, Mecanician, Inspector Junior, Inspector Senior",9.0,,,In service,Asset Description 125,Bad,Avenue de la Renaissance,30.0,1000.0,Brussels,Brussels,Customer 60,1,5,12,2024-11-08 10:45,2024-11-08 10:50
1084,To do,Corrective-Low-4,Testing and Validation,Corrective,Low,4,4,"5,0",Minutes,"0,0",Minutes,"Electrician, Mecanician, Inspector Junior, Inspector Senior",10.0,,,In service,Asset Description 125,Bad,Avenue de la Renaissance,30.0,1000.0,Brussels,Brussels,Customer 60,1,5,12,2024-11-08 10:50,2024-11-08 10:55
1085,To do,Corrective-Low-5,Documentation and Reporting,Corrective,Low,5,4,"5,0",Minutes,"0,0",Minutes,"Electrician, Mecanician, Inspector Junior, Inspector Senior",11.0,,,In service,Asset Description 125,Bad,Avenue de la Renaissance,30.0,1000.0,Brussels,Brussels,Customer 60,1,5,12,2024-11-08 10:55,2024-11-08 11:00
1086,To do,Corrective-Low-6,Post-Maintenance Adjustments,Corrective,Low,6,4,"5,0",Minutes,"0,0",Minutes,"Electrician, Mecanician, Inspector Junior, Inspector Senior",12.0,,,In service,Asset Description 125,Bad,Avenue de la Renaissance,30.0,1000.0,Brussels,Brussels,Customer 60,1,5,12,2024-11-08 13:00,2024-11-08 13:05
1087,To do,Corrective-Low-7,System Cleanup and Safety Checks,Corrective,Low,7,4,"10,0",Minutes,"0,0",Minutes,"Electrician, Mecanician, Inspector Junior, Inspector Senior",13.0,,,In service,Asset Description 125,Bad,Avenue de la Renaissance,30.0,1000.0,Brussels,Brussels,Customer 60,1,10,12,2024-11-08 13:05,2024-11-08 13:15
1088,To do,Corrective-Low-1,Diagnostics and Troubleshooting,Corrective,Low,1,4,"30,0",Minutes,"0,0",Minutes,"Electrician, Mecanician, Inspector Junior, Inspector Senior",,,,In service,Asset Description 126,Adequate,Rue de la Science,14.0,1040.0,Brussels,Brussels,Customer 61,1,30,16,2024-11-11 16:00,2024-11-11 16:30
1089,To do,Corrective-Low-2,Component Repair and Replacement,Corrective,Low,2,4,"1,0",Hours,"0,0",Minutes,"Electrician, Mecanician, Inspector Junior, Inspector Senior",8.0,,,In service,Asset Description 126,Adequate,Rue de la Science,14.0,1040.0,Brussels,Brussels,Customer 61,1,60,17,2024-11-11 07:00,2024-11-11 08:00
1090,To do,Corrective-Low-3,Control System Checks,Corrective,Low,3,4,"5,0",Minutes,"0,0",Minutes,"Electrician, Mecanician, Inspector Junior, Inspector Senior",9.0,,,In service,Asset Description 126,Adequate,Rue de la Science,14.0,1040.0,Brussels,Brussels,Customer 61,1,5,16,2024-11-11 16:30,2024-11-11 16:35
1091,To do,Corrective-Low-4,Testing and Validation,Corrective,Low,4,4,"5,0",Minutes,"0,0",Minutes,"Electrician, Mecanician, Inspector Junior, Inspector Senior",10.0,,,In service,Asset Description 126,Adequate,Rue de la Science,14.0,1040.0,Brussels,Brussels,Customer 61,1,5,16,2024-11-11 16:35,2024-11-11 16:40
1092,To do,Corrective-Low-5,Documentation and Reporting,Corrective,Low,5,4,"5,0",Minutes,"0,0",Minutes,"Electrician, Mecanician, Inspector Junior, Inspector Senior",11.0,,,In service,Asset Description 126,Adequate,Rue de la Science,14.0,1040.0,Brussels,Brussels,Customer 61,1,5,16,2024-11-11 16:40,2024-11-11 16:45
1093,To do,Corrective-Low-6,Post-Maintenance Adjustments,Corrective,Low,6,4,"5,0",Minutes,"0,0",Minutes,"Electrician, Mecanician, Inspector Junior, Inspector Senior",12.0,,,In service,Asset Description 126,Adequate,Rue de la Science,14.0,1040.0,Brussels,Brussels,Customer 61,1,5,16,2024-11-11 16:45,2024-11-11 16:50
1094,To do,Corrective-Low-7,System Cleanup and Safety Checks,Corrective,Low,7,4,"10,0",Minutes,"0,0",Minutes,"Electrician, Mecanician, Inspector Junior, Inspector Senior",13.0,,,In service,Asset Description 126,Adequate,Rue de la Science,14.0,1040.0,Brussels,Brussels,Customer 61,1,10,16,2024-11-11 16:50,2024-11-11 17:00
1095,To do,Corrective-Low-1,Diagnostics and Troubleshooting,Corrective,Low,1,4,"30,0",Minutes,"0,0",Minutes,"Electrician, Mecanician, Inspector Junior, Inspector Senior",,,,In service,Asset Description 127,Bad,Rue Belliard,99.0,1040.0,Brussels,Brussels,Customer 62,1,30,12,2024-11-08 13:15,2024-11-08 13:45
1096,To do,Corrective-Low-2,Component Repair and Replacement,Corrective,Low,2,4,"1,0",Hours,"0,0",Minutes,"Electrician, Mecanician, Inspector Junior, Inspector Senior",8.0,,,In service,Asset Description 127,Bad,Rue Belliard,99.0,1040.0,Brussels,Brussels,Customer 62,1,60,12,2024-11-08 13:45,2024-11-08 14:45
1097,To do,Corrective-Low-3,Control System Checks,Corrective,Low,3,4,"5,0",Minutes,"0,0",Minutes,"Electrician, Mecanician, Inspector Junior, Inspector Senior",9.0,,,In service,Asset Description 127,Bad,Rue Belliard,99.0,1040.0,Brussels,Brussels,Customer 62,1,5,12,2024-11-08 14:45,2024-11-08 14:50
1098,To do,Corrective-Low-4,Testing and Validation,Corrective,Low,4,4,"5,0",Minutes,"0,0",Minutes,"Electrician, Mecanician, Inspector Junior, Inspector Senior",10.0,,,In service,Asset Description 127,Bad,Rue Belliard,99.0,1040.0,Brussels,Brussels,Customer 62,1,5,12,2024-11-08 14:50,2024-11-08 14:55
1099,To do,Corrective-Low-5,Documentation and Reporting,Corrective,Low,5,4,"5,0",Minutes,"0,0",Minutes,"Electrician, Mecanician, Inspector Junior, Inspector Senior",11.0,,,In service,Asset Description 127,Bad,Rue Belliard,99.0,1040.0,Brussels,Brussels,Customer 62,1,5,12,2024-11-08 14:55,2024-11-08 15:00
1100,To do,Corrective-Low-6,Post-Maintenance Adjustments,Corrective,Low,6,4,"5,0",Minutes,"0,0",Minutes,"Electrician, Mecanician, Inspector Junior, Inspector Senior",12.0,,,In service,Asset Description 127,Bad,Rue Belliard,99.0,1040.0,Brussels,Brussels,Customer 62,1,5,12,2024-11-08 15:00,2024-11-08 15:05
1101,To do,Corrective-Low-7,System Cleanup and Safety Checks,Corrective,Low,7,4,"10,0",Minutes,"0,0",Minutes,"Electrician, Mecanician, Inspector Junior, Inspector Senior",13.0,,,In service,Asset Description 127,Bad,Rue Belliard,99.0,1040.0,Brussels,Brussels,Customer 62,1,10,12,2024-11-08 15:05,2024-11-08 15:15
1102,To do,Corrective-Low-1,Diagnostics and Troubleshooting,Corrective,Low,1,4,"30,0",Minutes,"0,0",Minutes,"Electrician, Mecanician, Inspector Junior, Inspector Senior",,,,In service,Asset Description 128,Adequate,Avenue de la Joyeuse Entrée,1.0,1040.0,Brussels,Brussels,Customer 51,1,30,17,2024-11-11 08:00,2024-11-11 08:30
1103,To do,Corrective-Low-2,Component Repair and Replacement,Corrective,Low,2,4,"1,0",Hours,"0,0",Minutes,"Electrician, Mecanician, Inspector Junior, Inspector Senior",8.0,,,In service,Asset Description 128,Adequate,Avenue de la Joyeuse Entrée,1.0,1040.0,Brussels,Brussels,Customer 51,1,60,17,2024-11-11 08:30,2024-11-11 09:30
1104,To do,Corrective-Low-3,Control System Checks,Corrective,Low,3,4,"5,0",Minutes,"0,0",Minutes,"Electrician, Mecanician, Inspector Junior, Inspector Senior",9.0,,,In service,Asset Description 128,Adequate,Avenue de la Joyeuse Entrée,1.0,1040.0,Brussels,Brussels,Customer 51,1,5,17,2024-11-11 09:30,2024-11-11 09:35
1105,To do,Corrective-Low-4,Testing and Validation,Corrective,Low,4,4,"5,0",Minutes,"0,0",Minutes,"Electrician, Mecanician, Inspector Junior, Inspector Senior",10.0,,,In service,Asset Description 128,Adequate,Avenue de la Joyeuse Entrée,1.0,1040.0,Brussels,Brussels,Customer 51,1,5,17,2024-11-11 09:35,2024-11-11 09:40
1106,To do,Corrective-Low-5,Documentation and Reporting,Corrective,Low,5,4,"5,0",Minutes,"0,0",Minutes,"Electrician, Mecanician, Inspector Junior, Inspector Senior",11.0,,,In service,Asset Description 128,Adequate,Avenue de la Joyeuse Entrée,1.0,1040.0,Brussels,Brussels,Customer 51,1,5,17,2024-11-11 09:40,2024-11-11 09:45
1107,To do,Corrective-Low-6,Post-Maintenance Adjustments,Corrective,Low,6,4,"5,0",Minutes,"0,0",Minutes,"Electrician, Mecanician, Inspector Junior, Inspector Senior",12.0,,,In service,Asset Description 128,Adequate,Avenue de la Joyeuse Entrée,1.0,1040.0,Brussels,Brussels,Customer 51,1,5,17,2024-11-11 09:45,2024-11-11 09:50
1108,To do,Corrective-Low-7,System Cleanup and Safety Checks,Corrective,Low,7,4,"10,0",Minutes,"0,0",Minutes,"Electrician, Mecanician, Inspector Junior, Inspector Senior",13.0,,,In service,Asset Description 128,Adequate,Avenue de la Joyeuse Entrée,1.0,1040.0,Brussels,Brussels,Customer 51,1,10,17,2024-11-11 09:50,2024-11-11 10:00
1109,To do,Corrective-Low-1,Diagnostics and Troubleshooting,Corrective,Low,1,4,"30,0",Minutes,"0,0",Minutes,"Electrician, Mecanician, Inspector Junior, Inspector Senior",,,,In service,Asset Description 129,Bad,Avenue de la Renaissance,40.0,1000.0,Brussels,Brussels,Customer 52,1,30,12,2024-11-08 15:15,2024-11-08 15:45
1110,To do,Corrective-Low-2,Component Repair and Replacement,Corrective,Low,2,4,"1,0",Hours,"0,0",Minutes,"Electrician, Mecanician, Inspector Junior, Inspector Senior",8.0,,,In service,Asset Description 129,Bad,Avenue de la Renaissance,40.0,1000.0,Brussels,Brussels,Customer 52,1,60,12,2024-11-08 15:45,2024-11-08 16:45
1111,To do,Corrective-Low-3,Control System Checks,Corrective,Low,3,4,"5,0",Minutes,"0,0",Minutes,"Electrician, Mecanician, Inspector Junior, Inspector Senior",9.0,,,In service,Asset Description 129,Bad,Avenue de la Renaissance,40.0,1000.0,Brussels,Brussels,Customer 52,1,5,12,2024-11-08 16:45,2024-11-08 16:50
1112,To do,Corrective-Low-4,Testing and Validation,Corrective,Low,4,4,"5,0",Minutes,"0,0",Minutes,"Electrician, Mecanician, Inspector Junior, Inspector Senior",10.0,,,In service,Asset Description 129,Bad,Avenue de la Renaissance,40.0,1000.0,Brussels,Brussels,Customer 52,1,5,12,2024-11-08 16:50,2024-11-08 16:55
1113,To do,Corrective-Low-5,Documentation and Reporting,Corrective,Low,5,4,"5,0",Minutes,"0,0",Minutes,"Electrician, Mecanician, Inspector Junior, Inspector Senior",11.0,,,In service,Asset Description 129,Bad,Avenue de la Renaissance,40.0,1000.0,Brussels,Brussels,Customer 52,1,5,12,2024-11-08 16:55,2024-11-08 17:00
1114,To do,Corrective-Low-6,Post-Maintenance Adjustments,Corrective,Low,6,4,"5,0",Minutes,"0,0",Minutes,"Electrician, Mecanician, Inspector Junior, Inspector Senior",12.0,,,In service,Asset Description 129,Bad,Avenue de la Renaissance,40.0,1000.0,Brussels,Brussels,Customer 52,1,5,9,2024-11-08 07:00,2024-11-08 07:05
1115,To do,Corrective-Low-7,System Cleanup and Safety Checks,Corrective,Low,7,4,"10,0",Minutes,"0,0",Minutes,"Electrician, Mecanician, Inspector Junior, Inspector Senior",13.0,,,In service,Asset Description 129,Bad,Avenue de la Renaissance,40.0,1000.0,Brussels,Brussels,Customer 52,1,10,9,2024-11-08 07:05,2024-11-08 07:15
1116,To do,Corrective-Low-1,Diagnostics and Troubleshooting,Corrective,Low,1,4,"30,0",Minutes,"0,0",Minutes,"Electrician, Mecanician, Inspector Junior, Inspector Senior",,,,In service,Asset Description 130,Good,Bruul,130.0,2800.0,Mechelen,Flanders,Customer 53,1,30,9,2024-11-12 07:00,2024-11-12 07:30
1117,To do,Corrective-Low-2,Component Repair and Replacement,Corrective,Low,2,4,"1,0",Hours,"0,0",Minutes,"Electrician, Mecanician, Inspector Junior, Inspector Senior",8.0,,,In service,Asset Description 130,Good,Bruul,130.0,2800.0,Mechelen,Flanders,Customer 53,1,60,9,2024-11-12 07:30,2024-11-12 08:30
1118,To do,Corrective-Low-3,Control System Checks,Corrective,Low,3,4,"5,0",Minutes,"0,0",Minutes,"Electrician, Mecanician, Inspector Junior, Inspector Senior",9.0,,,In service,Asset Description 130,Good,Bruul,130.0,2800.0,Mechelen,Flanders,Customer 53,1,5,9,2024-11-12 08:30,2024-11-12 08:35
1119,To do,Corrective-Low-4,Testing and Validation,Corrective,Low,4,4,"5,0",Minutes,"0,0",Minutes,"Electrician, Mecanician, Inspector Junior, Inspector Senior",10.0,,,In service,Asset Description 130,Good,Bruul,130.0,2800.0,Mechelen,Flanders,Customer 53,1,5,9,2024-11-12 08:35,2024-11-12 08:40
1120,To do,Corrective-Low-5,Documentation and Reporting,Corrective,Low,5,4,"5,0",Minutes,"0,0",Minutes,"Electrician, Mecanician, Inspector Junior, Inspector Senior",11.0,,,In service,Asset Description 130,Good,Bruul,130.0,2800.0,Mechelen,Flanders,Customer 53,1,5,9,2024-11-12 08:40,2024-11-12 08:45
1121,To do,Corrective-Low-6,Post-Maintenance Adjustments,Corrective,Low,6,4,"5,0",Minutes,"0,0",Minutes,"Electrician, Mecanician, Inspector Junior, Inspector Senior",12.0,,,In service,Asset Description 130,Good,Bruul,130.0,2800.0,Mechelen,Flanders,Customer 53,1,5,9,2024-11-12 08:45,2024-11-12 08:50
1122,To do,Corrective-Low-7,System Cleanup and Safety Checks,Corrective,Low,7,4,"10,0",Minutes,"0,0",Minutes,"Electrician, Mecanician, Inspector Junior, Inspector Senior",13.0,,,In service,Asset Description 130,Good,Bruul,130.0,2800.0,Mechelen,Flanders,Customer 53,1,10,9,2024-11-12 08:50,2024-11-12 09:00
1123,To do,Corrective-Low-1,Diagnostics and Troubleshooting,Corrective,Low,1,4,"30,0",Minutes,"0,0",Minutes,"Electrician, Mecanician, Inspector Junior, Inspector Senior",,,,In service,Asset Description 131,Good,Veldstraat,135.0,9000.0,Ghent,Flanders,Customer 54,1,30,9,2024-11-12 09:00,2024-11-12 09:30
1124,To do,Corrective-Low-2,Component Repair and Replacement,Corrective,Low,2,4,"1,0",Hours,"0,0",Minutes,"Electrician, Mecanician, Inspector Junior, Inspector Senior",8.0,,,In service,Asset Description 131,Good,Veldstraat,135.0,9000.0,Ghent,Flanders,Customer 54,1,60,9,2024-11-12 09:30,2024-11-12 10:30
1125,To do,Corrective-Low-3,Control System Checks,Corrective,Low,3,4,"5,0",Minutes,"0,0",Minutes,"Electrician, Mecanician, Inspector Junior, Inspector Senior",9.0,,,In service,Asset Description 131,Good,Veldstraat,135.0,9000.0,Ghent,Flanders,Customer 54,1,5,9,2024-11-12 10:30,2024-11-12 10:35
1126,To do,Corrective-Low-4,Testing and Validation,Corrective,Low,4,4,"5,0",Minutes,"0,0",Minutes,"Electrician, Mecanician, Inspector Junior, Inspector Senior",10.0,,,In service,Asset Description 131,Good,Veldstraat,135.0,9000.0,Ghent,Flanders,Customer 54,1,5,9,2024-11-12 10:35,2024-11-12 10:40
1127,To do,Corrective-Low-5,Documentation and Reporting,Corrective,Low,5,4,"5,0",Minutes,"0,0",Minutes,"Electrician, Mecanician, Inspector Junior, Inspector Senior",11.0,,,In service,Asset Description 131,Good,Veldstraat,135.0,9000.0,Ghent,Flanders,Customer 54,1,5,9,2024-11-12 10:40,2024-11-12 10:45
1128,To do,Corrective-Low-6,Post-Maintenance Adjustments,Corrective,Low,6,4,"5,0",Minutes,"0,0",Minutes,"Electrician, Mecanician, Inspector Junior, Inspector Senior",12.0,,,In service,Asset Description 131,Good,Veldstraat,135.0,9000.0,Ghent,Flanders,Customer 54,1,5,9,2024-11-12 10:45,2024-11-12 10:50
1129,To do,Corrective-Low-7,System Cleanup and Safety Checks,Corrective,Low,7,4,"10,0",Minutes,"0,0",Minutes,"Electrician, Mecanician, Inspector Junior, Inspector Senior",13.0,,,In service,Asset Description 131,Good,Veldstraat,135.0,9000.0,Ghent,Flanders,Customer 54,1,10,9,2024-11-12 10:50,2024-11-12 11:00
1130,To do,Corrective-Low-1,Diagnostics and Troubleshooting,Corrective,Low,1,4,"30,0",Minutes,"0,0",Minutes,"Electrician, Mecanician, Inspector Junior, Inspector Senior",,,,In service,Asset Description 132,Good,Meir,140.0,2000.0,Antwerpen,Flanders,Customer 55,1,30,9,2024-11-12 12:00,2024-11-12 12:30
1131,To do,Corrective-Low-2,Component Repair and Replacement,Corrective,Low,2,4,"1,0",Hours,"0,0",Minutes,"Electrician, Mecanician, Inspector Junior, Inspector Senior",8.0,,,In service,Asset Description 132,Good,Meir,140.0,2000.0,Antwerpen,Flanders,Customer 55,1,60,9,2024-11-12 12:30,2024-11-12 13:30
1132,To do,Corrective-Low-3,Control System Checks,Corrective,Low,3,4,"5,0",Minutes,"0,0",Minutes,"Electrician, Mecanician, Inspector Junior, Inspector Senior",9.0,,,In service,Asset Description 132,Good,Meir,140.0,2000.0,Antwerpen,Flanders,Customer 55,1,5,9,2024-11-12 13:30,2024-11-12 13:35
1133,To do,Corrective-Low-4,Testing and Validation,Corrective,Low,4,4,"5,0",Minutes,"0,0",Minutes,"Electrician, Mecanician, Inspector Junior, Inspector Senior",10.0,,,In service,Asset Description 132,Good,Meir,140.0,2000.0,Antwerpen,Flanders,Customer 55,1,5,9,2024-11-12 13:35,2024-11-12 13:40
1134,To do,Corrective-Low-5,Documentation and Reporting,Corrective,Low,5,4,"5,0",Minutes,"0,0",Minutes,"Electrician, Mecanician, Inspector Junior, Inspector Senior",11.0,,,In service,Asset Description 132,Good,Meir,140.0,2000.0,Antwerpen,Flanders,Customer 55,1,5,9,2024-11-12 13:40,2024-11-12 13:45
1135,To do,Corrective-Low-6,Post-Maintenance Adjustments,Corrective,Low,6,4,"5,0",Minutes,"0,0",Minutes,"Electrician, Mecanician, Inspector Junior, Inspector Senior",12.0,,,In service,Asset Description 132,Good,Meir,140.0,2000.0,Antwerpen,Flanders,Customer 55,1,5,9,2024-11-12 13:45,2024-11-12 13:50
1136,To do,Corrective-Low-7,System Cleanup and Safety Checks,Corrective,Low,7,4,"10,0",Minutes,"0,0",Minutes,"Electrician, Mecanician, Inspector Junior, Inspector Senior",13.0,,,In service,Asset Description 132,Good,Meir,140.0,2000.0,Antwerpen,Flanders,Customer 55,1,10,9,2024-11-12 13:50,2024-11-12 14:00
1137,To do,Corrective-Low-1,Diagnostics and Troubleshooting,Corrective,Low,1,4,"30,0",Minutes,"0,0",Minutes,"Electrician, Mecanician, Inspector Junior, Inspector Senior",,,,In service,Asset Description 133,Bad,Steenstraat,145.0,8000.0,Bruges,Flanders,Customer 56,1,30,9,2024-11-08 07:15,2024-11-08 07:45
1138,To do,Corrective-Low-2,Component Repair and Replacement,Corrective,Low,2,4,"1,0",Hours,"0,0",Minutes,"Electrician, Mecanician, Inspector Junior, Inspector Senior",8.0,,,In service,Asset Description 133,Bad,Steenstraat,145.0,8000.0,Bruges,Flanders,Customer 56,1,60,9,2024-11-08 07:45,2024-11-08 08:45
1139,To do,Corrective-Low-3,Control System Checks,Corrective,Low,3,4,"5,0",Minutes,"0,0",Minutes,"Electrician, Mecanician, Inspector Junior, Inspector Senior",9.0,,,In service,Asset Description 133,Bad,Steenstraat,145.0,8000.0,Bruges,Flanders,Customer 56,1,5,9,2024-11-08 08:45,2024-11-08 08:50
1140,To do,Corrective-Low-4,Testing and Validation,Corrective,Low,4,4,"5,0",Minutes,"0,0",Minutes,"Electrician, Mecanician, Inspector Junior, Inspector Senior",10.0,,,In service,Asset Description 133,Bad,Steenstraat,145.0,8000.0,Bruges,Flanders,Customer 56,1,5,9,2024-11-08 08:50,2024-11-08 08:55
1141,To do,Corrective-Low-5,Documentation and Reporting,Corrective,Low,5,4,"5,0",Minutes,"0,0",Minutes,"Electrician, Mecanician, Inspector Junior, Inspector Senior",11.0,,,In service,Asset Description 133,Bad,Steenstraat,145.0,8000.0,Bruges,Flanders,Customer 56,1,5,9,2024-11-08 08:55,2024-11-08 09:00
1142,To do,Corrective-Low-6,Post-Maintenance Adjustments,Corrective,Low,6,4,"5,0",Minutes,"0,0",Minutes,"Electrician, Mecanician, Inspector Junior, Inspector Senior",12.0,,,In service,Asset Description 133,Bad,Steenstraat,145.0,8000.0,Bruges,Flanders,Customer 56,1,5,9,2024-11-08 09:00,2024-11-08 09:05
1143,To do,Corrective-Low-7,System Cleanup and Safety Checks,Corrective,Low,7,4,"10,0",Minutes,"0,0",Minutes,"Electrician, Mecanician, Inspector Junior, Inspector Senior",13.0,,,In service,Asset Description 133,Bad,Steenstraat,145.0,8000.0,Bruges,Flanders,Customer 56,1,10,9,2024-11-08 09:05,2024-11-08 09:15
1144,To do,Corrective-Low-1,Diagnostics and Troubleshooting,Corrective,Low,1,4,"30,0",Minutes,"0,0",Minutes,"Electrician, Mecanician, Inspector Junior, Inspector Senior",,,,In service,Asset Description 134,Adequate,Bondgenotenlaan,150.0,3000.0,Leuven,Flanders,Customer 57,1,30,17,2024-11-11 10:00,2024-11-11 10:30
1145,To do,Corrective-Low-2,Component Repair and Replacement,Corrective,Low,2,4,"1,0",Hours,"0,0",Minutes,"Electrician, Mecanician, Inspector Junior, Inspector Senior",8.0,,,In service,Asset Description 134,Adequate,Bondgenotenlaan,150.0,3000.0,Leuven,Flanders,Customer 57,1,60,17,2024-11-11 12:00,2024-11-11 13:00
1146,To do,Corrective-Low-3,Control System Checks,Corrective,Low,3,4,"5,0",Minutes,"0,0",Minutes,"Electrician, Mecanician, Inspector Junior, Inspector Senior",9.0,,,In service,Asset Description 134,Adequate,Bondgenotenlaan,150.0,3000.0,Leuven,Flanders,Customer 57,1,5,17,2024-11-11 10:30,2024-11-11 10:35
1147,To do,Corrective-Low-4,Testing and Validation,Corrective,Low,4,4,"5,0",Minutes,"0,0",Minutes,"Electrician, Mecanician, Inspector Junior, Inspector Senior",10.0,,,In service,Asset Description 134,Adequate,Bondgenotenlaan,150.0,3000.0,Leuven,Flanders,Customer 57,1,5,17,2024-11-11 10:35,2024-11-11 10:40
1148,To do,Corrective-Low-5,Documentation and Reporting,Corrective,Low,5,4,"5,0",Minutes,"0,0",Minutes,"Electrician, Mecanician, Inspector Junior, Inspector Senior",11.0,,,In service,Asset Description 134,Adequate,Bondgenotenlaan,150.0,3000.0,Leuven,Flanders,Customer 57,1,5,17,2024-11-11 10:40,2024-11-11 10:45
1149,To do,Corrective-Low-6,Post-Maintenance Adjustments,Corrective,Low,6,4,"5,0",Minutes,"0,0",Minutes,"Electrician, Mecanician, Inspector Junior, Inspector Senior",12.0,,,In service,Asset Description 134,Adequate,Bondgenotenlaan,150.0,3000.0,Leuven,Flanders,Customer 57,1,5,17,2024-11-11 10:45,2024-11-11 10:50
1150,To do,Corrective-Low-7,System Cleanup and Safety Checks,Corrective,Low,7,4,"10,0",Minutes,"0,0",Minutes,"Electrician, Mecanician, Inspector Junior, Inspector Senior",13.0,,,In service,Asset Description 134,Adequate,Bondgenotenlaan,150.0,3000.0,Leuven,Flanders,Customer 57,1,10,17,2024-11-11 10:50,2024-11-11 11:00
1151,To do,Corrective-Low-1,Diagnostics and Troubleshooting,Corrective,Low,1,4,"30,0",Minutes,"0,0",Minutes,"Electrician, Mecanician, Inspector Junior, Inspector Senior",,,,In service,Asset Description 135,Bad,Onze-Lieve-Vrouwestraat,155.0,2800.0,Mechelen,Flanders,Customer 58,1,30,9,2024-11-08 09:15,2024-11-08 09:45
1152,To do,Corrective-Low-2,Component Repair and Replacement,Corrective,Low,2,4,"1,0",Hours,"0,0",Minutes,"Electrician, Mecanician, Inspector Junior, Inspector Senior",8.0,,,In service,Asset Description 135,Bad,Onze-Lieve-Vrouwestraat,155.0,2800.0,Mechelen,Flanders,Customer 58,1,60,9,2024-11-08 09:45,2024-11-08 10:45
1153,To do,Corrective-Low-3,Control System Checks,Corrective,Low,3,4,"5,0",Minutes,"0,0",Minutes,"Electrician, Mecanician, Inspector Junior, Inspector Senior",9.0,,,In service,Asset Description 135,Bad,Onze-Lieve-Vrouwestraat,155.0,2800.0,Mechelen,Flanders,Customer 58,1,5,9,2024-11-08 10:45,2024-11-08 10:50
1154,To do,Corrective-Low-4,Testing and Validation,Corrective,Low,4,4,"5,0",Minutes,"0,0",Minutes,"Electrician, Mecanician, Inspector Junior, Inspector Senior",10.0,,,In service,Asset Description 135,Bad,Onze-Lieve-Vrouwestraat,155.0,2800.0,Mechelen,Flanders,Customer 58,1,5,9,2024-11-08 10:50,2024-11-08 10:55
1155,To do,Corrective-Low-5,Documentation and Reporting,Corrective,Low,5,4,"5,0",Minutes,"0,0",Minutes,"Electrician, Mecanician, Inspector Junior, Inspector Senior",11.0,,,In service,Asset Description 135,Bad,Onze-Lieve-Vrouwestraat,155.0,2800.0,Mechelen,Flanders,Customer 58,1,5,9,2024-11-08 10:55,2024-11-08 11:00
1156,To do,Corrective-Low-6,Post-Maintenance Adjustments,Corrective,Low,6,4,"5,0",Minutes,"0,0",Minutes,"Electrician, Mecanician, Inspector Junior, Inspector Senior",12.0,,,In service,Asset Description 135,Bad,Onze-Lieve-Vrouwestraat,155.0,2800.0,Mechelen,Flanders,Customer 58,1,5,9,2024-11-08 12:00,2024-11-08 12:05
1157,To do,Corrective-Low-7,System Cleanup and Safety Checks,Corrective,Low,7,4,"10,0",Minutes,"0,0",Minutes,"Electrician, Mecanician, Inspector Junior, Inspector Senior",13.0,,,In service,Asset Description 135,Bad,Onze-Lieve-Vrouwestraat,155.0,2800.0,Mechelen,Flanders,Customer 58,1,10,9,2024-11-08 12:05,2024-11-08 12:15
1160,To do,Corrective-Low-1,Diagnostics and Troubleshooting,Corrective,Low,1,4,"30,0",Minutes,"0,0",Minutes,"Electrician, Mecanician, Inspector Junior, Inspector Senior",,,,In service,Asset Description 136,Adequate,Vlaanderenstraat,160.0,9000.0,Ghent,Flanders,Customer 59,1,30,17,2024-11-11 13:00,2024-11-11 13:30
1161,To do,Corrective-Low-2,Component Repair and Replacement,Corrective,Low,2,4,"1,0",Hours,"0,0",Minutes,"Electrician, Mecanician, Inspector Junior, Inspector Senior",8.0,,,In service,Asset Description 136,Adequate,Vlaanderenstraat,160.0,9000.0,Ghent,Flanders,Customer 59,1,60,17,2024-11-11 13:30,2024-11-11 14:30
1162,To do,Corrective-Low-3,Control System Checks,Corrective,Low,3,4,"5,0",Minutes,"0,0",Minutes,"Electrician, Mecanician, Inspector Junior, Inspector Senior",9.0,,,In service,Asset Description 136,Adequate,Vlaanderenstraat,160.0,9000.0,Ghent,Flanders,Customer 59,1,5,17,2024-11-11 14:30,2024-11-11 14:35
1163,To do,Corrective-Low-4,Testing and Validation,Corrective,Low,4,4,"5,0",Minutes,"0,0",Minutes,"Electrician, Mecanician, Inspector Junior, Inspector Senior",10.0,,,In service,Asset Description 136,Adequate,Vlaanderenstraat,160.0,9000.0,Ghent,Flanders,Customer 59,1,5,17,2024-11-11 14:35,2024-11-11 14:40
1164,To do,Corrective-Low-5,Documentation and Reporting,Corrective,Low,5,4,"5,0",Minutes,"0,0",Minutes,"Electrician, Mecanician, Inspector Junior, Inspector Senior",11.0,,,In service,Asset Description 136,Adequate,Vlaanderenstraat,160.0,9000.0,Ghent,Flanders,Customer 59,1,5,17,2024-11-11 14:40,2024-11-11 14:45
1165,To do,Corrective-Low-6,Post-Maintenance Adjustments,Corrective,Low,6,4,"5,0",Minutes,"0,0",Minutes,"Electrician, Mecanician, Inspector Junior, Inspector Senior",12.0,,,In service,Asset Description 136,Adequate,Vlaanderenstraat,160.0,9000.0,Ghent,Flanders,Customer 59,1,5,17,2024-11-11 14:45,2024-11-11 14:50
1166,To do,Corrective-Low-7,System Cleanup and Safety Checks,Corrective,Low,7,4,"10,0",Minutes,"0,0",Minutes,"Electrician, Mecanician, Inspector Junior, Inspector Senior",13.0,,,In service,Asset Description 136,Adequate,Vlaanderenstraat,160.0,9000.0,Ghent,Flanders,Customer 59,1,10,17,2024-11-11 14:50,2024-11-11 15:00
1167,To do,Corrective-Low-1,Diagnostics and Troubleshooting,Corrective,Low,1,4,"30,0",Minutes,"0,0",Minutes,"Electrician, Mecanician, Inspector Junior, Inspector Senior",,,,In service,Asset Description 137,Bad,Hoogstraat,165.0,2000.0,Antwerpen,Flanders,Customer 60,1,30,9,2024-11-08 12:15,2024-11-08 12:45
1168,To do,Corrective-Low-2,Component Repair and Replacement,Corrective,Low,2,4,"1,0",Hours,"0,0",Minutes,"Electrician, Mecanician, Inspector Junior, Inspector Senior",8.0,,,In service,Asset Description 137,Bad,Hoogstraat,165.0,2000.0,Antwerpen,Flanders,Customer 60,1,60,9,2024-11-08 12:45,2024-11-08 13:45
1169,To do,Corrective-Low-3,Control System Checks,Corrective,Low,3,4,"5,0",Minutes,"0,0",Minutes,"Electrician, Mecanician, Inspector Junior, Inspector Senior",9.0,,,In service,Asset Description 137,Bad,Hoogstraat,165.0,2000.0,Antwerpen,Flanders,Customer 60,1,5,9,2024-11-08 13:45,2024-11-08 13:50
1170,To do,Corrective-Low-4,Testing and Validation,Corrective,Low,4,4,"5,0",Minutes,"0,0",Minutes,"Electrician, Mecanician, Inspector Junior, Inspector Senior",10.0,,,In service,Asset Description 137,Bad,Hoogstraat,165.0,2000.0,Antwerpen,Flanders,Customer 60,1,5,9,2024-11-08 13:50,2024-11-08 13:55
1171,To do,Corrective-Low-5,Documentation and Reporting,Corrective,Low,5,4,"5,0",Minutes,"0,0",Minutes,"Electrician, Mecanician, Inspector Junior, Inspector Senior",11.0,,,In service,Asset Description 137,Bad,Hoogstraat,165.0,2000.0,Antwerpen,Flanders,Customer 60,1,5,9,2024-11-08 13:55,2024-11-08 14:00
1172,To do,Corrective-Low-6,Post-Maintenance Adjustments,Corrective,Low,6,4,"5,0",Minutes,"0,0",Minutes,"Electrician, Mecanician, Inspector Junior, Inspector Senior",12.0,,,In service,Asset Description 137,Bad,Hoogstraat,165.0,2000.0,Antwerpen,Flanders,Customer 60,1,5,9,2024-11-08 14:00,2024-11-08 14:05
1173,To do,Corrective-Low-7,System Cleanup and Safety Checks,Corrective,Low,7,4,"10,0",Minutes,"0,0",Minutes,"Electrician, Mecanician, Inspector Junior, Inspector Senior",13.0,,,In service,Asset Description 137,Bad,Hoogstraat,165.0,2000.0,Antwerpen,Flanders,Customer 60,1,10,9,2024-11-08 14:05,2024-11-08 14:15
1174,To do,Corrective-Low-1,Diagnostics and Troubleshooting,Corrective,Low,1,4,"30,0",Minutes,"0,0",Minutes,"Electrician, Mecanician, Inspector Junior, Inspector Senior",,,,In service,Asset Description 138,Good,Langestraat,170.0,8000.0,Bruges,Flanders,Customer 61,1,30,9,2024-11-12 14:00,2024-11-12 14:30
1175,To do,Corrective-Low-2,Component Repair and Replacement,Corrective,Low,2,4,"1,0",Hours,"0,0",Minutes,"Electrician, Mecanician, Inspector Junior, Inspector Senior",8.0,,,In service,Asset Description 138,Good,Langestraat,170.0,8000.0,Bruges,Flanders,Customer 61,1,60,9,2024-11-12 14:30,2024-11-12 15:30
1176,To do,Corrective-Low-3,Control System Checks,Corrective,Low,3,4,"5,0",Minutes,"0,0",Minutes,"Electrician, Mecanician, Inspector Junior, Inspector Senior",9.0,,,In service,Asset Description 138,Good,Langestraat,170.0,8000.0,Bruges,Flanders,Customer 61,1,5,9,2024-11-12 15:30,2024-11-12 15:35
1177,To do,Corrective-Low-4,Testing and Validation,Corrective,Low,4,4,"5,0",Minutes,"0,0",Minutes,"Electrician, Mecanician, Inspector Junior, Inspector Senior",10.0,,,In service,Asset Description 138,Good,Langestraat,170.0,8000.0,Bruges,Flanders,Customer 61,1,5,9,2024-11-12 15:35,2024-11-12 15:40
1178,To do,Corrective-Low-5,Documentation and Reporting,Corrective,Low,5,4,"5,0",Minutes,"0,0",Minutes,"Electrician, Mecanician, Inspector Junior, Inspector Senior",11.0,,,In service,Asset Description 138,Good,Langestraat,170.0,8000.0,Bruges,Flanders,Customer 61,1,5,9,2024-11-12 15:40,2024-11-12 15:45
1179,To do,Corrective-Low-6,Post-Maintenance Adjustments,Corrective,Low,6,4,"5,0",Minutes,"0,0",Minutes,"Electrician, Mecanician, Inspector Junior, Inspector Senior",12.0,,,In service,Asset Description 138,Good,Langestraat,170.0,8000.0,Bruges,Flanders,Customer 61,1,5,9,2024-11-12 15:45,2024-11-12 15:50
1180,To do,Corrective-Low-7,System Cleanup and Safety Checks,Corrective,Low,7,4,"10,0",Minutes,"0,0",Minutes,"Electrician, Mecanician, Inspector Junior, Inspector Senior",13.0,,,In service,Asset Description 138,Good,Langestraat,170.0,8000.0,Bruges,Flanders,Customer 61,1,10,9,2024-11-12 15:50,2024-11-12 16:00
1181,To do,Corrective-Low-1,Diagnostics and Troubleshooting,Corrective,Low,1,4,"30,0",Minutes,"0,0",Minutes,"Electrician, Mecanician, Inspector Junior, Inspector Senior",,,,In service,Asset Description 139,Good,Naamsestraat,175.0,3000.0,Leuven,Flanders,Customer 62,1,30,9,2024-11-12 16:00,2024-11-12 16:30
1182,To do,Corrective-Low-2,Component Repair and Replacement,Corrective,Low,2,4,"1,0",Hours,"0,0",Minutes,"Electrician, Mecanician, Inspector Junior, Inspector Senior",8.0,,,In service,Asset Description 139,Good,Naamsestraat,175.0,3000.0,Leuven,Flanders,Customer 62,1,60,16,2024-11-12 07:00,2024-11-12 08:00
1183,To do,Corrective-Low-3,Control System Checks,Corrective,Low,3,4,"5,0",Minutes,"0,0",Minutes,"Electrician, Mecanician, Inspector Junior, Inspector Senior",9.0,,,In service,Asset Description 139,Good,Naamsestraat,175.0,3000.0,Leuven,Flanders,Customer 62,1,5,9,2024-11-12 16:30,2024-11-12 16:35
1184,To do,Corrective-Low-4,Testing and Validation,Corrective,Low,4,4,"5,0",Minutes,"0,0",Minutes,"Electrician, Mecanician, Inspector Junior, Inspector Senior",10.0,,,In service,Asset Description 139,Good,Naamsestraat,175.0,3000.0,Leuven,Flanders,Customer 62,1,5,9,2024-11-12 16:35,2024-11-12 16:40
1185,To do,Corrective-Low-5,Documentation and Reporting,Corrective,Low,5,4,"5,0",Minutes,"0,0",Minutes,"Electrician, Mecanician, Inspector Junior, Inspector Senior",11.0,,,In service,Asset Description 139,Good,Naamsestraat,175.0,3000.0,Leuven,Flanders,Customer 62,1,5,9,2024-11-12 16:40,2024-11-12 16:45
1186,To do,Corrective-Low-6,Post-Maintenance Adjustments,Corrective,Low,6,4,"5,0",Minutes,"0,0",Minutes,"Electrician, Mecanician, Inspector Junior, Inspector Senior",12.0,,,In service,Asset Description 139,Good,Naamsestraat,175.0,3000.0,Leuven,Flanders,Customer 62,1,5,9,2024-11-12 16:45,2024-11-12 16:50
1187,To do,Corrective-Low-7,System Cleanup and Safety Checks,Corrective,Low,7,4,"10,0",Minutes,"0,0",Minutes,"Electrician, Mecanician, Inspector Junior, Inspector Senior",13.0,,,In service,Asset Description 139,Good,Naamsestraat,175.0,3000.0,Leuven,Flanders,Customer 62,1,10,9,2024-11-12 16:50,2024-11-12 17:00
1188,To do,Corrective-Low-1,Diagnostics and Troubleshooting,Corrective,Low,1,4,"30,0",Minutes,"0,0",Minutes,"Electrician, Mecanician, Inspector Junior, Inspector Senior",,,,In service,Asset Description 140,Good,Rue de la Science,14.0,7000.0,Mons,Wallonia,Customer 40,1,30,16,2024-11-12 08:00,2024-11-12 08:30
1189,To do,Corrective-Low-2,Component Repair and Replacement,Corrective,Low,2,4,"1,0",Hours,"0,0",Minutes,"Electrician, Mecanician, Inspector Junior, Inspector Senior",8.0,,,In service,Asset Description 140,Good,Rue de la Science,14.0,7000.0,Mons,Wallonia,Customer 40,1,60,16,2024-11-12 08:30,2024-11-12 09:30
1190,To do,Corrective-Low-3,Control System Checks,Corrective,Low,3,4,"5,0",Minutes,"0,0",Minutes,"Electrician, Mecanician, Inspector Junior, Inspector Senior",9.0,,,In service,Asset Description 140,Good,Rue de la Science,14.0,7000.0,Mons,Wallonia,Customer 40,1,5,16,2024-11-12 09:30,2024-11-12 09:35
1191,To do,Corrective-Low-4,Testing and Validation,Corrective,Low,4,4,"5,0",Minutes,"0,0",Minutes,"Electrician, Mecanician, Inspector Junior, Inspector Senior",10.0,,,In service,Asset Description 140,Good,Rue de la Science,14.0,7000.0,Mons,Wallonia,Customer 40,1,5,16,2024-11-12 09:35,2024-11-12 09:40
1192,To do,Corrective-Low-5,Documentation and Reporting,Corrective,Low,5,4,"5,0",Minutes,"0,0",Minutes,"Electrician, Mecanician, Inspector Junior, Inspector Senior",11.0,,,In service,Asset Description 140,Good,Rue de la Science,14.0,7000.0,Mons,Wallonia,Customer 40,1,5,16,2024-11-12 09:40,2024-11-12 09:45
1193,To do,Corrective-Low-6,Post-Maintenance Adjustments,Corrective,Low,6,4,"5,0",Minutes,"0,0",Minutes,"Electrician, Mecanician, Inspector Junior, Inspector Senior",12.0,,,In service,Asset Description 140,Good,Rue de la Science,14.0,7000.0,Mons,Wallonia,Customer 40,1,5,16,2024-11-12 09:45,2024-11-12 09:50
1194,To do,Corrective-Low-7,System Cleanup and Safety Checks,Corrective,Low,7,4,"10,0",Minutes,"0,0",Minutes,"Electrician, Mecanician, Inspector Junior, Inspector Senior",13.0,,,In service,Asset Description 140,Good,Rue de la Science,14.0,7000.0,Mons,Wallonia,Customer 40,1,10,16,2024-11-12 09:50,2024-11-12 10:00
1195,To do,Corrective-Low-1,Diagnostics and Troubleshooting,Corrective,Low,1,4,"30,0",Minutes,"0,0",Minutes,"Electrician, Mecanician, Inspector Junior, Inspector Senior",,,,In service,Asset Description 141,Good,Rue Belliard,99.0,4000.0,Liège,Wallonia,Customer 3,1,30,16,2024-11-12 10:00,2024-11-12 10:30
1196,To do,Corrective-Low-2,Component Repair and Replacement,Corrective,Low,2,4,"1,0",Hours,"0,0",Minutes,"Electrician, Mecanician, Inspector Junior, Inspector Senior",8.0,,,In service,Asset Description 141,Good,Rue Belliard,99.0,4000.0,Liège,Wallonia,Customer 3,1,60,16,2024-11-12 12:00,2024-11-12 13:00
1197,To do,Corrective-Low-3,Control System Checks,Corrective,Low,3,4,"5,0",Minutes,"0,0",Minutes,"Electrician, Mecanician, Inspector Junior, Inspector Senior",9.0,,,In service,Asset Description 141,Good,Rue Belliard,99.0,4000.0,Liège,Wallonia,Customer 3,1,5,16,2024-11-12 10:30,2024-11-12 10:35
1198,To do,Corrective-Low-4,Testing and Validation,Corrective,Low,4,4,"5,0",Minutes,"0,0",Minutes,"Electrician, Mecanician, Inspector Junior, Inspector Senior",10.0,,,In service,Asset Description 141,Good,Rue Belliard,99.0,4000.0,Liège,Wallonia,Customer 3,1,5,16,2024-11-12 10:35,2024-11-12 10:40
1199,To do,Corrective-Low-5,Documentation and Reporting,Corrective,Low,5,4,"5,0",Minutes,"0,0",Minutes,"Electrician, Mecanician, Inspector Junior, Inspector Senior",11.0,,,In service,Asset Description 141,Good,Rue Belliard,99.0,4000.0,Liège,Wallonia,Customer 3,1,5,16,2024-11-12 10:40,2024-11-12 10:45
1200,To do,Corrective-Low-6,Post-Maintenance Adjustments,Corrective,Low,6,4,"5,0",Minutes,"0,0",Minutes,"Electrician, Mecanician, Inspector Junior, Inspector Senior",12.0,,,In service,Asset Description 141,Good,Rue Belliard,99.0,4000.0,Liège,Wallonia,Customer 3,1,5,16,2024-11-12 10:45,2024-11-12 10:50
1201,To do,Corrective-Low-7,System Cleanup and Safety Checks,Corrective,Low,7,4,"10,0",Minutes,"0,0",Minutes,"Electrician, Mecanician, Inspector Junior, Inspector Senior",13.0,,,In service,Asset Description 141,Good,Rue Belliard,99.0,4000.0,Liège,Wallonia,Customer 3,1,10,16,2024-11-12 10:50,2024-11-12 11:00
1257,To do,Preventive-monthly-1,Safety Systems Check,Preventive,monthly,1,3,"30,0",Minutes,"0,0",Minutes,"Inspector Junior, Inspector Senior",,4/11/2024,8/11/2024,In service,Asset Description 143,Good,Rue de la Loi,200.0,6000.0,Charleroi,Wallonia,Customer 5,0,30,11,2024-11-07 12:00,2024-11-07 12:30
1258,To do,Preventive-monthly-2,Structural and Mechanical Inspection,Preventive,monthly,2,3,"30,0",Minutes,"0,0",Minutes,"Inspector Junior, Inspector Senior",15.0,4/11/2024,8/11/2024,In service,Asset Description 143,Good,Rue de la Loi,200.0,6000.0,Charleroi,Wallonia,Customer 5,0,30,11,2024-11-07 12:30,2024-11-07 13:00
1259,To do,Preventive-monthly-3,Electrical and Control Systems Examination,Preventive,monthly,3,3,"30,0",Minutes,"0,0",Minutes,"Inspector Junior, Inspector Senior",16.0,4/11/2024,8/11/2024,In service,Asset Description 143,Good,Rue de la Loi,200.0,6000.0,Charleroi,Wallonia,Customer 5,0,30,11,2024-11-07 13:00,2024-11-07 13:30
1260,To do,Preventive-monthly-4,Performance and Load Testing,Preventive,monthly,4,3,"50,0",Minutes,"0,0",Minutes,"Inspector Junior, Inspector Senior",17.0,4/11/2024,8/11/2024,In service,Asset Description 143,Good,Rue de la Loi,200.0,6000.0,Charleroi,Wallonia,Customer 5,0,50,11,2024-11-07 13:30,2024-11-07 14:20
1261,To do,Preventive-monthly-5,Documentation and Compliance Verification,Preventive,monthly,5,3,"10,0",Minutes,"0,0",Minutes,"Inspector Junior, Inspector Senior",18.0,4/11/2024,8/11/2024,In service,Asset Description 143,Good,Rue de la Loi,200.0,6000.0,Charleroi,Wallonia,Customer 5,0,10,11,2024-11-07 14:20,2024-11-07 14:30
1252,To do,Preventive-monthly-1,Safety Systems Check,Preventive,monthly,1,3,"30,0",Minutes,"0,0",Minutes,"Inspector Junior, Inspector Senior",,4/11/2024,8/11/2024,In service,Asset Description 144,Good,Av. Baudouin de Constantinople,5.0,7000.0,Mons,Wallonia,Customer 44,0,30,11,2024-11-07 14:30,2024-11-07 15:00
1253,To do,Preventive-monthly-2,Structural and Mechanical Inspection,Preventive,monthly,2,3,"30,0",Minutes,"0,0",Minutes,"Inspector Junior, Inspector Senior",15.0,4/11/2024,8/11/2024,In service,Asset Description 144,Good,Av. Baudouin de Constantinople,5.0,7000.0,Mons,Wallonia,Customer 44,0,30,11,2024-11-07 15:00,2024-11-07 15:30
1254,To do,Preventive-monthly-3,Electrical and Control Systems Examination,Preventive,monthly,3,3,"30,0",Minutes,"0,0",Minutes,"Inspector Junior, Inspector Senior",16.0,4/11/2024,8/11/2024,In service,Asset Description 144,Good,Av. Baudouin de Constantinople,5.0,7000.0,Mons,Wallonia,Customer 44,0,30,11,2024-11-07 15:30,2024-11-07 16:00
1255,To do,Preventive-monthly-4,Performance and Load Testing,Preventive,monthly,4,3,"50,0",Minutes,"0,0",Minutes,"Inspector Junior, Inspector Senior",17.0,4/11/2024,8/11/2024,In service,Asset Description 144,Good,Av. Baudouin de Constantinople,5.0,7000.0,Mons,Wallonia,Customer 44,0,50,11,2024-11-07 16:00,2024-11-07 16:50
1256,To do,Preventive-monthly-5,Documentation and Compliance Verification,Preventive,monthly,5,3,"10,0",Minutes,"0,0",Minutes,"Inspector Junior, Inspector Senior",18.0,4/11/2024,8/11/2024,In service,Asset Description 144,Good,Av. Baudouin de Constantinople,5.0,7000.0,Mons,Wallonia,Customer 44,0,10,11,2024-11-07 16:50,2024-11-07 17:00
1247,To do,Preventive-monthly-1,Safety Systems Check,Preventive,monthly,1,3,"30,0",Minutes,"0,0",Minutes,"Inspector Junior, Inspector Senior",,11/11/2024,15/11/2024,In service,Asset Description 145,Good,Rue de la Science,14.0,4000.0,Liège,Wallonia,Customer 45,0,30,12,2024-11-07 13:00,2024-11-07 13:30
1248,To do,Preventive-monthly-2,Structural and Mechanical Inspection,Preventive,monthly,2,3,"30,0",Minutes,"0,0",Minutes,"Inspector Junior, Inspector Senior",15.0,11/11/2024,15/11/2024,In service,Asset Description 145,Good,Rue de la Science,14.0,4000.0,Liège,Wallonia,Customer 45,0,30,12,2024-11-07 13:30,2024-11-07 14:00
1249,To do,Preventive-monthly-3,Electrical and Control Systems Examination,Preventive,monthly,3,3,"30,0",Minutes,"0,0",Minutes,"Inspector Junior, Inspector Senior",16.0,11/11/2024,15/11/2024,In service,Asset Description 145,Good,Rue de la Science,14.0,4000.0,Liège,Wallonia,Customer 45,0,30,12,2024-11-07 14:00,2024-11-07 14:30
1250,To do,Preventive-monthly-4,Performance and Load Testing,Preventive,monthly,4,3,"50,0",Minutes,"0,0",Minutes,"Inspector Junior, Inspector Senior",17.0,11/11/2024,15/11/2024,In service,Asset Description 145,Good,Rue de la Science,14.0,4000.0,Liège,Wallonia,Customer 45,0,50,12,2024-11-07 14:30,2024-11-07 15:20
1251,To do,Preventive-monthly-5,Documentation and Compliance Verification,Preventive,monthly,5,3,"10,0",Minutes,"0,0",Minutes,"Inspector Junior, Inspector Senior",18.0,11/11/2024,15/11/2024,In service,Asset Description 145,Good,Rue de la Science,14.0,4000.0,Liège,Wallonia,Customer 45,0,10,12,2024-11-07 15:20,2024-11-07 15:30
1242,To do,Preventive-monthly-1,Safety Systems Check,Preventive,monthly,1,3,"30,0",Minutes,"0,0",Minutes,"Inspector Junior, Inspector Senior",,4/11/2024,8/11/2024,In service,Asset Description 146,Good,Rue Belliard,99.0,5000.0,Namur,Wallonia,Customer 56,0,30,12,2024-11-07 07:00,2024-11-07 07:30
1243,To do,Preventive-monthly-2,Structural and Mechanical Inspection,Preventive,monthly,2,3,"30,0",Minutes,"0,0",Minutes,"Inspector Junior, Inspector Senior",15.0,4/11/2024,8/11/2024,In service,Asset Description 146,Good,Rue Belliard,99.0,5000.0,Namur,Wallonia,Customer 56,0,30,12,2024-11-07 07:30,2024-11-07 08:00
1244,To do,Preventive-monthly-3,Electrical and Control Systems Examination,Preventive,monthly,3,3,"30,0",Minutes,"0,0",Minutes,"Inspector Junior, Inspector Senior",16.0,4/11/2024,8/11/2024,In service,Asset Description 146,Good,Rue Belliard,99.0,5000.0,Namur,Wallonia,Customer 56,0,30,12,2024-11-07 08:00,2024-11-07 08:30
1245,To do,Preventive-monthly-4,Performance and Load Testing,Preventive,monthly,4,3,"50,0",Minutes,"0,0",Minutes,"Inspector Junior, Inspector Senior",17.0,4/11/2024,8/11/2024,In service,Asset Description 146,Good,Rue Belliard,99.0,5000.0,Namur,Wallonia,Customer 56,0,50,12,2024-11-07 08:30,2024-11-07 09:20
1246,To do,Preventive-monthly-5,Documentation and Compliance Verification,Preventive,monthly,5,3,"10,0",Minutes,"0,0",Minutes,"Inspector Junior, Inspector Senior",18.0,4/11/2024,8/11/2024,In service,Asset Description 146,Good,Rue Belliard,99.0,5000.0,Namur,Wallonia,Customer 56,0,10,12,2024-11-07 09:20,2024-11-07 09:30
1237,To do,Preventive-monthly-1,Safety Systems Check,Preventive,monthly,1,3,"30,0",Minutes,"0,0",Minutes,"Inspector Junior, Inspector Senior",,4/11/2024,8/11/2024,,,,,,,,,,0,30,9,2024-11-05 07:50,2024-11-05 08:20
1238,To do,Preventive-monthly-2,Structural and Mechanical Inspection,Preventive,monthly,2,3,"30,0",Minutes,"0,0",Minutes,"Inspector Junior, Inspector Senior",15.0,4/11/2024,8/11/2024,,,,,,,,,,0,30,9,2024-11-05 08:20,2024-11-05 08:50
1239,To do,Preventive-monthly-3,Electrical and Control Systems Examination,Preventive,monthly,3,3,"30,0",Minutes,"0,0",Minutes,"Inspector Junior, Inspector Senior",16.0,4/11/2024,8/11/2024,,,,,,,,,,0,30,9,2024-11-05 08:50,2024-11-05 09:20
1240,To do,Preventive-monthly-4,Performance and Load Testing,Preventive,monthly,4,3,"50,0",Minutes,"0,0",Minutes,"Inspector Junior, Inspector Senior",17.0,4/11/2024,8/11/2024,,,,,,,,,,0,50,9,2024-11-05 09:20,2024-11-05 10:10
1241,To do,Preventive-monthly-5,Documentation and Compliance Verification,Preventive,monthly,5,3,"10,0",Minutes,"0,0",Minutes,"Inspector Junior, Inspector Senior",18.0,4/11/2024,8/11/2024,,,,,,,,,,0,10,12,2024-11-05 16:40,2024-11-05 16:50
1232,To do,Preventive-monthly-1,Safety Systems Check,Preventive,monthly,1,3,"30,0",Minutes,"0,0",Minutes,"Inspector Junior, Inspector Senior",,4/11/2024,8/11/2024,,,,,,,,,,0,30,9,2024-11-05 10:10,2024-11-05 10:40
1233,To do,Preventive-monthly-2,Structural and Mechanical Inspection,Preventive,monthly,2,3,"30,0",Minutes,"0,0",Minutes,"Inspector Junior, Inspector Senior",15.0,4/11/2024,8/11/2024,,,,,,,,,,0,30,9,2024-11-05 12:00,2024-11-05 12:30
1234,To do,Preventive-monthly-3,Electrical and Control Systems Examination,Preventive,monthly,3,3,"30,0",Minutes,"0,0",Minutes,"Inspector Junior, Inspector Senior",16.0,4/11/2024,8/11/2024,,,,,,,,,,0,30,9,2024-11-05 12:30,2024-11-05 13:00
1235,To do,Preventive-monthly-4,Performance and Load Testing,Preventive,monthly,4,3,"50,0",Minutes,"0,0",Minutes,"Inspector Junior, Inspector Senior",17.0,4/11/2024,8/11/2024,,,,,,,,,,0,50,9,2024-11-05 13:00,2024-11-05 13:50
1236,To do,Preventive-monthly-5,Documentation and Compliance Verification,Preventive,monthly,5,3,"10,0",Minutes,"0,0",Minutes,"Inspector Junior, Inspector Senior",18.0,4/11/2024,8/11/2024,,,,,,,,,,0,10,12,2024-11-05 16:50,2024-11-05 17:00
1227,To do,Preventive-monthly-1,Safety Systems Check,Preventive,monthly,1,3,"30,0",Minutes,"0,0",Minutes,"Inspector Junior, Inspector Senior",,11/11/2024,15/11/2024,,,,,,,,,,0,30,12,2024-11-06 16:10,2024-11-06 16:40
1228,To do,Preventive-monthly-2,Structural and Mechanical Inspection,Preventive,monthly,2,3,"30,0",Minutes,"0,0",Minutes,"Inspector Junior, Inspector Senior",15.0,11/11/2024,15/11/2024,,,,,,,,,,0,30,9,2024-11-06 07:00,2024-11-06 07:30
1229,To do,Preventive-monthly-3,Electrical and Control Systems Examination,Preventive,monthly,3,3,"30,0",Minutes,"0,0",Minutes,"Inspector Junior, Inspector Senior",16.0,11/11/2024,15/11/2024,,,,,,,,,,0,30,9,2024-11-06 07:30,2024-11-06 08:00
1230,To do,Preventive-monthly-4,Performance and Load Testing,Preventive,monthly,4,3,"50,0",Minutes,"0,0",Minutes,"Inspector Junior, Inspector Senior",17.0,11/11/2024,15/11/2024,,,,,,,,,,0,50,9,2024-11-06 08:00,2024-11-06 08:50
1231,To do,Preventive-monthly-5,Documentation and Compliance Verification,Preventive,monthly,5,3,"10,0",Minutes,"0,0",Minutes,"Inspector Junior, Inspector Senior",18.0,11/11/2024,15/11/2024,,,,,,,,,,0,10,12,2024-11-06 10:50,2024-11-06 11:00
1222,To do,Preventive-monthly-1,Safety Systems Check,Preventive,monthly,1,3,"30,0",Minutes,"0,0",Minutes,"Inspector Junior, Inspector Senior",,4/11/2024,8/11/2024,,,,,,,,,,0,30,9,2024-11-05 13:50,2024-11-05 14:20
1223,To do,Preventive-monthly-2,Structural and Mechanical Inspection,Preventive,monthly,2,3,"30,0",Minutes,"0,0",Minutes,"Inspector Junior, Inspector Senior",15.0,4/11/2024,8/11/2024,,,,,,,,,,0,30,9,2024-11-05 14:20,2024-11-05 14:50
1224,To do,Preventive-monthly-3,Electrical and Control Systems Examination,Preventive,monthly,3,3,"30,0",Minutes,"0,0",Minutes,"Inspector Junior, Inspector Senior",16.0,4/11/2024,8/11/2024,,,,,,,,,,0,30,9,2024-11-05 14:50,2024-11-05 15:20
1225,To do,Preventive-monthly-4,Performance and Load Testing,Preventive,monthly,4,3,"50,0",Minutes,"0,0",Minutes,"Inspector Junior, Inspector Senior",17.0,4/11/2024,8/11/2024,,,,,,,,,,0,50,9,2024-11-05 15:20,2024-11-05 16:10
1226,To do,Preventive-monthly-5,Documentation and Compliance Verification,Preventive,monthly,5,3,"10,0",Minutes,"0,0",Minutes,"Inspector Junior, Inspector Senior",18.0,4/11/2024,8/11/2024,,,,,,,,,,0,10,9,2024-11-05 10:40,2024-11-05 10:50
1217,To do,Preventive-monthly-1,Safety Systems Check,Preventive,monthly,1,3,"30,0",Minutes,"0,0",Minutes,"Inspector Junior, Inspector Senior",,4/11/2024,8/11/2024,,,,,,,,,,0,30,9,2024-11-05 16:10,2024-11-05 16:40
1218,To do,Preventive-monthly-2,Structural and Mechanical Inspection,Preventive,monthly,2,3,"30,0",Minutes,"0,0",Minutes,"Inspector Junior, Inspector Senior",15.0,4/11/2024,8/11/2024,,,,,,,,,,0,30,11,2024-11-06 07:00,2024-11-06 07:30
1219,To do,Preventive-monthly-3,Electrical and Control Systems Examination,Preventive,monthly,3,3,"30,0",Minutes,"0,0",Minutes,"Inspector Junior, Inspector Senior",16.0,4/11/2024,8/11/2024,,,,,,,,,,0,30,11,2024-11-06 07:30,2024-11-06 08:00
1220,To do,Preventive-monthly-4,Performance and Load Testing,Preventive,monthly,4,3,"50,0",Minutes,"0,0",Minutes,"Inspector Junior, Inspector Senior",17.0,4/11/2024,8/11/2024,,,,,,,,,,0,50,11,2024-11-06 08:00,2024-11-06 08:50
1221,To do,Preventive-monthly-5,Documentation and Compliance Verification,Preventive,monthly,5,3,"10,0",Minutes,"0,0",Minutes,"Inspector Junior, Inspector Senior",18.0,4/11/2024,8/11/2024,,,,,,,,,,0,10,11,2024-11-06 08:50,2024-11-06 09:00
1212,To do,Preventive-monthly-1,Safety Systems Check,Preventive,monthly,1,3,"30,0",Minutes,"0,0",Minutes,"Inspector Junior, Inspector Senior",,11/11/2024,15/11/2024,,,,,,,,,,0,30,9,2024-11-06 08:50,2024-11-06 09:20
1213,To do,Preventive-monthly-2,Structural and Mechanical Inspection,Preventive,monthly,2,3,"30,0",Minutes,"0,0",Minutes,"Inspector Junior, Inspector Senior",15.0,11/11/2024,15/11/2024,,,,,,,,,,0,30,9,2024-11-06 09:20,2024-11-06 09:50
1214,To do,Preventive-monthly-3,Electrical and Control Systems Examination,Preventive,monthly,3,3,"30,0",Minutes,"0,0",Minutes,"Inspector Junior, Inspector Senior",16.0,11/11/2024,15/11/2024,,,,,,,,,,0,30,9,2024-11-06 09:50,2024-11-06 10:20
1215,To do,Preventive-monthly-4,Performance and Load Testing,Preventive,monthly,4,3,"50,0",Minutes,"0,0",Minutes,"Inspector Junior, Inspector Senior",17.0,11/11/2024,15/11/2024,,,,,,,,,,0,50,9,2024-11-06 12:00,2024-11-06 12:50
1216,To do,Preventive-monthly-5,Documentation and Compliance Verification,Preventive,monthly,5,3,"10,0",Minutes,"0,0",Minutes,"Inspector Junior, Inspector Senior",18.0,11/11/2024,15/11/2024,,,,,,,,,,0,10,12,2024-11-06 16:40,2024-11-06 16:50
1207,To do,Preventive-monthly-1,Safety Systems Check,Preventive,monthly,1,3,"30,0",Minutes,"0,0",Minutes,"Inspector Junior, Inspector Senior",,4/11/2024,8/11/2024,,,,,,,,,,0,30,11,2024-11-06 09:00,2024-11-06 09:30
1208,To do,Preventive-monthly-2,Structural and Mechanical Inspection,Preventive,monthly,2,3,"30,0",Minutes,"0,0",Minutes,"Inspector Junior, Inspector Senior",15.0,4/11/2024,8/11/2024,,,,,,,,,,0,30,11,2024-11-06 09:30,2024-11-06 10:00
1209,To do,Preventive-monthly-3,Electrical and Control Systems Examination,Preventive,monthly,3,3,"30,0",Minutes,"0,0",Minutes,"Inspector Junior, Inspector Senior",16.0,4/11/2024,8/11/2024,,,,,,,,,,0,30,11,2024-11-06 10:00,2024-11-06 10:30
1210,To do,Preventive-monthly-4,Performance and Load Testing,Preventive,monthly,4,3,"50,0",Minutes,"0,0",Minutes,"Inspector Junior, Inspector Senior",17.0,4/11/2024,8/11/2024,,,,,,,,,,0,50,11,2024-11-06 12:00,2024-11-06 12:50
1211,To do,Preventive-monthly-5,Documentation and Compliance Verification,Preventive,monthly,5,3,"10,0",Minutes,"0,0",Minutes,"Inspector Junior, Inspector Senior",18.0,4/11/2024,8/11/2024,,,,,,,,,,0,10,11,2024-11-06 10:30,2024-11-06 10:40
1202,To do,Preventive-monthly-1,Safety Systems Check,Preventive,monthly,1,3,"30,0",Minutes,"0,0",Minutes,"Inspector Junior, Inspector Senior",,4/11/2024,8/11/2024,,,,,,,,,,0,30,11,2024-11-06 12:50,2024-11-06 13:20
1203,To do,Preventive-monthly-2,Structural and Mechanical Inspection,Preventive,monthly,2,3,"30,0",Minutes,"0,0",Minutes,"Inspector Junior, Inspector Senior",15.0,4/11/2024,8/11/2024,,,,,,,,,,0,30,11,2024-11-06 13:20,2024-11-06 13:50
1204,To do,Preventive-monthly-3,Electrical and Control Systems Examination,Preventive,monthly,3,3,"30,0",Minutes,"0,0",Minutes,"Inspector Junior, Inspector Senior",16.0,4/11/2024,8/11/2024,,,,,,,,,,0,30,11,2024-11-06 13:50,2024-11-06 14:20
1205,To do,Preventive-monthly-4,Performance and Load Testing,Preventive,monthly,4,3,"50,0",Minutes,"0,0",Minutes,"Inspector Junior, Inspector Senior",17.0,4/11/2024,8/11/2024,,,,,,,,,,0,50,11,2024-11-06 14:20,2024-11-06 15:10
1206,To do,Preventive-monthly-5,Documentation and Compliance Verification,Preventive,monthly,5,3,"10,0",Minutes,"0,0",Minutes,"Inspector Junior, Inspector Senior",18.0,4/11/2024,8/11/2024,,,,,,,,,,0,10,11,2024-11-06 10:40,2024-11-06 10:50
1264,To do,Corrective-Meca-1,Lubrication of Moving Parts,Corrective,Meca,1,2,"1,0",Hours,"0,0",Minutes,Mecanician,,,,,,,,,,,,,1,60,6,2024-11-07 07:00,2024-11-07 08:00
1265,To do,Corrective-Meca-2,Inspection and Adjustment of Suspension Cables,Corrective,Meca,2,2,"30,0",Minutes,"0,0",Minutes,Mecanician,23.0,,,,,,,,,,,,1,30,6,2024-11-07 08:00,2024-11-07 08:30
1266,To do,Corrective-Meca-3,Alignment and Adjustment of Door Mechanisms,Corrective,Meca,3,2,"30,0",Minutes,"0,0",Minutes,Mecanician,24.0,,,,,,,,,,,,1,30,6,2024-11-07 08:30,2024-11-07 09:00
1267,To do,Corrective-Meca-1,Lubrication of Moving Parts,Corrective,Meca,1,2,"1,0",Hours,"0,0",Minutes,Mecanician,,,,,,,,,,,,,1,60,6,2024-11-07 09:00,2024-11-07 10:00
1268,To do,Corrective-Meca-2,Inspection and Adjustment of Suspension Cables,Corrective,Meca,2,2,"30,0",Minutes,"0,0",Minutes,Mecanician,23.0,,,,,,,,,,,,1,30,6,2024-11-07 10:00,2024-11-07 10:30
1269,To do,Corrective-Meca-3,Alignment and Adjustment of Door Mechanisms,Corrective,Meca,3,2,"30,0",Minutes,"0,0",Minutes,Mecanician,24.0,,,,,,,,,,,,1,30,6,2024-11-07 10:30,2024-11-07 11:00
1270,To do,Corrective-Meca-1,Lubrication of Moving Parts,Corrective,Meca,1,2,"1,0",Hours,"0,0",Minutes,Mecanician,,,,,,,,,,,,,1,60,6,2024-11-07 12:00,2024-11-07 13:00
1271,To do,Corrective-Meca-2,Inspection and Adjustment of Suspension Cables,Corrective,Meca,2,2,"30,0",Minutes,"0,0",Minutes,Mecanician,23.0,,,,,,,,,,,,1,30,6,2024-11-07 13:00,2024-11-07 13:30
1272,To do,Corrective-Meca-3,Alignment and Adjustment of Door Mechanisms,Corrective,Meca,3,2,"30,0",Minutes,"0,0",Minutes,Mecanician,24.0,,,,,,,,,,,,1,30,6,2024-11-07 13:30,2024-11-07 14:00
1273,To do,Corrective-Meca-1,Lubrication of Moving Parts,Corrective,Meca,1,2,"1,0",Hours,"0,0",Minutes,Mecanician,,,,,,,,,,,,,1,60,6,2024-11-07 14:00,2024-11-07 15:00
1274,To do,Corrective-Meca-2,Inspection and Adjustment of Suspension Cables,Corrective,Meca,2,2,"30,0",Minutes,"0,0",Minutes,Mecanician,23.0,,,,,,,,,,,,1,30,6,2024-11-07 15:00,2024-11-07 15:30
1275,To do,Corrective-Meca-3,Alignment and Adjustment of Door Mechanisms,Corrective,Meca,3,2,"30,0",Minutes,"0,0",Minutes,Mecanician,24.0,,,,,,,,,,,,1,30,6,2024-11-07 15:30,2024-11-07 16:00
1276,To do,Corrective-Meca-1,Lubrication of Moving Parts,Corrective,Meca,1,2,"1,0",Hours,"0,0",Minutes,Mecanician,,,,,,,,,,,,,1,60,6,2024-11-07 16:00,2024-11-07 17:00
1277,To do,Corrective-Meca-2,Inspection and Adjustment of Suspension Cables,Corrective,Meca,2,2,"30,0",Minutes,"0,0",Minutes,Mecanician,23.0,,,,,,,,,,,,1,30,6,2024-11-08 07:00,2024-11-08 07:30
1278,To do,Corrective-Meca-3,Alignment and Adjustment of Door Mechanisms,Corrective,Meca,3,2,"30,0",Minutes,"0,0",Minutes,Mecanician,24.0,,,,,,,,,,,,1,30,6,2024-11-08 07:30,2024-11-08 08:00
1279,To do,Corrective-Meca-1,Lubrication of Moving Parts,Corrective,Meca,1,2,"1,0",Hours,"0,0",Minutes,Mecanician,,,,,,,,,,,,,1,60,6,2024-11-08 08:00,2024-11-08 09:00
1280,To do,Corrective-Meca-2,Inspection and Adjustment of Suspension Cables,Corrective,Meca,2,2,"30,0",Minutes,"0,0",Minutes,Mecanician,23.0,,,,,,,,,,,,1,30,6,2024-11-08 09:00,2024-11-08 09:30
1281,To do,Corrective-Meca-3,Alignment and Adjustment of Door Mechanisms,Corrective,Meca,3,2,"30,0",Minutes,"0,0",Minutes,Mecanician,24.0,,,,,,,,,,,,1,30,6,2024-11-08 09:30,2024-11-08 10:00
1282,To do,Corrective-Meca-1,Lubrication of Moving Parts,Corrective,Meca,1,2,"1,0",Hours,"0,0",Minutes,Mecanician,,,,,,,,,,,,,1,60,6,2024-11-08 10:00,2024-11-08 11:00
1283,To do,Corrective-Meca-2,Inspection and Adjustment of Suspension Cables,Corrective,Meca,2,2,"30,0",Minutes,"0,0",Minutes,Mecanician,23.0,,,,,,,,,,,,1,30,6,2024-11-08 12:00,2024-11-08 12:30
1284,To do,Corrective-Meca-3,Alignment and Adjustment of Door Mechanisms,Corrective,Meca,3,2,"30,0",Minutes,"0,0",Minutes,Mecanician,24.0,,,,,,,,,,,,1,30,6,2024-11-08 12:30,2024-11-08 13:00
1285,To do,Corrective-Meca-1,Lubrication of Moving Parts,Corrective,Meca,1,2,"1,0",Hours,"0,0",Minutes,Mecanician,,,,,,,,,,,,,1,60,6,2024-11-08 13:00,2024-11-08 14:00
1286,To do,Corrective-Meca-2,Inspection and Adjustment of Suspension Cables,Corrective,Meca,2,2,"30,0",Minutes,"0,0",Minutes,Mecanician,23.0,,,,,,,,,,,,1,30,6,2024-11-08 14:00,2024-11-08 14:30
1287,To do,Corrective-Meca-3,Alignment and Adjustment of Door Mechanisms,Corrective,Meca,3,2,"30,0",Minutes,"0,0",Minutes,Mecanician,24.0,,,,,,,,,,,,1,30,6,2024-11-08 14:30,2024-11-08 15:00
1288,To do,Corrective-Meca-1,Lubrication of Moving Parts,Corrective,Meca,1,2,"1,0",Hours,"0,0",Minutes,Mecanician,,,,,,,,,,,,,1,60,6,2024-11-08 15:00,2024-11-08 16:00
1289,To do,Corrective-Meca-2,Inspection and Adjustment of Suspension Cables,Corrective,Meca,2,2,"30,0",Minutes,"0,0",Minutes,Mecanician,23.0,,,,,,,,,,,,1,30,6,2024-11-08 16:00,2024-11-08 16:30
1290,To do,Corrective-Meca-3,Alignment and Adjustment of Door Mechanisms,Corrective,Meca,3,2,"30,0",Minutes,"0,0",Minutes,Mecanician,24.0,,,,,,,,,,,,1,30,6,2024-11-08 16:30,2024-11-08 17:00
1291,To do,Corrective-Meca-1,Lubrication of Moving Parts,Corrective,Meca,1,2,"1,0",Hours,"0,0",Minutes,Mecanician,,,,,,,,,,,,,1,60,6,2024-11-11 07:00,2024-11-11 08:00
1292,To do,Corrective-Meca-2,Inspection and Adjustment of Suspension Cables,Corrective,Meca,2,2,"30,0",Minutes,"0,0",Minutes,Mecanician,23.0,,,,,,,,,,,,1,30,6,2024-11-11 08:00,2024-11-11 08:30
1293,To do,Corrective-Meca-3,Alignment and Adjustment of Door Mechanisms,Corrective,Meca,3,2,"30,0",Minutes,"0,0",Minutes,Mecanician,24.0,,,,,,,,,,,,1,30,6,2024-11-11 08:30,2024-11-11 09:00
1294,To do,Corrective-Meca-1,Lubrication of Moving Parts,Corrective,Meca,1,2,"1,0",Hours,"0,0",Minutes,Mecanician,,,,,,,,,,,,,1,60,6,2024-11-11 09:00,2024-11-11 10:00
1295,To do,Corrective-Meca-2,Inspection and Adjustment of Suspension Cables,Corrective,Meca,2,2,"30,0",Minutes,"0,0",Minutes,Mecanician,23.0,,,,,,,,,,,,1,30,6,2024-11-11 10:00,2024-11-11 10:30
1296,To do,Corrective-Meca-3,Alignment and Adjustment of Door Mechanisms,Corrective,Meca,3,2,"30,0",Minutes,"0,0",Minutes,Mecanician,24.0,,,,,,,,,,,,1,30,6,2024-11-11 10:30,2024-11-11 11:00
1297,To do,Corrective-Meca-1,Lubrication of Moving Parts,Corrective,Meca,1,2,"1,0",Hours,"0,0",Minutes,Mecanician,,,,,,,,,,,,,1,60,6,2024-11-11 12:00,2024-11-11 13:00
1298,To do,Corrective-Meca-2,Inspection and Adjustment of Suspension Cables,Corrective,Meca,2,2,"30,0",Minutes,"0,0",Minutes,Mecanician,23.0,,,,,,,,,,,,1,30,6,2024-11-11 13:00,2024-11-11 13:30
1299,To do,Corrective-Meca-3,Alignment and Adjustment of Door Mechanisms,Corrective,Meca,3,2,"30,0",Minutes,"0,0",Minutes,Mecanician,24.0,,,,,,,,,,,,1,30,6,2024-11-11 13:30,2024-11-11 14:00
1300,To do,Corrective-Meca-1,Lubrication of Moving Parts,Corrective,Meca,1,2,"1,0",Hours,"0,0",Minutes,Mecanician,,,,,,,,,,,,,1,60,6,2024-11-11 14:00,2024-11-11 15:00
1301,To do,Corrective-Meca-2,Inspection and Adjustment of Suspension Cables,Corrective,Meca,2,2,"30,0",Minutes,"0,0",Minutes,Mecanician,23.0,,,,,,,,,,,,1,30,6,2024-11-11 15:00,2024-11-11 15:30
1302,To do,Corrective-Meca-3,Alignment and Adjustment of Door Mechanisms,Corrective,Meca,3,2,"30,0",Minutes,"0,0",Minutes,Mecanician,24.0,,,,,,,,,,,,1,30,6,2024-11-11 15:30,2024-11-11 16:00
1306,To do,Corrective-Elec-1,Inspection and Testing of Control Panels,Corrective,Elec,1,2,"45,0",Minutes,"0,0",Minutes,Electrician,,,,,,,,,,,,,1,45,2,2024-11-07 07:00,2024-11-07 07:45
1307,To do,Corrective-Elec-2,Checking and Testing of Safety Circuits,Corrective,Elec,2,2,"45,0",Minutes,"0,0",Minutes,Electrician,26.0,,,,,,,,,,,,1,45,2,2024-11-07 07:45,2024-11-07 08:30
1309,To do,Corrective-Elec-1,Inspection and Testing of Control Panels,Corrective,Elec,1,2,"45,0",Minutes,"0,0",Minutes,Electrician,,,,,,,,,,,,,1,45,2,2024-11-07 08:30,2024-11-07 09:15
1310,To do,Corrective-Elec-2,Checking and Testing of Safety Circuits,Corrective,Elec,2,2,"45,0",Minutes,"0,0",Minutes,Electrician,26.0,,,,,,,,,,,,1,45,2,2024-11-07 09:15,2024-11-07 10:00
1335,To do,Corrective-Elec-1,Inspection and Testing of Control Panels,Corrective,Elec,1,2,"45,0",Minutes,"0,0",Minutes,Electrician,,,,,,,,,,,,,1,45,2,2024-11-07 10:00,2024-11-07 10:45
1336,To do,Corrective-Elec-2,Checking and Testing of Safety Circuits,Corrective,Elec,2,2,"45,0",Minutes,"0,0",Minutes,Electrician,26.0,,,,,,,,,,,,1,45,2,2024-11-07 12:00,2024-11-07 12:45
1333,To do,Corrective-Elec-1,Inspection and Testing of Control Panels,Corrective,Elec,1,2,"45,0",Minutes,"0,0",Minutes,Electrician,,,,,,,,,,,,,1,45,2,2024-11-07 12:45,2024-11-07 13:30
1334,To do,Corrective-Elec-2,Checking and Testing of Safety Circuits,Corrective,Elec,2,2,"45,0",Minutes,"0,0",Minutes,Electrician,26.0,,,,,,,,,,,,1,45,2,2024-11-07 13:30,2024-11-07 14:15
1331,To do,Corrective-Elec-1,Inspection and Testing of Control Panels,Corrective,Elec,1,2,"45,0",Minutes,"0,0",Minutes,Electrician,,,,,,,,,,,,,1,45,2,2024-11-07 14:15,2024-11-07 15:00
1332,To do,Corrective-Elec-2,Checking and Testing of Safety Circuits,Corrective,Elec,2,2,"45,0",Minutes,"0,0",Minutes,Electrician,26.0,,,,,,,,,,,,1,45,2,2024-11-07 15:00,2024-11-07 15:45
1329,To do,Corrective-Elec-1,Inspection and Testing of Control Panels,Corrective,Elec,1,2,"45,0",Minutes,"0,0",Minutes,Electrician,,,,,,,,,,,,,1,45,2,2024-11-07 15:45,2024-11-07 16:30
1330,To do,Corrective-Elec-2,Checking and Testing of Safety Circuits,Corrective,Elec,2,2,"45,0",Minutes,"0,0",Minutes,Electrician,26.0,,,,,,,,,,,,1,45,2,2024-11-08 07:00,2024-11-08 07:45
1327,To do,Corrective-Elec-1,Inspection and Testing of Control Panels,Corrective,Elec,1,2,"45,0",Minutes,"0,0",Minutes,Electrician,,,,,,,,,,,,,1,45,2,2024-11-08 07:45,2024-11-08 08:30
1328,To do,Corrective-Elec-2,Checking and Testing of Safety Circuits,Corrective,Elec,2,2,"45,0",Minutes,"0,0",Minutes,Electrician,26.0,,,,,,,,,,,,1,45,2,2024-11-08 08:30,2024-11-08 09:15
1325,To do,Corrective-Elec-1,Inspection and Testing of Control Panels,Corrective,Elec,1,2,"45,0",Minutes,"0,0",Minutes,Electrician,,,,,,,,,,,,,1,45,2,2024-11-08 09:15,2024-11-08 10:00
1326,To do,Corrective-Elec-2,Checking and Testing of Safety Circuits,Corrective,Elec,2,2,"45,0",Minutes,"0,0",Minutes,Electrician,26.0,,,,,,,,,,,,1,45,2,2024-11-08 10:00,2024-11-08 10:45
1323,To do,Corrective-Elec-1,Inspection and Testing of Control Panels,Corrective,Elec,1,2,"45,0",Minutes,"0,0",Minutes,Electrician,,,,,,,,,,,,,1,45,2,2024-11-08 12:00,2024-11-08 12:45
1324,To do,Corrective-Elec-2,Checking and Testing of Safety Circuits,Corrective,Elec,2,2,"45,0",Minutes,"0,0",Minutes,Electrician,26.0,,,,,,,,,,,,1,45,2,2024-11-08 12:45,2024-11-08 13:30
1321,To do,Corrective-Elec-1,Inspection and Testing of Control Panels,Corrective,Elec,1,2,"45,0",Minutes,"0,0",Minutes,Electrician,,,,,,,,,,,,,1,45,2,2024-11-08 13:30,2024-11-08 14:15
1322,To do,Corrective-Elec-2,Checking and Testing of Safety Circuits,Corrective,Elec,2,2,"45,0",Minutes,"0,0",Minutes,Electrician,26.0,,,,,,,,,,,,1,45,2,2024-11-08 14:15,2024-11-08 15:00
1319,To do,Corrective-Elec-1,Inspection and Testing of Control Panels,Corrective,Elec,1,2,"45,0",Minutes,"0,0",Minutes,Electrician,,,,,,,,,,,,,1,45,2,2024-11-08 15:00,2024-11-08 15:45
1320,To do,Corrective-Elec-2,Checking and Testing of Safety Circuits,Corrective,Elec,2,2,"45,0",Minutes,"0,0",Minutes,Electrician,26.0,,,,,,,,,,,,1,45,2,2024-11-08 15:45,2024-11-08 16:30
1317,To do,Corrective-Elec-1,Inspection and Testing of Control Panels,Corrective,Elec,1,2,"45,0",Minutes,"0,0",Minutes,Electrician,,,,,,,,,,,,,1,45,2,2024-11-11 07:00,2024-11-11 07:45
1318,To do,Corrective-Elec-2,Checking and Testing of Safety Circuits,Corrective,Elec,2,2,"45,0",Minutes,"0,0",Minutes,Electrician,26.0,,,,,,,,,,,,1,45,2,2024-11-11 07:45,2024-11-11 08:30
