pk_woo_id,status,fk_operation_id,operation_key,operation_description,duration,duration_unit,predecessor_operation_key,fk_required_skill_id,required_skill_desc,order_basic_start_date,order_basic_end_date,operation_scheduled_start,operation_scheduled_end,confirmed_work,confirmed_work_unit,fk_assigned_technician_id,operation_type,operation_subtype,operation_order,fk_asset_id,priority_score
132,To do,15,Preventive-monthly-1,Safety Systems Check,"30,0",Minutes,,"3,4","Inspector Junior, Inspector Senior",4/11/2024,8/11/2024,,,"0,0",Minutes,,Preventive,monthly,1,1.0,2
133,To do,16,Preventive-monthly-2,Structural and Mechanical Inspection,"30,0",Minutes,15.0,"3,4","Inspector Junior, Inspector Senior",4/11/2024,8/11/2024,,,"0,0",Minutes,,Preventive,monthly,2,1.0,2
134,To do,17,Preventive-monthly-3,Electrical and Control Systems Examination,"30,0",Minutes,16.0,"3,4","Inspector Junior, Inspector Senior",4/11/2024,8/11/2024,,,"0,0",Minutes,,Preventive,monthly,3,1.0,2
135,To do,18,Preventive-monthly-4,Performance and Load Testing,"50,0",Minutes,17.0,"3,4","Inspector Junior, Inspector Senior",4/11/2024,8/11/2024,,,"0,0",Minutes,,Preventive,monthly,4,1.0,2
136,To do,19,Preventive-monthly-5,Documentation and Compliance Verification,"10,0",Minutes,18.0,"3,4","Inspector Junior, Inspector Senior",4/11/2024,8/11/2024,,,"0,0",Minutes,,Preventive,monthly,5,1.0,2
137,To do,1,Corrective-Breakdown-1,Secure the Area,"15,0",Minutes,,"1,2,4","Electrician, Mecanician, Inspector Senior",,,,,"0,0",Minutes,,Corrective,Breakdown,1,2.0,5
138,To do,2,Corrective-Breakdown-2,Preliminary Inspection,"20,0",Minutes,1.0,"1,2,4","Electrician, Mecanician, Inspector Senior",,,,,"0,0",Minutes,,Corrective,Breakdown,2,2.0,5
139,To do,3,Corrective-Breakdown-3,Diagnostics and Troubleshooting,"1,0",Hours,2.0,"1,2,4","Electrician, Mecanician, Inspector Senior",,,,,"0,0",Minutes,,Corrective,Breakdown,3,2.0,5
140,To do,4,Corrective-Breakdown-4,Component Repair or Replacement,"1,0",Hours,3.0,"1,2,4","Electrician, Mecanician, Inspector Senior",,,,,"0,0",Minutes,,Corrective,Breakdown,4,2.0,5
141,To do,7,Corrective-Breakdown-7,Post-Repair Adjustments,"20,0",Minutes,6.0,"1,2,4","Electrician, Mecanician, Inspector Senior",,,,,"0,0",Minutes,,Corrective,Breakdown,7,2.0,5
142,To do,5,Corrective-Breakdown-5,Control System Reset,"30,0",Minutes,4.0,"1,2,4","Electrician, Mecanician, Inspector Senior",,,,,"0,0",Minutes,,Corrective,Breakdown,5,2.0,5
143,To do,6,Corrective-Breakdown-6,Detailed Testing and Validation,"45,0",Minutes,5.0,"1,2,4","Electrician, Mecanician, Inspector Senior",,,,,"0,0",Minutes,,Corrective,Breakdown,6,2.0,5
144,To do,20,Corrective-Breakdown-8,System Cleanup and Safety Checks,"15,0",Minutes,7.0,"1,2,4","Electrician, Mecanician, Inspector Senior",,,,,"0,0",Minutes,,Corrective,Breakdown,8,2.0,5
145,To do,22,Corrective-Breakdown-10,Restore Service,"15,0",Minutes,21.0,"1,2,4","Electrician, Mecanician, Inspector Senior",,,,,"0,0",Minutes,,Corrective,Breakdown,10,2.0,5
146,To do,21,Corrective-Breakdown-9,Documentation and Reporting,"20,0",Minutes,20.0,"1,2,4","Electrician, Mecanician, Inspector Senior",,,,,"0,0",Minutes,,Corrective,Breakdown,9,2.0,5
147,To do,8,Corrective-Low-1,Diagnostics and Troubleshooting,"30,0",Minutes,,"1,2,3,4","Electrician, Mecanician, Inspector Junior, Inspector Senior",,,,,"0,0",Minutes,,Corrective,Low,1,3.0,1
148,To do,9,Corrective-Low-2,Component Repair and Replacement,"1,0",Hours,8.0,"1,2,3,4","Electrician, Mecanician, Inspector Junior, Inspector Senior",,,,,"0,0",Minutes,,Corrective,Low,2,3.0,1
149,To do,10,Corrective-Low-3,Control System Checks,"5,0",Minutes,9.0,"1,2,3,4","Electrician, Mecanician, Inspector Junior, Inspector Senior",,,,,"0,0",Minutes,,Corrective,Low,3,3.0,1
150,To do,11,Corrective-Low-4,Testing and Validation,"5,0",Minutes,10.0,"1,2,3,4","Electrician, Mecanician, Inspector Junior, Inspector Senior",,,,,"0,0",Minutes,,Corrective,Low,4,3.0,1
151,To do,12,Corrective-Low-5,Documentation and Reporting,"5,0",Minutes,11.0,"1,2,3,4","Electrician, Mecanician, Inspector Junior, Inspector Senior",,,,,"0,0",Minutes,,Corrective,Low,5,3.0,1
152,To do,13,Corrective-Low-6,Post-Maintenance Adjustments,"5,0",Minutes,12.0,"1,2,3,4","Electrician, Mecanician, Inspector Junior, Inspector Senior",,,,,"0,0",Minutes,,Corrective,Low,6,3.0,1
153,To do,14,Corrective-Low-7,System Cleanup and Safety Checks,"10,0",Minutes,13.0,"1,2,3,4","Electrician, Mecanician, Inspector Junior, Inspector Senior",,,,,"0,0",Minutes,,Corrective,Low,7,3.0,1
333,To do,15,Preventive-monthly-1,Safety Systems Check,"30,0",Minutes,,"3,4","Inspector Junior, Inspector Senior",4/11/2024,8/11/2024,,,"0,0",Minutes,,Preventive,monthly,1,4.0,2
334,To do,16,Preventive-monthly-2,Structural and Mechanical Inspection,"30,0",Minutes,15.0,"3,4","Inspector Junior, Inspector Senior",4/11/2024,8/11/2024,,,"0,0",Minutes,,Preventive,monthly,2,4.0,2
335,To do,17,Preventive-monthly-3,Electrical and Control Systems Examination,"30,0",Minutes,16.0,"3,4","Inspector Junior, Inspector Senior",4/11/2024,8/11/2024,,,"0,0",Minutes,,Preventive,monthly,3,4.0,2
336,To do,18,Preventive-monthly-4,Performance and Load Testing,"50,0",Minutes,17.0,"3,4","Inspector Junior, Inspector Senior",4/11/2024,8/11/2024,,,"0,0",Minutes,,Preventive,monthly,4,4.0,2
337,To do,19,Preventive-monthly-5,Documentation and Compliance Verification,"10,0",Minutes,18.0,"3,4","Inspector Junior, Inspector Senior",4/11/2024,8/11/2024,,,"0,0",Minutes,,Preventive,monthly,5,4.0,2
338,To do,15,Preventive-monthly-1,Safety Systems Check,"30,0",Minutes,,"3,4","Inspector Junior, Inspector Senior",4/11/2024,8/11/2024,,,"0,0",Minutes,,Preventive,monthly,1,5.0,2
339,To do,16,Preventive-monthly-2,Structural and Mechanical Inspection,"30,0",Minutes,15.0,"3,4","Inspector Junior, Inspector Senior",4/11/2024,8/11/2024,,,"0,0",Minutes,,Preventive,monthly,2,5.0,2
340,To do,17,Preventive-monthly-3,Electrical and Control Systems Examination,"30,0",Minutes,16.0,"3,4","Inspector Junior, Inspector Senior",4/11/2024,8/11/2024,,,"0,0",Minutes,,Preventive,monthly,3,5.0,2
341,To do,18,Preventive-monthly-4,Performance and Load Testing,"50,0",Minutes,17.0,"3,4","Inspector Junior, Inspector Senior",4/11/2024,8/11/2024,,,"0,0",Minutes,,Preventive,monthly,4,5.0,2
342,To do,19,Preventive-monthly-5,Documentation and Compliance Verification,"10,0",Minutes,18.0,"3,4","Inspector Junior, Inspector Senior",4/11/2024,8/11/2024,,,"0,0",Minutes,,Preventive,monthly,5,5.0,2
328,To do,15,Preventive-monthly-1,Safety Systems Check,"30,0",Minutes,,"3,4","Inspector Junior, Inspector Senior",4/11/2024,8/11/2024,,,"0,0",Minutes,,Preventive,monthly,1,6.0,2
329,To do,16,Preventive-monthly-2,Structural and Mechanical Inspection,"30,0",Minutes,15.0,"3,4","Inspector Junior, Inspector Senior",4/11/2024,8/11/2024,,,"0,0",Minutes,,Preventive,monthly,2,6.0,2
330,To do,17,Preventive-monthly-3,Electrical and Control Systems Examination,"30,0",Minutes,16.0,"3,4","Inspector Junior, Inspector Senior",4/11/2024,8/11/2024,,,"0,0",Minutes,,Preventive,monthly,3,6.0,2
331,To do,18,Preventive-monthly-4,Performance and Load Testing,"50,0",Minutes,17.0,"3,4","Inspector Junior, Inspector Senior",4/11/2024,8/11/2024,,,"0,0",Minutes,,Preventive,monthly,4,6.0,2
332,To do,19,Preventive-monthly-5,Documentation and Compliance Verification,"10,0",Minutes,18.0,"3,4","Inspector Junior, Inspector Senior",4/11/2024,8/11/2024,,,"0,0",Minutes,,Preventive,monthly,5,6.0,2
323,To do,15,Preventive-monthly-1,Safety Systems Check,"30,0",Minutes,,"3,4","Inspector Junior, Inspector Senior",4/11/2024,8/11/2024,,,"0,0",Minutes,,Preventive,monthly,1,7.0,2
324,To do,16,Preventive-monthly-2,Structural and Mechanical Inspection,"30,0",Minutes,15.0,"3,4","Inspector Junior, Inspector Senior",4/11/2024,8/11/2024,,,"0,0",Minutes,,Preventive,monthly,2,7.0,2
325,To do,17,Preventive-monthly-3,Electrical and Control Systems Examination,"30,0",Minutes,16.0,"3,4","Inspector Junior, Inspector Senior",4/11/2024,8/11/2024,,,"0,0",Minutes,,Preventive,monthly,3,7.0,2
326,To do,18,Preventive-monthly-4,Performance and Load Testing,"50,0",Minutes,17.0,"3,4","Inspector Junior, Inspector Senior",4/11/2024,8/11/2024,,,"0,0",Minutes,,Preventive,monthly,4,7.0,2
327,To do,19,Preventive-monthly-5,Documentation and Compliance Verification,"10,0",Minutes,18.0,"3,4","Inspector Junior, Inspector Senior",4/11/2024,8/11/2024,,,"0,0",Minutes,,Preventive,monthly,5,7.0,2
318,To do,15,Preventive-monthly-1,Safety Systems Check,"30,0",Minutes,,"3,4","Inspector Junior, Inspector Senior",11/11/2024,15/11/2024,,,"0,0",Minutes,,Preventive,monthly,1,8.0,2
319,To do,16,Preventive-monthly-2,Structural and Mechanical Inspection,"30,0",Minutes,15.0,"3,4","Inspector Junior, Inspector Senior",11/11/2024,15/11/2024,,,"0,0",Minutes,,Preventive,monthly,2,8.0,2
320,To do,17,Preventive-monthly-3,Electrical and Control Systems Examination,"30,0",Minutes,16.0,"3,4","Inspector Junior, Inspector Senior",11/11/2024,15/11/2024,,,"0,0",Minutes,,Preventive,monthly,3,8.0,2
321,To do,18,Preventive-monthly-4,Performance and Load Testing,"50,0",Minutes,17.0,"3,4","Inspector Junior, Inspector Senior",11/11/2024,15/11/2024,,,"0,0",Minutes,,Preventive,monthly,4,8.0,2
322,To do,19,Preventive-monthly-5,Documentation and Compliance Verification,"10,0",Minutes,18.0,"3,4","Inspector Junior, Inspector Senior",11/11/2024,15/11/2024,,,"0,0",Minutes,,Preventive,monthly,5,8.0,2
313,To do,15,Preventive-monthly-1,Safety Systems Check,"30,0",Minutes,,"3,4","Inspector Junior, Inspector Senior",4/11/2024,8/11/2024,,,"0,0",Minutes,,Preventive,monthly,1,9.0,2
314,To do,16,Preventive-monthly-2,Structural and Mechanical Inspection,"30,0",Minutes,15.0,"3,4","Inspector Junior, Inspector Senior",4/11/2024,8/11/2024,,,"0,0",Minutes,,Preventive,monthly,2,9.0,2
315,To do,17,Preventive-monthly-3,Electrical and Control Systems Examination,"30,0",Minutes,16.0,"3,4","Inspector Junior, Inspector Senior",4/11/2024,8/11/2024,,,"0,0",Minutes,,Preventive,monthly,3,9.0,2
316,To do,18,Preventive-monthly-4,Performance and Load Testing,"50,0",Minutes,17.0,"3,4","Inspector Junior, Inspector Senior",4/11/2024,8/11/2024,,,"0,0",Minutes,,Preventive,monthly,4,9.0,2
317,To do,19,Preventive-monthly-5,Documentation and Compliance Verification,"10,0",Minutes,18.0,"3,4","Inspector Junior, Inspector Senior",4/11/2024,8/11/2024,,,"0,0",Minutes,,Preventive,monthly,5,9.0,2
308,To do,15,Preventive-monthly-1,Safety Systems Check,"30,0",Minutes,,"3,4","Inspector Junior, Inspector Senior",4/11/2024,8/11/2024,,,"0,0",Minutes,,Preventive,monthly,1,10.0,2
309,To do,16,Preventive-monthly-2,Structural and Mechanical Inspection,"30,0",Minutes,15.0,"3,4","Inspector Junior, Inspector Senior",4/11/2024,8/11/2024,,,"0,0",Minutes,,Preventive,monthly,2,10.0,2
310,To do,17,Preventive-monthly-3,Electrical and Control Systems Examination,"30,0",Minutes,16.0,"3,4","Inspector Junior, Inspector Senior",4/11/2024,8/11/2024,,,"0,0",Minutes,,Preventive,monthly,3,10.0,2
311,To do,18,Preventive-monthly-4,Performance and Load Testing,"50,0",Minutes,17.0,"3,4","Inspector Junior, Inspector Senior",4/11/2024,8/11/2024,,,"0,0",Minutes,,Preventive,monthly,4,10.0,2
312,To do,19,Preventive-monthly-5,Documentation and Compliance Verification,"10,0",Minutes,18.0,"3,4","Inspector Junior, Inspector Senior",4/11/2024,8/11/2024,,,"0,0",Minutes,,Preventive,monthly,5,10.0,2
154,To do,8,Corrective-Low-1,Diagnostics and Troubleshooting,"30,0",Minutes,,"1,2,3,4","Electrician, Mecanician, Inspector Junior, Inspector Senior",,,,,"0,0",Minutes,,Corrective,Low,1,11.0,1
155,To do,9,Corrective-Low-2,Component Repair and Replacement,"1,0",Hours,8.0,"1,2,3,4","Electrician, Mecanician, Inspector Junior, Inspector Senior",,,,,"0,0",Minutes,,Corrective,Low,2,11.0,1
156,To do,10,Corrective-Low-3,Control System Checks,"5,0",Minutes,9.0,"1,2,3,4","Electrician, Mecanician, Inspector Junior, Inspector Senior",,,,,"0,0",Minutes,,Corrective,Low,3,11.0,1
157,To do,11,Corrective-Low-4,Testing and Validation,"5,0",Minutes,10.0,"1,2,3,4","Electrician, Mecanician, Inspector Junior, Inspector Senior",,,,,"0,0",Minutes,,Corrective,Low,4,11.0,1
158,To do,12,Corrective-Low-5,Documentation and Reporting,"5,0",Minutes,11.0,"1,2,3,4","Electrician, Mecanician, Inspector Junior, Inspector Senior",,,,,"0,0",Minutes,,Corrective,Low,5,11.0,1
159,To do,13,Corrective-Low-6,Post-Maintenance Adjustments,"5,0",Minutes,12.0,"1,2,3,4","Electrician, Mecanician, Inspector Junior, Inspector Senior",,,,,"0,0",Minutes,,Corrective,Low,6,11.0,1
160,To do,14,Corrective-Low-7,System Cleanup and Safety Checks,"10,0",Minutes,13.0,"1,2,3,4","Electrician, Mecanician, Inspector Junior, Inspector Senior",,,,,"0,0",Minutes,,Corrective,Low,7,11.0,1
161,To do,8,Corrective-Low-1,Diagnostics and Troubleshooting,"30,0",Minutes,,"1,2,3,4","Electrician, Mecanician, Inspector Junior, Inspector Senior",,,,,"0,0",Minutes,,Corrective,Low,1,12.0,1
162,To do,9,Corrective-Low-2,Component Repair and Replacement,"1,0",Hours,8.0,"1,2,3,4","Electrician, Mecanician, Inspector Junior, Inspector Senior",,,,,"0,0",Minutes,,Corrective,Low,2,12.0,1
163,To do,10,Corrective-Low-3,Control System Checks,"5,0",Minutes,9.0,"1,2,3,4","Electrician, Mecanician, Inspector Junior, Inspector Senior",,,,,"0,0",Minutes,,Corrective,Low,3,12.0,1
164,To do,11,Corrective-Low-4,Testing and Validation,"5,0",Minutes,10.0,"1,2,3,4","Electrician, Mecanician, Inspector Junior, Inspector Senior",,,,,"0,0",Minutes,,Corrective,Low,4,12.0,1
165,To do,12,Corrective-Low-5,Documentation and Reporting,"5,0",Minutes,11.0,"1,2,3,4","Electrician, Mecanician, Inspector Junior, Inspector Senior",,,,,"0,0",Minutes,,Corrective,Low,5,12.0,1
166,To do,13,Corrective-Low-6,Post-Maintenance Adjustments,"5,0",Minutes,12.0,"1,2,3,4","Electrician, Mecanician, Inspector Junior, Inspector Senior",,,,,"0,0",Minutes,,Corrective,Low,6,12.0,1
167,To do,14,Corrective-Low-7,System Cleanup and Safety Checks,"10,0",Minutes,13.0,"1,2,3,4","Electrician, Mecanician, Inspector Junior, Inspector Senior",,,,,"0,0",Minutes,,Corrective,Low,7,12.0,1
168,To do,8,Corrective-Low-1,Diagnostics and Troubleshooting,"30,0",Minutes,,"1,2,3,4","Electrician, Mecanician, Inspector Junior, Inspector Senior",,,,,"0,0",Minutes,,Corrective,Low,1,13.0,1
169,To do,9,Corrective-Low-2,Component Repair and Replacement,"1,0",Hours,8.0,"1,2,3,4","Electrician, Mecanician, Inspector Junior, Inspector Senior",,,,,"0,0",Minutes,,Corrective,Low,2,13.0,1
170,To do,10,Corrective-Low-3,Control System Checks,"5,0",Minutes,9.0,"1,2,3,4","Electrician, Mecanician, Inspector Junior, Inspector Senior",,,,,"0,0",Minutes,,Corrective,Low,3,13.0,1
171,To do,11,Corrective-Low-4,Testing and Validation,"5,0",Minutes,10.0,"1,2,3,4","Electrician, Mecanician, Inspector Junior, Inspector Senior",,,,,"0,0",Minutes,,Corrective,Low,4,13.0,1
172,To do,12,Corrective-Low-5,Documentation and Reporting,"5,0",Minutes,11.0,"1,2,3,4","Electrician, Mecanician, Inspector Junior, Inspector Senior",,,,,"0,0",Minutes,,Corrective,Low,5,13.0,1
173,To do,13,Corrective-Low-6,Post-Maintenance Adjustments,"5,0",Minutes,12.0,"1,2,3,4","Electrician, Mecanician, Inspector Junior, Inspector Senior",,,,,"0,0",Minutes,,Corrective,Low,6,13.0,1
174,To do,14,Corrective-Low-7,System Cleanup and Safety Checks,"10,0",Minutes,13.0,"1,2,3,4","Electrician, Mecanician, Inspector Junior, Inspector Senior",,,,,"0,0",Minutes,,Corrective,Low,7,13.0,1
1337,To do,8,Corrective-Low-1,Diagnostics and Troubleshooting,"30,0",Minutes,,"1,2,3,4","Electrician, Mecanician, Inspector Junior, Inspector Senior",,,,,"0,0",Minutes,,Corrective,Low,1,14.0,1
1338,To do,9,Corrective-Low-2,Component Repair and Replacement,"1,0",Hours,8.0,"1,2,3,4","Electrician, Mecanician, Inspector Junior, Inspector Senior",,,,,"0,0",Minutes,,Corrective,Low,2,14.0,1
1339,To do,10,Corrective-Low-3,Control System Checks,"5,0",Minutes,9.0,"1,2,3,4","Electrician, Mecanician, Inspector Junior, Inspector Senior",,,,,"0,0",Minutes,,Corrective,Low,3,14.0,1
1340,To do,11,Corrective-Low-4,Testing and Validation,"5,0",Minutes,10.0,"1,2,3,4","Electrician, Mecanician, Inspector Junior, Inspector Senior",,,,,"0,0",Minutes,,Corrective,Low,4,14.0,1
1341,To do,12,Corrective-Low-5,Documentation and Reporting,"5,0",Minutes,11.0,"1,2,3,4","Electrician, Mecanician, Inspector Junior, Inspector Senior",,,,,"0,0",Minutes,,Corrective,Low,5,14.0,1
1342,To do,13,Corrective-Low-6,Post-Maintenance Adjustments,"5,0",Minutes,12.0,"1,2,3,4","Electrician, Mecanician, Inspector Junior, Inspector Senior",,,,,"0,0",Minutes,,Corrective,Low,6,14.0,1
1343,To do,14,Corrective-Low-7,System Cleanup and Safety Checks,"10,0",Minutes,13.0,"1,2,3,4","Electrician, Mecanician, Inspector Junior, Inspector Senior",,,,,"0,0",Minutes,,Corrective,Low,7,14.0,1
1344,To do,8,Corrective-Low-1,Diagnostics and Troubleshooting,"30,0",Minutes,,"1,2,3,4","Electrician, Mecanician, Inspector Junior, Inspector Senior",,,,,"0,0",Minutes,,Corrective,Low,1,15.0,1
1345,To do,9,Corrective-Low-2,Component Repair and Replacement,"1,0",Hours,8.0,"1,2,3,4","Electrician, Mecanician, Inspector Junior, Inspector Senior",,,,,"0,0",Minutes,,Corrective,Low,2,15.0,1
1346,To do,10,Corrective-Low-3,Control System Checks,"5,0",Minutes,9.0,"1,2,3,4","Electrician, Mecanician, Inspector Junior, Inspector Senior",,,,,"0,0",Minutes,,Corrective,Low,3,15.0,1
1347,To do,11,Corrective-Low-4,Testing and Validation,"5,0",Minutes,10.0,"1,2,3,4","Electrician, Mecanician, Inspector Junior, Inspector Senior",,,,,"0,0",Minutes,,Corrective,Low,4,15.0,1
1348,To do,12,Corrective-Low-5,Documentation and Reporting,"5,0",Minutes,11.0,"1,2,3,4","Electrician, Mecanician, Inspector Junior, Inspector Senior",,,,,"0,0",Minutes,,Corrective,Low,5,15.0,1
1349,To do,13,Corrective-Low-6,Post-Maintenance Adjustments,"5,0",Minutes,12.0,"1,2,3,4","Electrician, Mecanician, Inspector Junior, Inspector Senior",,,,,"0,0",Minutes,,Corrective,Low,6,15.0,1
1350,To do,14,Corrective-Low-7,System Cleanup and Safety Checks,"10,0",Minutes,13.0,"1,2,3,4","Electrician, Mecanician, Inspector Junior, Inspector Senior",,,,,"0,0",Minutes,,Corrective,Low,7,15.0,1
252,To do,8,Corrective-Low-1,Diagnostics and Troubleshooting,"30,0",Minutes,,"1,2,3,4","Electrician, Mecanician, Inspector Junior, Inspector Senior",,,,,"0,0",Minutes,,Corrective,Low,1,16.0,1
253,To do,9,Corrective-Low-2,Component Repair and Replacement,"1,0",Hours,8.0,"1,2,3,4","Electrician, Mecanician, Inspector Junior, Inspector Senior",,,,,"0,0",Minutes,,Corrective,Low,2,16.0,1
254,To do,10,Corrective-Low-3,Control System Checks,"5,0",Minutes,9.0,"1,2,3,4","Electrician, Mecanician, Inspector Junior, Inspector Senior",,,,,"0,0",Minutes,,Corrective,Low,3,16.0,1
255,To do,11,Corrective-Low-4,Testing and Validation,"5,0",Minutes,10.0,"1,2,3,4","Electrician, Mecanician, Inspector Junior, Inspector Senior",,,,,"0,0",Minutes,,Corrective,Low,4,16.0,1
256,To do,12,Corrective-Low-5,Documentation and Reporting,"5,0",Minutes,11.0,"1,2,3,4","Electrician, Mecanician, Inspector Junior, Inspector Senior",,,,,"0,0",Minutes,,Corrective,Low,5,16.0,1
257,To do,13,Corrective-Low-6,Post-Maintenance Adjustments,"5,0",Minutes,12.0,"1,2,3,4","Electrician, Mecanician, Inspector Junior, Inspector Senior",,,,,"0,0",Minutes,,Corrective,Low,6,16.0,1
258,To do,14,Corrective-Low-7,System Cleanup and Safety Checks,"10,0",Minutes,13.0,"1,2,3,4","Electrician, Mecanician, Inspector Junior, Inspector Senior",,,,,"0,0",Minutes,,Corrective,Low,7,16.0,1
259,To do,8,Corrective-Low-1,Diagnostics and Troubleshooting,"30,0",Minutes,,"1,2,3,4","Electrician, Mecanician, Inspector Junior, Inspector Senior",,,,,"0,0",Minutes,,Corrective,Low,1,17.0,1
260,To do,9,Corrective-Low-2,Component Repair and Replacement,"1,0",Hours,8.0,"1,2,3,4","Electrician, Mecanician, Inspector Junior, Inspector Senior",,,,,"0,0",Minutes,,Corrective,Low,2,17.0,1
261,To do,10,Corrective-Low-3,Control System Checks,"5,0",Minutes,9.0,"1,2,3,4","Electrician, Mecanician, Inspector Junior, Inspector Senior",,,,,"0,0",Minutes,,Corrective,Low,3,17.0,1
262,To do,11,Corrective-Low-4,Testing and Validation,"5,0",Minutes,10.0,"1,2,3,4","Electrician, Mecanician, Inspector Junior, Inspector Senior",,,,,"0,0",Minutes,,Corrective,Low,4,17.0,1
263,To do,12,Corrective-Low-5,Documentation and Reporting,"5,0",Minutes,11.0,"1,2,3,4","Electrician, Mecanician, Inspector Junior, Inspector Senior",,,,,"0,0",Minutes,,Corrective,Low,5,17.0,1
264,To do,13,Corrective-Low-6,Post-Maintenance Adjustments,"5,0",Minutes,12.0,"1,2,3,4","Electrician, Mecanician, Inspector Junior, Inspector Senior",,,,,"0,0",Minutes,,Corrective,Low,6,17.0,1
265,To do,14,Corrective-Low-7,System Cleanup and Safety Checks,"10,0",Minutes,13.0,"1,2,3,4","Electrician, Mecanician, Inspector Junior, Inspector Senior",,,,,"0,0",Minutes,,Corrective,Low,7,17.0,1
245,To do,8,Corrective-Low-1,Diagnostics and Troubleshooting,"30,0",Minutes,,"1,2,3,4","Electrician, Mecanician, Inspector Junior, Inspector Senior",,,,,"0,0",Minutes,,Corrective,Low,1,18.0,1
246,To do,9,Corrective-Low-2,Component Repair and Replacement,"1,0",Hours,8.0,"1,2,3,4","Electrician, Mecanician, Inspector Junior, Inspector Senior",,,,,"0,0",Minutes,,Corrective,Low,2,18.0,1
247,To do,10,Corrective-Low-3,Control System Checks,"5,0",Minutes,9.0,"1,2,3,4","Electrician, Mecanician, Inspector Junior, Inspector Senior",,,,,"0,0",Minutes,,Corrective,Low,3,18.0,1
248,To do,11,Corrective-Low-4,Testing and Validation,"5,0",Minutes,10.0,"1,2,3,4","Electrician, Mecanician, Inspector Junior, Inspector Senior",,,,,"0,0",Minutes,,Corrective,Low,4,18.0,1
249,To do,12,Corrective-Low-5,Documentation and Reporting,"5,0",Minutes,11.0,"1,2,3,4","Electrician, Mecanician, Inspector Junior, Inspector Senior",,,,,"0,0",Minutes,,Corrective,Low,5,18.0,1
250,To do,13,Corrective-Low-6,Post-Maintenance Adjustments,"5,0",Minutes,12.0,"1,2,3,4","Electrician, Mecanician, Inspector Junior, Inspector Senior",,,,,"0,0",Minutes,,Corrective,Low,6,18.0,1
251,To do,14,Corrective-Low-7,System Cleanup and Safety Checks,"10,0",Minutes,13.0,"1,2,3,4","Electrician, Mecanician, Inspector Junior, Inspector Senior",,,,,"0,0",Minutes,,Corrective,Low,7,18.0,1
238,To do,8,Corrective-Low-1,Diagnostics and Troubleshooting,"30,0",Minutes,,"1,2,3,4","Electrician, Mecanician, Inspector Junior, Inspector Senior",,,,,"0,0",Minutes,,Corrective,Low,1,19.0,1
239,To do,9,Corrective-Low-2,Component Repair and Replacement,"1,0",Hours,8.0,"1,2,3,4","Electrician, Mecanician, Inspector Junior, Inspector Senior",,,,,"0,0",Minutes,,Corrective,Low,2,19.0,1
240,To do,10,Corrective-Low-3,Control System Checks,"5,0",Minutes,9.0,"1,2,3,4","Electrician, Mecanician, Inspector Junior, Inspector Senior",,,,,"0,0",Minutes,,Corrective,Low,3,19.0,1
241,To do,11,Corrective-Low-4,Testing and Validation,"5,0",Minutes,10.0,"1,2,3,4","Electrician, Mecanician, Inspector Junior, Inspector Senior",,,,,"0,0",Minutes,,Corrective,Low,4,19.0,1
242,To do,12,Corrective-Low-5,Documentation and Reporting,"5,0",Minutes,11.0,"1,2,3,4","Electrician, Mecanician, Inspector Junior, Inspector Senior",,,,,"0,0",Minutes,,Corrective,Low,5,19.0,1
243,To do,13,Corrective-Low-6,Post-Maintenance Adjustments,"5,0",Minutes,12.0,"1,2,3,4","Electrician, Mecanician, Inspector Junior, Inspector Senior",,,,,"0,0",Minutes,,Corrective,Low,6,19.0,1
244,To do,14,Corrective-Low-7,System Cleanup and Safety Checks,"10,0",Minutes,13.0,"1,2,3,4","Electrician, Mecanician, Inspector Junior, Inspector Senior",,,,,"0,0",Minutes,,Corrective,Low,7,19.0,1
303,To do,15,Preventive-monthly-1,Safety Systems Check,"30,0",Minutes,,"3,4","Inspector Junior, Inspector Senior",4/11/2024,8/11/2024,,,"0,0",Minutes,,Preventive,monthly,1,20.0,2
304,To do,16,Preventive-monthly-2,Structural and Mechanical Inspection,"30,0",Minutes,15.0,"3,4","Inspector Junior, Inspector Senior",4/11/2024,8/11/2024,,,"0,0",Minutes,,Preventive,monthly,2,20.0,2
305,To do,17,Preventive-monthly-3,Electrical and Control Systems Examination,"30,0",Minutes,16.0,"3,4","Inspector Junior, Inspector Senior",4/11/2024,8/11/2024,,,"0,0",Minutes,,Preventive,monthly,3,20.0,2
306,To do,18,Preventive-monthly-4,Performance and Load Testing,"50,0",Minutes,17.0,"3,4","Inspector Junior, Inspector Senior",4/11/2024,8/11/2024,,,"0,0",Minutes,,Preventive,monthly,4,20.0,2
307,To do,19,Preventive-monthly-5,Documentation and Compliance Verification,"10,0",Minutes,18.0,"3,4","Inspector Junior, Inspector Senior",4/11/2024,8/11/2024,,,"0,0",Minutes,,Preventive,monthly,5,20.0,2
298,To do,15,Preventive-monthly-1,Safety Systems Check,"30,0",Minutes,,"3,4","Inspector Junior, Inspector Senior",11/11/2024,15/11/2024,,,"0,0",Minutes,,Preventive,monthly,1,21.0,2
299,To do,16,Preventive-monthly-2,Structural and Mechanical Inspection,"30,0",Minutes,15.0,"3,4","Inspector Junior, Inspector Senior",11/11/2024,15/11/2024,,,"0,0",Minutes,,Preventive,monthly,2,21.0,2
300,To do,17,Preventive-monthly-3,Electrical and Control Systems Examination,"30,0",Minutes,16.0,"3,4","Inspector Junior, Inspector Senior",11/11/2024,15/11/2024,,,"0,0",Minutes,,Preventive,monthly,3,21.0,2
301,To do,18,Preventive-monthly-4,Performance and Load Testing,"50,0",Minutes,17.0,"3,4","Inspector Junior, Inspector Senior",11/11/2024,15/11/2024,,,"0,0",Minutes,,Preventive,monthly,4,21.0,2
302,To do,19,Preventive-monthly-5,Documentation and Compliance Verification,"10,0",Minutes,18.0,"3,4","Inspector Junior, Inspector Senior",11/11/2024,15/11/2024,,,"0,0",Minutes,,Preventive,monthly,5,21.0,2
276,To do,15,Preventive-monthly-1,Safety Systems Check,"30,0",Minutes,,"3,4","Inspector Junior, Inspector Senior",4/11/2024,8/11/2024,,,"0,0",Minutes,,Preventive,monthly,1,22.0,2
277,To do,16,Preventive-monthly-2,Structural and Mechanical Inspection,"30,0",Minutes,15.0,"3,4","Inspector Junior, Inspector Senior",4/11/2024,8/11/2024,,,"0,0",Minutes,,Preventive,monthly,2,22.0,2
278,To do,17,Preventive-monthly-3,Electrical and Control Systems Examination,"30,0",Minutes,16.0,"3,4","Inspector Junior, Inspector Senior",4/11/2024,8/11/2024,,,"0,0",Minutes,,Preventive,monthly,3,22.0,2
279,To do,18,Preventive-monthly-4,Performance and Load Testing,"50,0",Minutes,17.0,"3,4","Inspector Junior, Inspector Senior",4/11/2024,8/11/2024,,,"0,0",Minutes,,Preventive,monthly,4,22.0,2
280,To do,19,Preventive-monthly-5,Documentation and Compliance Verification,"10,0",Minutes,18.0,"3,4","Inspector Junior, Inspector Senior",4/11/2024,8/11/2024,,,"0,0",Minutes,,Preventive,monthly,5,22.0,2
281,To do,15,Preventive-monthly-1,Safety Systems Check,"30,0",Minutes,,"3,4","Inspector Junior, Inspector Senior",4/11/2024,8/11/2024,,,"0,0",Minutes,,Preventive,monthly,1,23.0,2
282,To do,16,Preventive-monthly-2,Structural and Mechanical Inspection,"30,0",Minutes,15.0,"3,4","Inspector Junior, Inspector Senior",4/11/2024,8/11/2024,,,"0,0",Minutes,,Preventive,monthly,2,23.0,2
283,To do,17,Preventive-monthly-3,Electrical and Control Systems Examination,"30,0",Minutes,16.0,"3,4","Inspector Junior, Inspector Senior",4/11/2024,8/11/2024,,,"0,0",Minutes,,Preventive,monthly,3,23.0,2
284,To do,18,Preventive-monthly-4,Performance and Load Testing,"50,0",Minutes,17.0,"3,4","Inspector Junior, Inspector Senior",4/11/2024,8/11/2024,,,"0,0",Minutes,,Preventive,monthly,4,23.0,2
285,To do,19,Preventive-monthly-5,Documentation and Compliance Verification,"10,0",Minutes,18.0,"3,4","Inspector Junior, Inspector Senior",4/11/2024,8/11/2024,,,"0,0",Minutes,,Preventive,monthly,5,23.0,2
286,To do,15,Preventive-monthly-1,Safety Systems Check,"30,0",Minutes,,"3,4","Inspector Junior, Inspector Senior",4/11/2024,8/11/2024,,,"0,0",Minutes,,Preventive,monthly,1,24.0,2
287,To do,16,Preventive-monthly-2,Structural and Mechanical Inspection,"30,0",Minutes,15.0,"3,4","Inspector Junior, Inspector Senior",4/11/2024,8/11/2024,,,"0,0",Minutes,,Preventive,monthly,2,24.0,2
288,To do,17,Preventive-monthly-3,Electrical and Control Systems Examination,"30,0",Minutes,16.0,"3,4","Inspector Junior, Inspector Senior",4/11/2024,8/11/2024,,,"0,0",Minutes,,Preventive,monthly,3,24.0,2
289,To do,18,Preventive-monthly-4,Performance and Load Testing,"50,0",Minutes,17.0,"3,4","Inspector Junior, Inspector Senior",4/11/2024,8/11/2024,,,"0,0",Minutes,,Preventive,monthly,4,24.0,2
290,To do,19,Preventive-monthly-5,Documentation and Compliance Verification,"10,0",Minutes,18.0,"3,4","Inspector Junior, Inspector Senior",4/11/2024,8/11/2024,,,"0,0",Minutes,,Preventive,monthly,5,24.0,2
291,To do,15,Preventive-monthly-1,Safety Systems Check,"30,0",Minutes,,"3,4","Inspector Junior, Inspector Senior",11/11/2024,15/11/2024,,,"0,0",Minutes,,Preventive,monthly,1,25.0,2
292,To do,16,Preventive-monthly-2,Structural and Mechanical Inspection,"30,0",Minutes,15.0,"3,4","Inspector Junior, Inspector Senior",11/11/2024,15/11/2024,,,"0,0",Minutes,,Preventive,monthly,2,25.0,2
293,To do,17,Preventive-monthly-3,Electrical and Control Systems Examination,"30,0",Minutes,16.0,"3,4","Inspector Junior, Inspector Senior",11/11/2024,15/11/2024,,,"0,0",Minutes,,Preventive,monthly,3,25.0,2
294,To do,18,Preventive-monthly-4,Performance and Load Testing,"50,0",Minutes,17.0,"3,4","Inspector Junior, Inspector Senior",11/11/2024,15/11/2024,,,"0,0",Minutes,,Preventive,monthly,4,25.0,2
295,To do,19,Preventive-monthly-5,Documentation and Compliance Verification,"10,0",Minutes,18.0,"3,4","Inspector Junior, Inspector Senior",11/11/2024,15/11/2024,,,"0,0",Minutes,,Preventive,monthly,5,25.0,2
271,To do,15,Preventive-monthly-1,Safety Systems Check,"30,0",Minutes,,"3,4","Inspector Junior, Inspector Senior",4/11/2024,8/11/2024,,,"0,0",Minutes,,Preventive,monthly,1,26.0,2
272,To do,16,Preventive-monthly-2,Structural and Mechanical Inspection,"30,0",Minutes,15.0,"3,4","Inspector Junior, Inspector Senior",4/11/2024,8/11/2024,,,"0,0",Minutes,,Preventive,monthly,2,26.0,2
273,To do,17,Preventive-monthly-3,Electrical and Control Systems Examination,"30,0",Minutes,16.0,"3,4","Inspector Junior, Inspector Senior",4/11/2024,8/11/2024,,,"0,0",Minutes,,Preventive,monthly,3,26.0,2
274,To do,18,Preventive-monthly-4,Performance and Load Testing,"50,0",Minutes,17.0,"3,4","Inspector Junior, Inspector Senior",4/11/2024,8/11/2024,,,"0,0",Minutes,,Preventive,monthly,4,26.0,2
275,To do,19,Preventive-monthly-5,Documentation and Compliance Verification,"10,0",Minutes,18.0,"3,4","Inspector Junior, Inspector Senior",4/11/2024,8/11/2024,,,"0,0",Minutes,,Preventive,monthly,5,26.0,2
266,To do,15,Preventive-monthly-1,Safety Systems Check,"30,0",Minutes,,"3,4","Inspector Junior, Inspector Senior",4/11/2024,8/11/2024,,,"0,0",Minutes,,Preventive,monthly,1,27.0,2
267,To do,16,Preventive-monthly-2,Structural and Mechanical Inspection,"30,0",Minutes,15.0,"3,4","Inspector Junior, Inspector Senior",4/11/2024,8/11/2024,,,"0,0",Minutes,,Preventive,monthly,2,27.0,2
268,To do,17,Preventive-monthly-3,Electrical and Control Systems Examination,"30,0",Minutes,16.0,"3,4","Inspector Junior, Inspector Senior",4/11/2024,8/11/2024,,,"0,0",Minutes,,Preventive,monthly,3,27.0,2
269,To do,18,Preventive-monthly-4,Performance and Load Testing,"50,0",Minutes,17.0,"3,4","Inspector Junior, Inspector Senior",4/11/2024,8/11/2024,,,"0,0",Minutes,,Preventive,monthly,4,27.0,2
270,To do,19,Preventive-monthly-5,Documentation and Compliance Verification,"10,0",Minutes,18.0,"3,4","Inspector Junior, Inspector Senior",4/11/2024,8/11/2024,,,"0,0",Minutes,,Preventive,monthly,5,27.0,2
231,To do,8,Corrective-Low-1,Diagnostics and Troubleshooting,"30,0",Minutes,,"1,2,3,4","Electrician, Mecanician, Inspector Junior, Inspector Senior",,,,,"0,0",Minutes,,Corrective,Low,1,28.0,1
232,To do,9,Corrective-Low-2,Component Repair and Replacement,"1,0",Hours,8.0,"1,2,3,4","Electrician, Mecanician, Inspector Junior, Inspector Senior",,,,,"0,0",Minutes,,Corrective,Low,2,28.0,1
233,To do,10,Corrective-Low-3,Control System Checks,"5,0",Minutes,9.0,"1,2,3,4","Electrician, Mecanician, Inspector Junior, Inspector Senior",,,,,"0,0",Minutes,,Corrective,Low,3,28.0,1
234,To do,11,Corrective-Low-4,Testing and Validation,"5,0",Minutes,10.0,"1,2,3,4","Electrician, Mecanician, Inspector Junior, Inspector Senior",,,,,"0,0",Minutes,,Corrective,Low,4,28.0,1
235,To do,12,Corrective-Low-5,Documentation and Reporting,"5,0",Minutes,11.0,"1,2,3,4","Electrician, Mecanician, Inspector Junior, Inspector Senior",,,,,"0,0",Minutes,,Corrective,Low,5,28.0,1
236,To do,13,Corrective-Low-6,Post-Maintenance Adjustments,"5,0",Minutes,12.0,"1,2,3,4","Electrician, Mecanician, Inspector Junior, Inspector Senior",,,,,"0,0",Minutes,,Corrective,Low,6,28.0,1
237,To do,14,Corrective-Low-7,System Cleanup and Safety Checks,"10,0",Minutes,13.0,"1,2,3,4","Electrician, Mecanician, Inspector Junior, Inspector Senior",,,,,"0,0",Minutes,,Corrective,Low,7,28.0,1
210,To do,8,Corrective-Low-1,Diagnostics and Troubleshooting,"30,0",Minutes,,"1,2,3,4","Electrician, Mecanician, Inspector Junior, Inspector Senior",,,,,"0,0",Minutes,,Corrective,Low,1,29.0,1
211,To do,9,Corrective-Low-2,Component Repair and Replacement,"1,0",Hours,8.0,"1,2,3,4","Electrician, Mecanician, Inspector Junior, Inspector Senior",,,,,"0,0",Minutes,,Corrective,Low,2,29.0,1
212,To do,10,Corrective-Low-3,Control System Checks,"5,0",Minutes,9.0,"1,2,3,4","Electrician, Mecanician, Inspector Junior, Inspector Senior",,,,,"0,0",Minutes,,Corrective,Low,3,29.0,1
213,To do,11,Corrective-Low-4,Testing and Validation,"5,0",Minutes,10.0,"1,2,3,4","Electrician, Mecanician, Inspector Junior, Inspector Senior",,,,,"0,0",Minutes,,Corrective,Low,4,29.0,1
214,To do,12,Corrective-Low-5,Documentation and Reporting,"5,0",Minutes,11.0,"1,2,3,4","Electrician, Mecanician, Inspector Junior, Inspector Senior",,,,,"0,0",Minutes,,Corrective,Low,5,29.0,1
215,To do,13,Corrective-Low-6,Post-Maintenance Adjustments,"5,0",Minutes,12.0,"1,2,3,4","Electrician, Mecanician, Inspector Junior, Inspector Senior",,,,,"0,0",Minutes,,Corrective,Low,6,29.0,1
216,To do,14,Corrective-Low-7,System Cleanup and Safety Checks,"10,0",Minutes,13.0,"1,2,3,4","Electrician, Mecanician, Inspector Junior, Inspector Senior",,,,,"0,0",Minutes,,Corrective,Low,7,29.0,1
224,To do,8,Corrective-Low-1,Diagnostics and Troubleshooting,"30,0",Minutes,,"1,2,3,4","Electrician, Mecanician, Inspector Junior, Inspector Senior",,,,,"0,0",Minutes,,Corrective,Low,1,30.0,1
225,To do,9,Corrective-Low-2,Component Repair and Replacement,"1,0",Hours,8.0,"1,2,3,4","Electrician, Mecanician, Inspector Junior, Inspector Senior",,,,,"0,0",Minutes,,Corrective,Low,2,30.0,1
226,To do,10,Corrective-Low-3,Control System Checks,"5,0",Minutes,9.0,"1,2,3,4","Electrician, Mecanician, Inspector Junior, Inspector Senior",,,,,"0,0",Minutes,,Corrective,Low,3,30.0,1
227,To do,11,Corrective-Low-4,Testing and Validation,"5,0",Minutes,10.0,"1,2,3,4","Electrician, Mecanician, Inspector Junior, Inspector Senior",,,,,"0,0",Minutes,,Corrective,Low,4,30.0,1
228,To do,12,Corrective-Low-5,Documentation and Reporting,"5,0",Minutes,11.0,"1,2,3,4","Electrician, Mecanician, Inspector Junior, Inspector Senior",,,,,"0,0",Minutes,,Corrective,Low,5,30.0,1
229,To do,13,Corrective-Low-6,Post-Maintenance Adjustments,"5,0",Minutes,12.0,"1,2,3,4","Electrician, Mecanician, Inspector Junior, Inspector Senior",,,,,"0,0",Minutes,,Corrective,Low,6,30.0,1
230,To do,14,Corrective-Low-7,System Cleanup and Safety Checks,"10,0",Minutes,13.0,"1,2,3,4","Electrician, Mecanician, Inspector Junior, Inspector Senior",,,,,"0,0",Minutes,,Corrective,Low,7,30.0,1
217,To do,8,Corrective-Low-1,Diagnostics and Troubleshooting,"30,0",Minutes,,"1,2,3,4","Electrician, Mecanician, Inspector Junior, Inspector Senior",,,,,"0,0",Minutes,,Corrective,Low,1,31.0,1
218,To do,9,Corrective-Low-2,Component Repair and Replacement,"1,0",Hours,8.0,"1,2,3,4","Electrician, Mecanician, Inspector Junior, Inspector Senior",,,,,"0,0",Minutes,,Corrective,Low,2,31.0,1
219,To do,10,Corrective-Low-3,Control System Checks,"5,0",Minutes,9.0,"1,2,3,4","Electrician, Mecanician, Inspector Junior, Inspector Senior",,,,,"0,0",Minutes,,Corrective,Low,3,31.0,1
220,To do,11,Corrective-Low-4,Testing and Validation,"5,0",Minutes,10.0,"1,2,3,4","Electrician, Mecanician, Inspector Junior, Inspector Senior",,,,,"0,0",Minutes,,Corrective,Low,4,31.0,1
221,To do,12,Corrective-Low-5,Documentation and Reporting,"5,0",Minutes,11.0,"1,2,3,4","Electrician, Mecanician, Inspector Junior, Inspector Senior",,,,,"0,0",Minutes,,Corrective,Low,5,31.0,1
222,To do,13,Corrective-Low-6,Post-Maintenance Adjustments,"5,0",Minutes,12.0,"1,2,3,4","Electrician, Mecanician, Inspector Junior, Inspector Senior",,,,,"0,0",Minutes,,Corrective,Low,6,31.0,1
223,To do,14,Corrective-Low-7,System Cleanup and Safety Checks,"10,0",Minutes,13.0,"1,2,3,4","Electrician, Mecanician, Inspector Junior, Inspector Senior",,,,,"0,0",Minutes,,Corrective,Low,7,31.0,1
344,To do,8,Corrective-Low-1,Diagnostics and Troubleshooting,"30,0",Minutes,,"1,2,3,4","Electrician, Mecanician, Inspector Junior, Inspector Senior",4/11/2024,8/11/2024,,,"0,0",Minutes,,Corrective,Low,1,32.0,1
345,To do,9,Corrective-Low-2,Component Repair and Replacement,"1,0",Hours,8.0,"1,2,3,4","Electrician, Mecanician, Inspector Junior, Inspector Senior",4/11/2024,8/11/2024,,,"0,0",Minutes,,Corrective,Low,2,32.0,1
346,To do,10,Corrective-Low-3,Control System Checks,"5,0",Minutes,9.0,"1,2,3,4","Electrician, Mecanician, Inspector Junior, Inspector Senior",4/11/2024,8/11/2024,,,"0,0",Minutes,,Corrective,Low,3,32.0,1
347,To do,11,Corrective-Low-4,Testing and Validation,"5,0",Minutes,10.0,"1,2,3,4","Electrician, Mecanician, Inspector Junior, Inspector Senior",4/11/2024,8/11/2024,,,"0,0",Minutes,,Corrective,Low,4,32.0,1
348,To do,12,Corrective-Low-5,Documentation and Reporting,"5,0",Minutes,11.0,"1,2,3,4","Electrician, Mecanician, Inspector Junior, Inspector Senior",4/11/2024,8/11/2024,,,"0,0",Minutes,,Corrective,Low,5,32.0,1
349,To do,13,Corrective-Low-6,Post-Maintenance Adjustments,"5,0",Minutes,12.0,"1,2,3,4","Electrician, Mecanician, Inspector Junior, Inspector Senior",4/11/2024,8/11/2024,,,"0,0",Minutes,,Corrective,Low,6,32.0,1
350,To do,14,Corrective-Low-7,System Cleanup and Safety Checks,"10,0",Minutes,13.0,"1,2,3,4","Electrician, Mecanician, Inspector Junior, Inspector Senior",4/11/2024,8/11/2024,,,"0,0",Minutes,,Corrective,Low,7,32.0,1
386,To do,8,Corrective-Low-1,Diagnostics and Troubleshooting,"30,0",Minutes,,"1,2,3,4","Electrician, Mecanician, Inspector Junior, Inspector Senior",4/11/2024,8/11/2024,,,"0,0",Minutes,,Corrective,Low,1,33.0,1
387,To do,9,Corrective-Low-2,Component Repair and Replacement,"1,0",Hours,8.0,"1,2,3,4","Electrician, Mecanician, Inspector Junior, Inspector Senior",4/11/2024,8/11/2024,,,"0,0",Minutes,,Corrective,Low,2,33.0,1
388,To do,10,Corrective-Low-3,Control System Checks,"5,0",Minutes,9.0,"1,2,3,4","Electrician, Mecanician, Inspector Junior, Inspector Senior",4/11/2024,8/11/2024,,,"0,0",Minutes,,Corrective,Low,3,33.0,1
389,To do,11,Corrective-Low-4,Testing and Validation,"5,0",Minutes,10.0,"1,2,3,4","Electrician, Mecanician, Inspector Junior, Inspector Senior",4/11/2024,8/11/2024,,,"0,0",Minutes,,Corrective,Low,4,33.0,1
390,To do,12,Corrective-Low-5,Documentation and Reporting,"5,0",Minutes,11.0,"1,2,3,4","Electrician, Mecanician, Inspector Junior, Inspector Senior",4/11/2024,8/11/2024,,,"0,0",Minutes,,Corrective,Low,5,33.0,1
391,To do,13,Corrective-Low-6,Post-Maintenance Adjustments,"5,0",Minutes,12.0,"1,2,3,4","Electrician, Mecanician, Inspector Junior, Inspector Senior",4/11/2024,8/11/2024,,,"0,0",Minutes,,Corrective,Low,6,33.0,1
392,To do,14,Corrective-Low-7,System Cleanup and Safety Checks,"10,0",Minutes,13.0,"1,2,3,4","Electrician, Mecanician, Inspector Junior, Inspector Senior",4/11/2024,8/11/2024,,,"0,0",Minutes,,Corrective,Low,7,33.0,1
379,To do,8,Corrective-Low-1,Diagnostics and Troubleshooting,"30,0",Minutes,,"1,2,3,4","Electrician, Mecanician, Inspector Junior, Inspector Senior",4/11/2024,8/11/2024,,,"0,0",Minutes,,Corrective,Low,1,34.0,1
380,To do,9,Corrective-Low-2,Component Repair and Replacement,"1,0",Hours,8.0,"1,2,3,4","Electrician, Mecanician, Inspector Junior, Inspector Senior",4/11/2024,8/11/2024,,,"0,0",Minutes,,Corrective,Low,2,34.0,1
381,To do,10,Corrective-Low-3,Control System Checks,"5,0",Minutes,9.0,"1,2,3,4","Electrician, Mecanician, Inspector Junior, Inspector Senior",4/11/2024,8/11/2024,,,"0,0",Minutes,,Corrective,Low,3,34.0,1
382,To do,11,Corrective-Low-4,Testing and Validation,"5,0",Minutes,10.0,"1,2,3,4","Electrician, Mecanician, Inspector Junior, Inspector Senior",4/11/2024,8/11/2024,,,"0,0",Minutes,,Corrective,Low,4,34.0,1
383,To do,12,Corrective-Low-5,Documentation and Reporting,"5,0",Minutes,11.0,"1,2,3,4","Electrician, Mecanician, Inspector Junior, Inspector Senior",4/11/2024,8/11/2024,,,"0,0",Minutes,,Corrective,Low,5,34.0,1
384,To do,13,Corrective-Low-6,Post-Maintenance Adjustments,"5,0",Minutes,12.0,"1,2,3,4","Electrician, Mecanician, Inspector Junior, Inspector Senior",4/11/2024,8/11/2024,,,"0,0",Minutes,,Corrective,Low,6,34.0,1
385,To do,14,Corrective-Low-7,System Cleanup and Safety Checks,"10,0",Minutes,13.0,"1,2,3,4","Electrician, Mecanician, Inspector Junior, Inspector Senior",4/11/2024,8/11/2024,,,"0,0",Minutes,,Corrective,Low,7,34.0,1
372,To do,8,Corrective-Low-1,Diagnostics and Troubleshooting,"30,0",Minutes,,"1,2,3,4","Electrician, Mecanician, Inspector Junior, Inspector Senior",4/11/2024,8/11/2024,,,"0,0",Minutes,,Corrective,Low,1,35.0,1
373,To do,9,Corrective-Low-2,Component Repair and Replacement,"1,0",Hours,8.0,"1,2,3,4","Electrician, Mecanician, Inspector Junior, Inspector Senior",4/11/2024,8/11/2024,,,"0,0",Minutes,,Corrective,Low,2,35.0,1
374,To do,10,Corrective-Low-3,Control System Checks,"5,0",Minutes,9.0,"1,2,3,4","Electrician, Mecanician, Inspector Junior, Inspector Senior",4/11/2024,8/11/2024,,,"0,0",Minutes,,Corrective,Low,3,35.0,1
375,To do,11,Corrective-Low-4,Testing and Validation,"5,0",Minutes,10.0,"1,2,3,4","Electrician, Mecanician, Inspector Junior, Inspector Senior",4/11/2024,8/11/2024,,,"0,0",Minutes,,Corrective,Low,4,35.0,1
376,To do,12,Corrective-Low-5,Documentation and Reporting,"5,0",Minutes,11.0,"1,2,3,4","Electrician, Mecanician, Inspector Junior, Inspector Senior",4/11/2024,8/11/2024,,,"0,0",Minutes,,Corrective,Low,5,35.0,1
377,To do,13,Corrective-Low-6,Post-Maintenance Adjustments,"5,0",Minutes,12.0,"1,2,3,4","Electrician, Mecanician, Inspector Junior, Inspector Senior",4/11/2024,8/11/2024,,,"0,0",Minutes,,Corrective,Low,6,35.0,1
378,To do,14,Corrective-Low-7,System Cleanup and Safety Checks,"10,0",Minutes,13.0,"1,2,3,4","Electrician, Mecanician, Inspector Junior, Inspector Senior",4/11/2024,8/11/2024,,,"0,0",Minutes,,Corrective,Low,7,35.0,1
358,To do,8,Corrective-Low-1,Diagnostics and Troubleshooting,"30,0",Minutes,,"1,2,3,4","Electrician, Mecanician, Inspector Junior, Inspector Senior",4/11/2024,8/11/2024,,,"0,0",Minutes,,Corrective,Low,1,36.0,1
359,To do,9,Corrective-Low-2,Component Repair and Replacement,"1,0",Hours,8.0,"1,2,3,4","Electrician, Mecanician, Inspector Junior, Inspector Senior",4/11/2024,8/11/2024,,,"0,0",Minutes,,Corrective,Low,2,36.0,1
360,To do,10,Corrective-Low-3,Control System Checks,"5,0",Minutes,9.0,"1,2,3,4","Electrician, Mecanician, Inspector Junior, Inspector Senior",4/11/2024,8/11/2024,,,"0,0",Minutes,,Corrective,Low,3,36.0,1
361,To do,11,Corrective-Low-4,Testing and Validation,"5,0",Minutes,10.0,"1,2,3,4","Electrician, Mecanician, Inspector Junior, Inspector Senior",4/11/2024,8/11/2024,,,"0,0",Minutes,,Corrective,Low,4,36.0,1
362,To do,12,Corrective-Low-5,Documentation and Reporting,"5,0",Minutes,11.0,"1,2,3,4","Electrician, Mecanician, Inspector Junior, Inspector Senior",4/11/2024,8/11/2024,,,"0,0",Minutes,,Corrective,Low,5,36.0,1
363,To do,13,Corrective-Low-6,Post-Maintenance Adjustments,"5,0",Minutes,12.0,"1,2,3,4","Electrician, Mecanician, Inspector Junior, Inspector Senior",4/11/2024,8/11/2024,,,"0,0",Minutes,,Corrective,Low,6,36.0,1
364,To do,14,Corrective-Low-7,System Cleanup and Safety Checks,"10,0",Minutes,13.0,"1,2,3,4","Electrician, Mecanician, Inspector Junior, Inspector Senior",4/11/2024,8/11/2024,,,"0,0",Minutes,,Corrective,Low,7,36.0,1
365,To do,8,Corrective-Low-1,Diagnostics and Troubleshooting,"30,0",Minutes,,"1,2,3,4","Electrician, Mecanician, Inspector Junior, Inspector Senior",11/11/2024,15/11/2024,,,"0,0",Minutes,,Corrective,Low,1,37.0,1
366,To do,9,Corrective-Low-2,Component Repair and Replacement,"1,0",Hours,8.0,"1,2,3,4","Electrician, Mecanician, Inspector Junior, Inspector Senior",11/11/2024,15/11/2024,,,"0,0",Minutes,,Corrective,Low,2,37.0,1
367,To do,10,Corrective-Low-3,Control System Checks,"5,0",Minutes,9.0,"1,2,3,4","Electrician, Mecanician, Inspector Junior, Inspector Senior",11/11/2024,15/11/2024,,,"0,0",Minutes,,Corrective,Low,3,37.0,1
368,To do,11,Corrective-Low-4,Testing and Validation,"5,0",Minutes,10.0,"1,2,3,4","Electrician, Mecanician, Inspector Junior, Inspector Senior",11/11/2024,15/11/2024,,,"0,0",Minutes,,Corrective,Low,4,37.0,1
369,To do,12,Corrective-Low-5,Documentation and Reporting,"5,0",Minutes,11.0,"1,2,3,4","Electrician, Mecanician, Inspector Junior, Inspector Senior",11/11/2024,15/11/2024,,,"0,0",Minutes,,Corrective,Low,5,37.0,1
370,To do,13,Corrective-Low-6,Post-Maintenance Adjustments,"5,0",Minutes,12.0,"1,2,3,4","Electrician, Mecanician, Inspector Junior, Inspector Senior",11/11/2024,15/11/2024,,,"0,0",Minutes,,Corrective,Low,6,37.0,1
371,To do,14,Corrective-Low-7,System Cleanup and Safety Checks,"10,0",Minutes,13.0,"1,2,3,4","Electrician, Mecanician, Inspector Junior, Inspector Senior",11/11/2024,15/11/2024,,,"0,0",Minutes,,Corrective,Low,7,37.0,1
351,To do,8,Corrective-Low-1,Diagnostics and Troubleshooting,"30,0",Minutes,,"1,2,3,4","Electrician, Mecanician, Inspector Junior, Inspector Senior",4/11/2024,8/11/2024,,,"0,0",Minutes,,Corrective,Low,1,38.0,1
352,To do,9,Corrective-Low-2,Component Repair and Replacement,"1,0",Hours,8.0,"1,2,3,4","Electrician, Mecanician, Inspector Junior, Inspector Senior",4/11/2024,8/11/2024,,,"0,0",Minutes,,Corrective,Low,2,38.0,1
353,To do,10,Corrective-Low-3,Control System Checks,"5,0",Minutes,9.0,"1,2,3,4","Electrician, Mecanician, Inspector Junior, Inspector Senior",4/11/2024,8/11/2024,,,"0,0",Minutes,,Corrective,Low,3,38.0,1
354,To do,11,Corrective-Low-4,Testing and Validation,"5,0",Minutes,10.0,"1,2,3,4","Electrician, Mecanician, Inspector Junior, Inspector Senior",4/11/2024,8/11/2024,,,"0,0",Minutes,,Corrective,Low,4,38.0,1
355,To do,12,Corrective-Low-5,Documentation and Reporting,"5,0",Minutes,11.0,"1,2,3,4","Electrician, Mecanician, Inspector Junior, Inspector Senior",4/11/2024,8/11/2024,,,"0,0",Minutes,,Corrective,Low,5,38.0,1
356,To do,13,Corrective-Low-6,Post-Maintenance Adjustments,"5,0",Minutes,12.0,"1,2,3,4","Electrician, Mecanician, Inspector Junior, Inspector Senior",4/11/2024,8/11/2024,,,"0,0",Minutes,,Corrective,Low,6,38.0,1
357,To do,14,Corrective-Low-7,System Cleanup and Safety Checks,"10,0",Minutes,13.0,"1,2,3,4","Electrician, Mecanician, Inspector Junior, Inspector Senior",4/11/2024,8/11/2024,,,"0,0",Minutes,,Corrective,Low,7,38.0,1
421,To do,8,Corrective-Low-1,Diagnostics and Troubleshooting,"30,0",Minutes,,"1,2,3,4","Electrician, Mecanician, Inspector Junior, Inspector Senior",11/11/2024,15/11/2024,,,"0,0",Minutes,,Corrective,Low,1,39.0,1
422,To do,9,Corrective-Low-2,Component Repair and Replacement,"1,0",Hours,8.0,"1,2,3,4","Electrician, Mecanician, Inspector Junior, Inspector Senior",11/11/2024,15/11/2024,,,"0,0",Minutes,,Corrective,Low,2,39.0,1
423,To do,10,Corrective-Low-3,Control System Checks,"5,0",Minutes,9.0,"1,2,3,4","Electrician, Mecanician, Inspector Junior, Inspector Senior",11/11/2024,15/11/2024,,,"0,0",Minutes,,Corrective,Low,3,39.0,1
424,To do,11,Corrective-Low-4,Testing and Validation,"5,0",Minutes,10.0,"1,2,3,4","Electrician, Mecanician, Inspector Junior, Inspector Senior",11/11/2024,15/11/2024,,,"0,0",Minutes,,Corrective,Low,4,39.0,1
425,To do,12,Corrective-Low-5,Documentation and Reporting,"5,0",Minutes,11.0,"1,2,3,4","Electrician, Mecanician, Inspector Junior, Inspector Senior",11/11/2024,15/11/2024,,,"0,0",Minutes,,Corrective,Low,5,39.0,1
426,To do,13,Corrective-Low-6,Post-Maintenance Adjustments,"5,0",Minutes,12.0,"1,2,3,4","Electrician, Mecanician, Inspector Junior, Inspector Senior",11/11/2024,15/11/2024,,,"0,0",Minutes,,Corrective,Low,6,39.0,1
427,To do,14,Corrective-Low-7,System Cleanup and Safety Checks,"10,0",Minutes,13.0,"1,2,3,4","Electrician, Mecanician, Inspector Junior, Inspector Senior",11/11/2024,15/11/2024,,,"0,0",Minutes,,Corrective,Low,7,39.0,1
414,To do,8,Corrective-Low-1,Diagnostics and Troubleshooting,"30,0",Minutes,,"1,2,3,4","Electrician, Mecanician, Inspector Junior, Inspector Senior",4/11/2024,8/11/2024,,,"0,0",Minutes,,Corrective,Low,1,40.0,1
415,To do,9,Corrective-Low-2,Component Repair and Replacement,"1,0",Hours,8.0,"1,2,3,4","Electrician, Mecanician, Inspector Junior, Inspector Senior",4/11/2024,8/11/2024,,,"0,0",Minutes,,Corrective,Low,2,40.0,1
416,To do,10,Corrective-Low-3,Control System Checks,"5,0",Minutes,9.0,"1,2,3,4","Electrician, Mecanician, Inspector Junior, Inspector Senior",4/11/2024,8/11/2024,,,"0,0",Minutes,,Corrective,Low,3,40.0,1
417,To do,11,Corrective-Low-4,Testing and Validation,"5,0",Minutes,10.0,"1,2,3,4","Electrician, Mecanician, Inspector Junior, Inspector Senior",4/11/2024,8/11/2024,,,"0,0",Minutes,,Corrective,Low,4,40.0,1
418,To do,12,Corrective-Low-5,Documentation and Reporting,"5,0",Minutes,11.0,"1,2,3,4","Electrician, Mecanician, Inspector Junior, Inspector Senior",4/11/2024,8/11/2024,,,"0,0",Minutes,,Corrective,Low,5,40.0,1
419,To do,13,Corrective-Low-6,Post-Maintenance Adjustments,"5,0",Minutes,12.0,"1,2,3,4","Electrician, Mecanician, Inspector Junior, Inspector Senior",4/11/2024,8/11/2024,,,"0,0",Minutes,,Corrective,Low,6,40.0,1
420,To do,14,Corrective-Low-7,System Cleanup and Safety Checks,"10,0",Minutes,13.0,"1,2,3,4","Electrician, Mecanician, Inspector Junior, Inspector Senior",4/11/2024,8/11/2024,,,"0,0",Minutes,,Corrective,Low,7,40.0,1
407,To do,8,Corrective-Low-1,Diagnostics and Troubleshooting,"30,0",Minutes,,"1,2,3,4","Electrician, Mecanician, Inspector Junior, Inspector Senior",4/11/2024,8/11/2024,,,"0,0",Minutes,,Corrective,Low,1,41.0,1
408,To do,9,Corrective-Low-2,Component Repair and Replacement,"1,0",Hours,8.0,"1,2,3,4","Electrician, Mecanician, Inspector Junior, Inspector Senior",4/11/2024,8/11/2024,,,"0,0",Minutes,,Corrective,Low,2,41.0,1
409,To do,10,Corrective-Low-3,Control System Checks,"5,0",Minutes,9.0,"1,2,3,4","Electrician, Mecanician, Inspector Junior, Inspector Senior",4/11/2024,8/11/2024,,,"0,0",Minutes,,Corrective,Low,3,41.0,1
410,To do,11,Corrective-Low-4,Testing and Validation,"5,0",Minutes,10.0,"1,2,3,4","Electrician, Mecanician, Inspector Junior, Inspector Senior",4/11/2024,8/11/2024,,,"0,0",Minutes,,Corrective,Low,4,41.0,1
411,To do,12,Corrective-Low-5,Documentation and Reporting,"5,0",Minutes,11.0,"1,2,3,4","Electrician, Mecanician, Inspector Junior, Inspector Senior",4/11/2024,8/11/2024,,,"0,0",Minutes,,Corrective,Low,5,41.0,1
412,To do,13,Corrective-Low-6,Post-Maintenance Adjustments,"5,0",Minutes,12.0,"1,2,3,4","Electrician, Mecanician, Inspector Junior, Inspector Senior",4/11/2024,8/11/2024,,,"0,0",Minutes,,Corrective,Low,6,41.0,1
413,To do,14,Corrective-Low-7,System Cleanup and Safety Checks,"10,0",Minutes,13.0,"1,2,3,4","Electrician, Mecanician, Inspector Junior, Inspector Senior",4/11/2024,8/11/2024,,,"0,0",Minutes,,Corrective,Low,7,41.0,1
400,To do,8,Corrective-Low-1,Diagnostics and Troubleshooting,"30,0",Minutes,,"1,2,3,4","Electrician, Mecanician, Inspector Junior, Inspector Senior",4/11/2024,8/11/2024,,,"0,0",Minutes,,Corrective,Low,1,42.0,1
401,To do,9,Corrective-Low-2,Component Repair and Replacement,"1,0",Hours,8.0,"1,2,3,4","Electrician, Mecanician, Inspector Junior, Inspector Senior",4/11/2024,8/11/2024,,,"0,0",Minutes,,Corrective,Low,2,42.0,1
402,To do,10,Corrective-Low-3,Control System Checks,"5,0",Minutes,9.0,"1,2,3,4","Electrician, Mecanician, Inspector Junior, Inspector Senior",4/11/2024,8/11/2024,,,"0,0",Minutes,,Corrective,Low,3,42.0,1
403,To do,11,Corrective-Low-4,Testing and Validation,"5,0",Minutes,10.0,"1,2,3,4","Electrician, Mecanician, Inspector Junior, Inspector Senior",4/11/2024,8/11/2024,,,"0,0",Minutes,,Corrective,Low,4,42.0,1
404,To do,12,Corrective-Low-5,Documentation and Reporting,"5,0",Minutes,11.0,"1,2,3,4","Electrician, Mecanician, Inspector Junior, Inspector Senior",4/11/2024,8/11/2024,,,"0,0",Minutes,,Corrective,Low,5,42.0,1
405,To do,13,Corrective-Low-6,Post-Maintenance Adjustments,"5,0",Minutes,12.0,"1,2,3,4","Electrician, Mecanician, Inspector Junior, Inspector Senior",4/11/2024,8/11/2024,,,"0,0",Minutes,,Corrective,Low,6,42.0,1
406,To do,14,Corrective-Low-7,System Cleanup and Safety Checks,"10,0",Minutes,13.0,"1,2,3,4","Electrician, Mecanician, Inspector Junior, Inspector Senior",4/11/2024,8/11/2024,,,"0,0",Minutes,,Corrective,Low,7,42.0,1
393,To do,8,Corrective-Low-1,Diagnostics and Troubleshooting,"30,0",Minutes,,"1,2,3,4","Electrician, Mecanician, Inspector Junior, Inspector Senior",11/11/2024,15/11/2024,,,"0,0",Minutes,,Corrective,Low,1,43.0,1
394,To do,9,Corrective-Low-2,Component Repair and Replacement,"1,0",Hours,8.0,"1,2,3,4","Electrician, Mecanician, Inspector Junior, Inspector Senior",11/11/2024,15/11/2024,,,"0,0",Minutes,,Corrective,Low,2,43.0,1
395,To do,10,Corrective-Low-3,Control System Checks,"5,0",Minutes,9.0,"1,2,3,4","Electrician, Mecanician, Inspector Junior, Inspector Senior",11/11/2024,15/11/2024,,,"0,0",Minutes,,Corrective,Low,3,43.0,1
396,To do,11,Corrective-Low-4,Testing and Validation,"5,0",Minutes,10.0,"1,2,3,4","Electrician, Mecanician, Inspector Junior, Inspector Senior",11/11/2024,15/11/2024,,,"0,0",Minutes,,Corrective,Low,4,43.0,1
397,To do,12,Corrective-Low-5,Documentation and Reporting,"5,0",Minutes,11.0,"1,2,3,4","Electrician, Mecanician, Inspector Junior, Inspector Senior",11/11/2024,15/11/2024,,,"0,0",Minutes,,Corrective,Low,5,43.0,1
398,To do,13,Corrective-Low-6,Post-Maintenance Adjustments,"5,0",Minutes,12.0,"1,2,3,4","Electrician, Mecanician, Inspector Junior, Inspector Senior",11/11/2024,15/11/2024,,,"0,0",Minutes,,Corrective,Low,6,43.0,1
399,To do,14,Corrective-Low-7,System Cleanup and Safety Checks,"10,0",Minutes,13.0,"1,2,3,4","Electrician, Mecanician, Inspector Junior, Inspector Senior",11/11/2024,15/11/2024,,,"0,0",Minutes,,Corrective,Low,7,43.0,1
435,To do,8,Corrective-Low-1,Diagnostics and Troubleshooting,"30,0",Minutes,,"1,2,3,4","Electrician, Mecanician, Inspector Junior, Inspector Senior",4/11/2024,8/11/2024,,,"0,0",Minutes,,Corrective,Low,1,44.0,1
436,To do,9,Corrective-Low-2,Component Repair and Replacement,"1,0",Hours,8.0,"1,2,3,4","Electrician, Mecanician, Inspector Junior, Inspector Senior",4/11/2024,8/11/2024,,,"0,0",Minutes,,Corrective,Low,2,44.0,1
437,To do,10,Corrective-Low-3,Control System Checks,"5,0",Minutes,9.0,"1,2,3,4","Electrician, Mecanician, Inspector Junior, Inspector Senior",4/11/2024,8/11/2024,,,"0,0",Minutes,,Corrective,Low,3,44.0,1
438,To do,11,Corrective-Low-4,Testing and Validation,"5,0",Minutes,10.0,"1,2,3,4","Electrician, Mecanician, Inspector Junior, Inspector Senior",4/11/2024,8/11/2024,,,"0,0",Minutes,,Corrective,Low,4,44.0,1
439,To do,12,Corrective-Low-5,Documentation and Reporting,"5,0",Minutes,11.0,"1,2,3,4","Electrician, Mecanician, Inspector Junior, Inspector Senior",4/11/2024,8/11/2024,,,"0,0",Minutes,,Corrective,Low,5,44.0,1
440,To do,13,Corrective-Low-6,Post-Maintenance Adjustments,"5,0",Minutes,12.0,"1,2,3,4","Electrician, Mecanician, Inspector Junior, Inspector Senior",4/11/2024,8/11/2024,,,"0,0",Minutes,,Corrective,Low,6,44.0,1
441,To do,14,Corrective-Low-7,System Cleanup and Safety Checks,"10,0",Minutes,13.0,"1,2,3,4","Electrician, Mecanician, Inspector Junior, Inspector Senior",4/11/2024,8/11/2024,,,"0,0",Minutes,,Corrective,Low,7,44.0,1
428,To do,8,Corrective-Low-1,Diagnostics and Troubleshooting,"30,0",Minutes,,"1,2,3,4","Electrician, Mecanician, Inspector Junior, Inspector Senior",4/11/2024,8/11/2024,,,"0,0",Minutes,,Corrective,Low,1,45.0,1
429,To do,9,Corrective-Low-2,Component Repair and Replacement,"1,0",Hours,8.0,"1,2,3,4","Electrician, Mecanician, Inspector Junior, Inspector Senior",4/11/2024,8/11/2024,,,"0,0",Minutes,,Corrective,Low,2,45.0,1
430,To do,10,Corrective-Low-3,Control System Checks,"5,0",Minutes,9.0,"1,2,3,4","Electrician, Mecanician, Inspector Junior, Inspector Senior",4/11/2024,8/11/2024,,,"0,0",Minutes,,Corrective,Low,3,45.0,1
431,To do,11,Corrective-Low-4,Testing and Validation,"5,0",Minutes,10.0,"1,2,3,4","Electrician, Mecanician, Inspector Junior, Inspector Senior",4/11/2024,8/11/2024,,,"0,0",Minutes,,Corrective,Low,4,45.0,1
432,To do,12,Corrective-Low-5,Documentation and Reporting,"5,0",Minutes,11.0,"1,2,3,4","Electrician, Mecanician, Inspector Junior, Inspector Senior",4/11/2024,8/11/2024,,,"0,0",Minutes,,Corrective,Low,5,45.0,1
433,To do,13,Corrective-Low-6,Post-Maintenance Adjustments,"5,0",Minutes,12.0,"1,2,3,4","Electrician, Mecanician, Inspector Junior, Inspector Senior",4/11/2024,8/11/2024,,,"0,0",Minutes,,Corrective,Low,6,45.0,1
434,To do,14,Corrective-Low-7,System Cleanup and Safety Checks,"10,0",Minutes,13.0,"1,2,3,4","Electrician, Mecanician, Inspector Junior, Inspector Senior",4/11/2024,8/11/2024,,,"0,0",Minutes,,Corrective,Low,7,45.0,1
445,To do,8,Corrective-Low-1,Diagnostics and Troubleshooting,"30,0",Minutes,,"1,2,3,4","Electrician, Mecanician, Inspector Junior, Inspector Senior",,,,,"0,0",Minutes,,Corrective,Low,1,46.0,1
446,To do,9,Corrective-Low-2,Component Repair and Replacement,"1,0",Hours,8.0,"1,2,3,4","Electrician, Mecanician, Inspector Junior, Inspector Senior",,,,,"0,0",Minutes,,Corrective,Low,2,46.0,1
447,To do,10,Corrective-Low-3,Control System Checks,"5,0",Minutes,9.0,"1,2,3,4","Electrician, Mecanician, Inspector Junior, Inspector Senior",,,,,"0,0",Minutes,,Corrective,Low,3,46.0,1
448,To do,11,Corrective-Low-4,Testing and Validation,"5,0",Minutes,10.0,"1,2,3,4","Electrician, Mecanician, Inspector Junior, Inspector Senior",,,,,"0,0",Minutes,,Corrective,Low,4,46.0,1
449,To do,12,Corrective-Low-5,Documentation and Reporting,"5,0",Minutes,11.0,"1,2,3,4","Electrician, Mecanician, Inspector Junior, Inspector Senior",,,,,"0,0",Minutes,,Corrective,Low,5,46.0,1
450,To do,13,Corrective-Low-6,Post-Maintenance Adjustments,"5,0",Minutes,12.0,"1,2,3,4","Electrician, Mecanician, Inspector Junior, Inspector Senior",,,,,"0,0",Minutes,,Corrective,Low,6,46.0,1
451,To do,14,Corrective-Low-7,System Cleanup and Safety Checks,"10,0",Minutes,13.0,"1,2,3,4","Electrician, Mecanician, Inspector Junior, Inspector Senior",,,,,"0,0",Minutes,,Corrective,Low,7,46.0,1
452,To do,8,Corrective-Low-1,Diagnostics and Troubleshooting,"30,0",Minutes,,"1,2,3,4","Electrician, Mecanician, Inspector Junior, Inspector Senior",,,,,"0,0",Minutes,,Corrective,Low,1,47.0,1
453,To do,9,Corrective-Low-2,Component Repair and Replacement,"1,0",Hours,8.0,"1,2,3,4","Electrician, Mecanician, Inspector Junior, Inspector Senior",,,,,"0,0",Minutes,,Corrective,Low,2,47.0,1
454,To do,10,Corrective-Low-3,Control System Checks,"5,0",Minutes,9.0,"1,2,3,4","Electrician, Mecanician, Inspector Junior, Inspector Senior",,,,,"0,0",Minutes,,Corrective,Low,3,47.0,1
455,To do,11,Corrective-Low-4,Testing and Validation,"5,0",Minutes,10.0,"1,2,3,4","Electrician, Mecanician, Inspector Junior, Inspector Senior",,,,,"0,0",Minutes,,Corrective,Low,4,47.0,1
456,To do,12,Corrective-Low-5,Documentation and Reporting,"5,0",Minutes,11.0,"1,2,3,4","Electrician, Mecanician, Inspector Junior, Inspector Senior",,,,,"0,0",Minutes,,Corrective,Low,5,47.0,1
457,To do,13,Corrective-Low-6,Post-Maintenance Adjustments,"5,0",Minutes,12.0,"1,2,3,4","Electrician, Mecanician, Inspector Junior, Inspector Senior",,,,,"0,0",Minutes,,Corrective,Low,6,47.0,1
458,To do,14,Corrective-Low-7,System Cleanup and Safety Checks,"10,0",Minutes,13.0,"1,2,3,4","Electrician, Mecanician, Inspector Junior, Inspector Senior",,,,,"0,0",Minutes,,Corrective,Low,7,47.0,1
459,To do,8,Corrective-Low-1,Diagnostics and Troubleshooting,"30,0",Minutes,,"1,2,3,4","Electrician, Mecanician, Inspector Junior, Inspector Senior",,,,,"0,0",Minutes,,Corrective,Low,1,48.0,1
460,To do,9,Corrective-Low-2,Component Repair and Replacement,"1,0",Hours,8.0,"1,2,3,4","Electrician, Mecanician, Inspector Junior, Inspector Senior",,,,,"0,0",Minutes,,Corrective,Low,2,48.0,1
461,To do,10,Corrective-Low-3,Control System Checks,"5,0",Minutes,9.0,"1,2,3,4","Electrician, Mecanician, Inspector Junior, Inspector Senior",,,,,"0,0",Minutes,,Corrective,Low,3,48.0,1
462,To do,11,Corrective-Low-4,Testing and Validation,"5,0",Minutes,10.0,"1,2,3,4","Electrician, Mecanician, Inspector Junior, Inspector Senior",,,,,"0,0",Minutes,,Corrective,Low,4,48.0,1
463,To do,12,Corrective-Low-5,Documentation and Reporting,"5,0",Minutes,11.0,"1,2,3,4","Electrician, Mecanician, Inspector Junior, Inspector Senior",,,,,"0,0",Minutes,,Corrective,Low,5,48.0,1
464,To do,13,Corrective-Low-6,Post-Maintenance Adjustments,"5,0",Minutes,12.0,"1,2,3,4","Electrician, Mecanician, Inspector Junior, Inspector Senior",,,,,"0,0",Minutes,,Corrective,Low,6,48.0,1
465,To do,14,Corrective-Low-7,System Cleanup and Safety Checks,"10,0",Minutes,13.0,"1,2,3,4","Electrician, Mecanician, Inspector Junior, Inspector Senior",,,,,"0,0",Minutes,,Corrective,Low,7,48.0,1
466,To do,8,Corrective-Low-1,Diagnostics and Troubleshooting,"30,0",Minutes,,"1,2,3,4","Electrician, Mecanician, Inspector Junior, Inspector Senior",,,,,"0,0",Minutes,,Corrective,Low,1,49.0,1
467,To do,9,Corrective-Low-2,Component Repair and Replacement,"1,0",Hours,8.0,"1,2,3,4","Electrician, Mecanician, Inspector Junior, Inspector Senior",,,,,"0,0",Minutes,,Corrective,Low,2,49.0,1
468,To do,10,Corrective-Low-3,Control System Checks,"5,0",Minutes,9.0,"1,2,3,4","Electrician, Mecanician, Inspector Junior, Inspector Senior",,,,,"0,0",Minutes,,Corrective,Low,3,49.0,1
469,To do,11,Corrective-Low-4,Testing and Validation,"5,0",Minutes,10.0,"1,2,3,4","Electrician, Mecanician, Inspector Junior, Inspector Senior",,,,,"0,0",Minutes,,Corrective,Low,4,49.0,1
470,To do,12,Corrective-Low-5,Documentation and Reporting,"5,0",Minutes,11.0,"1,2,3,4","Electrician, Mecanician, Inspector Junior, Inspector Senior",,,,,"0,0",Minutes,,Corrective,Low,5,49.0,1
471,To do,13,Corrective-Low-6,Post-Maintenance Adjustments,"5,0",Minutes,12.0,"1,2,3,4","Electrician, Mecanician, Inspector Junior, Inspector Senior",,,,,"0,0",Minutes,,Corrective,Low,6,49.0,1
472,To do,14,Corrective-Low-7,System Cleanup and Safety Checks,"10,0",Minutes,13.0,"1,2,3,4","Electrician, Mecanician, Inspector Junior, Inspector Senior",,,,,"0,0",Minutes,,Corrective,Low,7,49.0,1
473,To do,8,Corrective-Low-1,Diagnostics and Troubleshooting,"30,0",Minutes,,"1,2,3,4","Electrician, Mecanician, Inspector Junior, Inspector Senior",,,,,"0,0",Minutes,,Corrective,Low,1,50.0,1
474,To do,9,Corrective-Low-2,Component Repair and Replacement,"1,0",Hours,8.0,"1,2,3,4","Electrician, Mecanician, Inspector Junior, Inspector Senior",,,,,"0,0",Minutes,,Corrective,Low,2,50.0,1
475,To do,10,Corrective-Low-3,Control System Checks,"5,0",Minutes,9.0,"1,2,3,4","Electrician, Mecanician, Inspector Junior, Inspector Senior",,,,,"0,0",Minutes,,Corrective,Low,3,50.0,1
476,To do,11,Corrective-Low-4,Testing and Validation,"5,0",Minutes,10.0,"1,2,3,4","Electrician, Mecanician, Inspector Junior, Inspector Senior",,,,,"0,0",Minutes,,Corrective,Low,4,50.0,1
477,To do,12,Corrective-Low-5,Documentation and Reporting,"5,0",Minutes,11.0,"1,2,3,4","Electrician, Mecanician, Inspector Junior, Inspector Senior",,,,,"0,0",Minutes,,Corrective,Low,5,50.0,1
478,To do,13,Corrective-Low-6,Post-Maintenance Adjustments,"5,0",Minutes,12.0,"1,2,3,4","Electrician, Mecanician, Inspector Junior, Inspector Senior",,,,,"0,0",Minutes,,Corrective,Low,6,50.0,1
479,To do,14,Corrective-Low-7,System Cleanup and Safety Checks,"10,0",Minutes,13.0,"1,2,3,4","Electrician, Mecanician, Inspector Junior, Inspector Senior",,,,,"0,0",Minutes,,Corrective,Low,7,50.0,1
480,To do,8,Corrective-Low-1,Diagnostics and Troubleshooting,"30,0",Minutes,,"1,2,3,4","Electrician, Mecanician, Inspector Junior, Inspector Senior",,,,,"0,0",Minutes,,Corrective,Low,1,51.0,1
481,To do,9,Corrective-Low-2,Component Repair and Replacement,"1,0",Hours,8.0,"1,2,3,4","Electrician, Mecanician, Inspector Junior, Inspector Senior",,,,,"0,0",Minutes,,Corrective,Low,2,51.0,1
482,To do,10,Corrective-Low-3,Control System Checks,"5,0",Minutes,9.0,"1,2,3,4","Electrician, Mecanician, Inspector Junior, Inspector Senior",,,,,"0,0",Minutes,,Corrective,Low,3,51.0,1
483,To do,11,Corrective-Low-4,Testing and Validation,"5,0",Minutes,10.0,"1,2,3,4","Electrician, Mecanician, Inspector Junior, Inspector Senior",,,,,"0,0",Minutes,,Corrective,Low,4,51.0,1
484,To do,12,Corrective-Low-5,Documentation and Reporting,"5,0",Minutes,11.0,"1,2,3,4","Electrician, Mecanician, Inspector Junior, Inspector Senior",,,,,"0,0",Minutes,,Corrective,Low,5,51.0,1
485,To do,13,Corrective-Low-6,Post-Maintenance Adjustments,"5,0",Minutes,12.0,"1,2,3,4","Electrician, Mecanician, Inspector Junior, Inspector Senior",,,,,"0,0",Minutes,,Corrective,Low,6,51.0,1
486,To do,14,Corrective-Low-7,System Cleanup and Safety Checks,"10,0",Minutes,13.0,"1,2,3,4","Electrician, Mecanician, Inspector Junior, Inspector Senior",,,,,"0,0",Minutes,,Corrective,Low,7,51.0,1
487,To do,8,Corrective-Low-1,Diagnostics and Troubleshooting,"30,0",Minutes,,"1,2,3,4","Electrician, Mecanician, Inspector Junior, Inspector Senior",,,,,"0,0",Minutes,,Corrective,Low,1,52.0,1
488,To do,9,Corrective-Low-2,Component Repair and Replacement,"1,0",Hours,8.0,"1,2,3,4","Electrician, Mecanician, Inspector Junior, Inspector Senior",,,,,"0,0",Minutes,,Corrective,Low,2,52.0,1
489,To do,10,Corrective-Low-3,Control System Checks,"5,0",Minutes,9.0,"1,2,3,4","Electrician, Mecanician, Inspector Junior, Inspector Senior",,,,,"0,0",Minutes,,Corrective,Low,3,52.0,1
490,To do,11,Corrective-Low-4,Testing and Validation,"5,0",Minutes,10.0,"1,2,3,4","Electrician, Mecanician, Inspector Junior, Inspector Senior",,,,,"0,0",Minutes,,Corrective,Low,4,52.0,1
491,To do,12,Corrective-Low-5,Documentation and Reporting,"5,0",Minutes,11.0,"1,2,3,4","Electrician, Mecanician, Inspector Junior, Inspector Senior",,,,,"0,0",Minutes,,Corrective,Low,5,52.0,1
492,To do,13,Corrective-Low-6,Post-Maintenance Adjustments,"5,0",Minutes,12.0,"1,2,3,4","Electrician, Mecanician, Inspector Junior, Inspector Senior",,,,,"0,0",Minutes,,Corrective,Low,6,52.0,1
493,To do,14,Corrective-Low-7,System Cleanup and Safety Checks,"10,0",Minutes,13.0,"1,2,3,4","Electrician, Mecanician, Inspector Junior, Inspector Senior",,,,,"0,0",Minutes,,Corrective,Low,7,52.0,1
559,To do,8,Corrective-Low-1,Diagnostics and Troubleshooting,"30,0",Minutes,,"1,2,3,4","Electrician, Mecanician, Inspector Junior, Inspector Senior",,,,,"0,0",Minutes,,Corrective,Low,1,53.0,1
560,To do,9,Corrective-Low-2,Component Repair and Replacement,"1,0",Hours,8.0,"1,2,3,4","Electrician, Mecanician, Inspector Junior, Inspector Senior",,,,,"0,0",Minutes,,Corrective,Low,2,53.0,1
561,To do,10,Corrective-Low-3,Control System Checks,"5,0",Minutes,9.0,"1,2,3,4","Electrician, Mecanician, Inspector Junior, Inspector Senior",,,,,"0,0",Minutes,,Corrective,Low,3,53.0,1
562,To do,11,Corrective-Low-4,Testing and Validation,"5,0",Minutes,10.0,"1,2,3,4","Electrician, Mecanician, Inspector Junior, Inspector Senior",,,,,"0,0",Minutes,,Corrective,Low,4,53.0,1
563,To do,12,Corrective-Low-5,Documentation and Reporting,"5,0",Minutes,11.0,"1,2,3,4","Electrician, Mecanician, Inspector Junior, Inspector Senior",,,,,"0,0",Minutes,,Corrective,Low,5,53.0,1
564,To do,13,Corrective-Low-6,Post-Maintenance Adjustments,"5,0",Minutes,12.0,"1,2,3,4","Electrician, Mecanician, Inspector Junior, Inspector Senior",,,,,"0,0",Minutes,,Corrective,Low,6,53.0,1
565,To do,14,Corrective-Low-7,System Cleanup and Safety Checks,"10,0",Minutes,13.0,"1,2,3,4","Electrician, Mecanician, Inspector Junior, Inspector Senior",,,,,"0,0",Minutes,,Corrective,Low,7,53.0,1
552,To do,8,Corrective-Low-1,Diagnostics and Troubleshooting,"30,0",Minutes,,"1,2,3,4","Electrician, Mecanician, Inspector Junior, Inspector Senior",,,,,"0,0",Minutes,,Corrective,Low,1,54.0,1
553,To do,9,Corrective-Low-2,Component Repair and Replacement,"1,0",Hours,8.0,"1,2,3,4","Electrician, Mecanician, Inspector Junior, Inspector Senior",,,,,"0,0",Minutes,,Corrective,Low,2,54.0,1
554,To do,10,Corrective-Low-3,Control System Checks,"5,0",Minutes,9.0,"1,2,3,4","Electrician, Mecanician, Inspector Junior, Inspector Senior",,,,,"0,0",Minutes,,Corrective,Low,3,54.0,1
555,To do,11,Corrective-Low-4,Testing and Validation,"5,0",Minutes,10.0,"1,2,3,4","Electrician, Mecanician, Inspector Junior, Inspector Senior",,,,,"0,0",Minutes,,Corrective,Low,4,54.0,1
556,To do,12,Corrective-Low-5,Documentation and Reporting,"5,0",Minutes,11.0,"1,2,3,4","Electrician, Mecanician, Inspector Junior, Inspector Senior",,,,,"0,0",Minutes,,Corrective,Low,5,54.0,1
557,To do,13,Corrective-Low-6,Post-Maintenance Adjustments,"5,0",Minutes,12.0,"1,2,3,4","Electrician, Mecanician, Inspector Junior, Inspector Senior",,,,,"0,0",Minutes,,Corrective,Low,6,54.0,1
558,To do,14,Corrective-Low-7,System Cleanup and Safety Checks,"10,0",Minutes,13.0,"1,2,3,4","Electrician, Mecanician, Inspector Junior, Inspector Senior",,,,,"0,0",Minutes,,Corrective,Low,7,54.0,1
545,To do,8,Corrective-Low-1,Diagnostics and Troubleshooting,"30,0",Minutes,,"1,2,3,4","Electrician, Mecanician, Inspector Junior, Inspector Senior",,,,,"0,0",Minutes,,Corrective,Low,1,55.0,1
546,To do,9,Corrective-Low-2,Component Repair and Replacement,"1,0",Hours,8.0,"1,2,3,4","Electrician, Mecanician, Inspector Junior, Inspector Senior",,,,,"0,0",Minutes,,Corrective,Low,2,55.0,1
547,To do,10,Corrective-Low-3,Control System Checks,"5,0",Minutes,9.0,"1,2,3,4","Electrician, Mecanician, Inspector Junior, Inspector Senior",,,,,"0,0",Minutes,,Corrective,Low,3,55.0,1
548,To do,11,Corrective-Low-4,Testing and Validation,"5,0",Minutes,10.0,"1,2,3,4","Electrician, Mecanician, Inspector Junior, Inspector Senior",,,,,"0,0",Minutes,,Corrective,Low,4,55.0,1
549,To do,12,Corrective-Low-5,Documentation and Reporting,"5,0",Minutes,11.0,"1,2,3,4","Electrician, Mecanician, Inspector Junior, Inspector Senior",,,,,"0,0",Minutes,,Corrective,Low,5,55.0,1
550,To do,13,Corrective-Low-6,Post-Maintenance Adjustments,"5,0",Minutes,12.0,"1,2,3,4","Electrician, Mecanician, Inspector Junior, Inspector Senior",,,,,"0,0",Minutes,,Corrective,Low,6,55.0,1
551,To do,14,Corrective-Low-7,System Cleanup and Safety Checks,"10,0",Minutes,13.0,"1,2,3,4","Electrician, Mecanician, Inspector Junior, Inspector Senior",,,,,"0,0",Minutes,,Corrective,Low,7,55.0,1
538,To do,8,Corrective-Low-1,Diagnostics and Troubleshooting,"30,0",Minutes,,"1,2,3,4","Electrician, Mecanician, Inspector Junior, Inspector Senior",,,,,"0,0",Minutes,,Corrective,Low,1,56.0,1
539,To do,9,Corrective-Low-2,Component Repair and Replacement,"1,0",Hours,8.0,"1,2,3,4","Electrician, Mecanician, Inspector Junior, Inspector Senior",,,,,"0,0",Minutes,,Corrective,Low,2,56.0,1
540,To do,10,Corrective-Low-3,Control System Checks,"5,0",Minutes,9.0,"1,2,3,4","Electrician, Mecanician, Inspector Junior, Inspector Senior",,,,,"0,0",Minutes,,Corrective,Low,3,56.0,1
541,To do,11,Corrective-Low-4,Testing and Validation,"5,0",Minutes,10.0,"1,2,3,4","Electrician, Mecanician, Inspector Junior, Inspector Senior",,,,,"0,0",Minutes,,Corrective,Low,4,56.0,1
542,To do,12,Corrective-Low-5,Documentation and Reporting,"5,0",Minutes,11.0,"1,2,3,4","Electrician, Mecanician, Inspector Junior, Inspector Senior",,,,,"0,0",Minutes,,Corrective,Low,5,56.0,1
543,To do,13,Corrective-Low-6,Post-Maintenance Adjustments,"5,0",Minutes,12.0,"1,2,3,4","Electrician, Mecanician, Inspector Junior, Inspector Senior",,,,,"0,0",Minutes,,Corrective,Low,6,56.0,1
544,To do,14,Corrective-Low-7,System Cleanup and Safety Checks,"10,0",Minutes,13.0,"1,2,3,4","Electrician, Mecanician, Inspector Junior, Inspector Senior",,,,,"0,0",Minutes,,Corrective,Low,7,56.0,1
531,To do,8,Corrective-Low-1,Diagnostics and Troubleshooting,"30,0",Minutes,,"1,2,3,4","Electrician, Mecanician, Inspector Junior, Inspector Senior",,,,,"0,0",Minutes,,Corrective,Low,1,57.0,1
532,To do,9,Corrective-Low-2,Component Repair and Replacement,"1,0",Hours,8.0,"1,2,3,4","Electrician, Mecanician, Inspector Junior, Inspector Senior",,,,,"0,0",Minutes,,Corrective,Low,2,57.0,1
533,To do,10,Corrective-Low-3,Control System Checks,"5,0",Minutes,9.0,"1,2,3,4","Electrician, Mecanician, Inspector Junior, Inspector Senior",,,,,"0,0",Minutes,,Corrective,Low,3,57.0,1
534,To do,11,Corrective-Low-4,Testing and Validation,"5,0",Minutes,10.0,"1,2,3,4","Electrician, Mecanician, Inspector Junior, Inspector Senior",,,,,"0,0",Minutes,,Corrective,Low,4,57.0,1
535,To do,12,Corrective-Low-5,Documentation and Reporting,"5,0",Minutes,11.0,"1,2,3,4","Electrician, Mecanician, Inspector Junior, Inspector Senior",,,,,"0,0",Minutes,,Corrective,Low,5,57.0,1
536,To do,13,Corrective-Low-6,Post-Maintenance Adjustments,"5,0",Minutes,12.0,"1,2,3,4","Electrician, Mecanician, Inspector Junior, Inspector Senior",,,,,"0,0",Minutes,,Corrective,Low,6,57.0,1
537,To do,14,Corrective-Low-7,System Cleanup and Safety Checks,"10,0",Minutes,13.0,"1,2,3,4","Electrician, Mecanician, Inspector Junior, Inspector Senior",,,,,"0,0",Minutes,,Corrective,Low,7,57.0,1
524,To do,8,Corrective-Low-1,Diagnostics and Troubleshooting,"30,0",Minutes,,"1,2,3,4","Electrician, Mecanician, Inspector Junior, Inspector Senior",,,,,"0,0",Minutes,,Corrective,Low,1,58.0,1
525,To do,9,Corrective-Low-2,Component Repair and Replacement,"1,0",Hours,8.0,"1,2,3,4","Electrician, Mecanician, Inspector Junior, Inspector Senior",,,,,"0,0",Minutes,,Corrective,Low,2,58.0,1
526,To do,10,Corrective-Low-3,Control System Checks,"5,0",Minutes,9.0,"1,2,3,4","Electrician, Mecanician, Inspector Junior, Inspector Senior",,,,,"0,0",Minutes,,Corrective,Low,3,58.0,1
527,To do,11,Corrective-Low-4,Testing and Validation,"5,0",Minutes,10.0,"1,2,3,4","Electrician, Mecanician, Inspector Junior, Inspector Senior",,,,,"0,0",Minutes,,Corrective,Low,4,58.0,1
528,To do,12,Corrective-Low-5,Documentation and Reporting,"5,0",Minutes,11.0,"1,2,3,4","Electrician, Mecanician, Inspector Junior, Inspector Senior",,,,,"0,0",Minutes,,Corrective,Low,5,58.0,1
529,To do,13,Corrective-Low-6,Post-Maintenance Adjustments,"5,0",Minutes,12.0,"1,2,3,4","Electrician, Mecanician, Inspector Junior, Inspector Senior",,,,,"0,0",Minutes,,Corrective,Low,6,58.0,1
530,To do,14,Corrective-Low-7,System Cleanup and Safety Checks,"10,0",Minutes,13.0,"1,2,3,4","Electrician, Mecanician, Inspector Junior, Inspector Senior",,,,,"0,0",Minutes,,Corrective,Low,7,58.0,1
517,To do,8,Corrective-Low-1,Diagnostics and Troubleshooting,"30,0",Minutes,,"1,2,3,4","Electrician, Mecanician, Inspector Junior, Inspector Senior",,,,,"0,0",Minutes,,Corrective,Low,1,59.0,1
518,To do,9,Corrective-Low-2,Component Repair and Replacement,"1,0",Hours,8.0,"1,2,3,4","Electrician, Mecanician, Inspector Junior, Inspector Senior",,,,,"0,0",Minutes,,Corrective,Low,2,59.0,1
519,To do,10,Corrective-Low-3,Control System Checks,"5,0",Minutes,9.0,"1,2,3,4","Electrician, Mecanician, Inspector Junior, Inspector Senior",,,,,"0,0",Minutes,,Corrective,Low,3,59.0,1
520,To do,11,Corrective-Low-4,Testing and Validation,"5,0",Minutes,10.0,"1,2,3,4","Electrician, Mecanician, Inspector Junior, Inspector Senior",,,,,"0,0",Minutes,,Corrective,Low,4,59.0,1
521,To do,12,Corrective-Low-5,Documentation and Reporting,"5,0",Minutes,11.0,"1,2,3,4","Electrician, Mecanician, Inspector Junior, Inspector Senior",,,,,"0,0",Minutes,,Corrective,Low,5,59.0,1
522,To do,13,Corrective-Low-6,Post-Maintenance Adjustments,"5,0",Minutes,12.0,"1,2,3,4","Electrician, Mecanician, Inspector Junior, Inspector Senior",,,,,"0,0",Minutes,,Corrective,Low,6,59.0,1
523,To do,14,Corrective-Low-7,System Cleanup and Safety Checks,"10,0",Minutes,13.0,"1,2,3,4","Electrician, Mecanician, Inspector Junior, Inspector Senior",,,,,"0,0",Minutes,,Corrective,Low,7,59.0,1
510,To do,8,Corrective-Low-1,Diagnostics and Troubleshooting,"30,0",Minutes,,"1,2,3,4","Electrician, Mecanician, Inspector Junior, Inspector Senior",,,,,"0,0",Minutes,,Corrective,Low,1,60.0,1
511,To do,9,Corrective-Low-2,Component Repair and Replacement,"1,0",Hours,8.0,"1,2,3,4","Electrician, Mecanician, Inspector Junior, Inspector Senior",,,,,"0,0",Minutes,,Corrective,Low,2,60.0,1
512,To do,10,Corrective-Low-3,Control System Checks,"5,0",Minutes,9.0,"1,2,3,4","Electrician, Mecanician, Inspector Junior, Inspector Senior",,,,,"0,0",Minutes,,Corrective,Low,3,60.0,1
513,To do,11,Corrective-Low-4,Testing and Validation,"5,0",Minutes,10.0,"1,2,3,4","Electrician, Mecanician, Inspector Junior, Inspector Senior",,,,,"0,0",Minutes,,Corrective,Low,4,60.0,1
514,To do,12,Corrective-Low-5,Documentation and Reporting,"5,0",Minutes,11.0,"1,2,3,4","Electrician, Mecanician, Inspector Junior, Inspector Senior",,,,,"0,0",Minutes,,Corrective,Low,5,60.0,1
515,To do,13,Corrective-Low-6,Post-Maintenance Adjustments,"5,0",Minutes,12.0,"1,2,3,4","Electrician, Mecanician, Inspector Junior, Inspector Senior",,,,,"0,0",Minutes,,Corrective,Low,6,60.0,1
516,To do,14,Corrective-Low-7,System Cleanup and Safety Checks,"10,0",Minutes,13.0,"1,2,3,4","Electrician, Mecanician, Inspector Junior, Inspector Senior",,,,,"0,0",Minutes,,Corrective,Low,7,60.0,1
566,To do,15,Preventive-monthly-1,Safety Systems Check,"30,0",Minutes,,"3,4","Inspector Junior, Inspector Senior",4/11/2024,8/11/2024,,,"0,0",Minutes,,Preventive,monthly,1,61.0,2
567,To do,16,Preventive-monthly-2,Structural and Mechanical Inspection,"30,0",Minutes,15.0,"3,4","Inspector Junior, Inspector Senior",4/11/2024,8/11/2024,,,"0,0",Minutes,,Preventive,monthly,2,61.0,2
568,To do,17,Preventive-monthly-3,Electrical and Control Systems Examination,"30,0",Minutes,16.0,"3,4","Inspector Junior, Inspector Senior",4/11/2024,8/11/2024,,,"0,0",Minutes,,Preventive,monthly,3,61.0,2
569,To do,18,Preventive-monthly-4,Performance and Load Testing,"50,0",Minutes,17.0,"3,4","Inspector Junior, Inspector Senior",4/11/2024,8/11/2024,,,"0,0",Minutes,,Preventive,monthly,4,61.0,2
570,To do,19,Preventive-monthly-5,Documentation and Compliance Verification,"10,0",Minutes,18.0,"3,4","Inspector Junior, Inspector Senior",4/11/2024,8/11/2024,,,"0,0",Minutes,,Preventive,monthly,5,61.0,2
631,To do,15,Preventive-monthly-1,Safety Systems Check,"30,0",Minutes,,"3,4","Inspector Junior, Inspector Senior",4/11/2024,8/11/2024,,,"0,0",Minutes,,Preventive,monthly,1,62.0,2
632,To do,16,Preventive-monthly-2,Structural and Mechanical Inspection,"30,0",Minutes,15.0,"3,4","Inspector Junior, Inspector Senior",4/11/2024,8/11/2024,,,"0,0",Minutes,,Preventive,monthly,2,62.0,2
633,To do,17,Preventive-monthly-3,Electrical and Control Systems Examination,"30,0",Minutes,16.0,"3,4","Inspector Junior, Inspector Senior",4/11/2024,8/11/2024,,,"0,0",Minutes,,Preventive,monthly,3,62.0,2
634,To do,18,Preventive-monthly-4,Performance and Load Testing,"50,0",Minutes,17.0,"3,4","Inspector Junior, Inspector Senior",4/11/2024,8/11/2024,,,"0,0",Minutes,,Preventive,monthly,4,62.0,2
635,To do,19,Preventive-monthly-5,Documentation and Compliance Verification,"10,0",Minutes,18.0,"3,4","Inspector Junior, Inspector Senior",4/11/2024,8/11/2024,,,"0,0",Minutes,,Preventive,monthly,5,62.0,2
626,To do,15,Preventive-monthly-1,Safety Systems Check,"30,0",Minutes,,"3,4","Inspector Junior, Inspector Senior",4/11/2024,8/11/2024,,,"0,0",Minutes,,Preventive,monthly,1,63.0,2
627,To do,16,Preventive-monthly-2,Structural and Mechanical Inspection,"30,0",Minutes,15.0,"3,4","Inspector Junior, Inspector Senior",4/11/2024,8/11/2024,,,"0,0",Minutes,,Preventive,monthly,2,63.0,2
628,To do,17,Preventive-monthly-3,Electrical and Control Systems Examination,"30,0",Minutes,16.0,"3,4","Inspector Junior, Inspector Senior",4/11/2024,8/11/2024,,,"0,0",Minutes,,Preventive,monthly,3,63.0,2
629,To do,18,Preventive-monthly-4,Performance and Load Testing,"50,0",Minutes,17.0,"3,4","Inspector Junior, Inspector Senior",4/11/2024,8/11/2024,,,"0,0",Minutes,,Preventive,monthly,4,63.0,2
630,To do,19,Preventive-monthly-5,Documentation and Compliance Verification,"10,0",Minutes,18.0,"3,4","Inspector Junior, Inspector Senior",4/11/2024,8/11/2024,,,"0,0",Minutes,,Preventive,monthly,5,63.0,2
639,To do,15,Preventive-monthly-1,Safety Systems Check,"30,0",Minutes,,"3,4","Inspector Junior, Inspector Senior",11/11/2024,15/11/2024,,,"0,0",Minutes,,Preventive,monthly,1,64.0,2
640,To do,16,Preventive-monthly-2,Structural and Mechanical Inspection,"30,0",Minutes,15.0,"3,4","Inspector Junior, Inspector Senior",11/11/2024,15/11/2024,,,"0,0",Minutes,,Preventive,monthly,2,64.0,2
641,To do,17,Preventive-monthly-3,Electrical and Control Systems Examination,"30,0",Minutes,16.0,"3,4","Inspector Junior, Inspector Senior",11/11/2024,15/11/2024,,,"0,0",Minutes,,Preventive,monthly,3,64.0,2
642,To do,18,Preventive-monthly-4,Performance and Load Testing,"50,0",Minutes,17.0,"3,4","Inspector Junior, Inspector Senior",11/11/2024,15/11/2024,,,"0,0",Minutes,,Preventive,monthly,4,64.0,2
643,To do,19,Preventive-monthly-5,Documentation and Compliance Verification,"10,0",Minutes,18.0,"3,4","Inspector Junior, Inspector Senior",11/11/2024,15/11/2024,,,"0,0",Minutes,,Preventive,monthly,5,64.0,2
621,To do,15,Preventive-monthly-1,Safety Systems Check,"30,0",Minutes,,"3,4","Inspector Junior, Inspector Senior",4/11/2024,8/11/2024,,,"0,0",Minutes,,Preventive,monthly,1,65.0,2
622,To do,16,Preventive-monthly-2,Structural and Mechanical Inspection,"30,0",Minutes,15.0,"3,4","Inspector Junior, Inspector Senior",4/11/2024,8/11/2024,,,"0,0",Minutes,,Preventive,monthly,2,65.0,2
623,To do,17,Preventive-monthly-3,Electrical and Control Systems Examination,"30,0",Minutes,16.0,"3,4","Inspector Junior, Inspector Senior",4/11/2024,8/11/2024,,,"0,0",Minutes,,Preventive,monthly,3,65.0,2
624,To do,18,Preventive-monthly-4,Performance and Load Testing,"50,0",Minutes,17.0,"3,4","Inspector Junior, Inspector Senior",4/11/2024,8/11/2024,,,"0,0",Minutes,,Preventive,monthly,4,65.0,2
625,To do,19,Preventive-monthly-5,Documentation and Compliance Verification,"10,0",Minutes,18.0,"3,4","Inspector Junior, Inspector Senior",4/11/2024,8/11/2024,,,"0,0",Minutes,,Preventive,monthly,5,65.0,2
616,To do,15,Preventive-monthly-1,Safety Systems Check,"30,0",Minutes,,"3,4","Inspector Junior, Inspector Senior",4/11/2024,8/11/2024,,,"0,0",Minutes,,Preventive,monthly,1,66.0,2
617,To do,16,Preventive-monthly-2,Structural and Mechanical Inspection,"30,0",Minutes,15.0,"3,4","Inspector Junior, Inspector Senior",4/11/2024,8/11/2024,,,"0,0",Minutes,,Preventive,monthly,2,66.0,2
618,To do,17,Preventive-monthly-3,Electrical and Control Systems Examination,"30,0",Minutes,16.0,"3,4","Inspector Junior, Inspector Senior",4/11/2024,8/11/2024,,,"0,0",Minutes,,Preventive,monthly,3,66.0,2
619,To do,18,Preventive-monthly-4,Performance and Load Testing,"50,0",Minutes,17.0,"3,4","Inspector Junior, Inspector Senior",4/11/2024,8/11/2024,,,"0,0",Minutes,,Preventive,monthly,4,66.0,2
620,To do,19,Preventive-monthly-5,Documentation and Compliance Verification,"10,0",Minutes,18.0,"3,4","Inspector Junior, Inspector Senior",4/11/2024,8/11/2024,,,"0,0",Minutes,,Preventive,monthly,5,66.0,2
611,To do,15,Preventive-monthly-1,Safety Systems Check,"30,0",Minutes,,"3,4","Inspector Junior, Inspector Senior",4/11/2024,8/11/2024,,,"0,0",Minutes,,Preventive,monthly,1,67.0,2
612,To do,16,Preventive-monthly-2,Structural and Mechanical Inspection,"30,0",Minutes,15.0,"3,4","Inspector Junior, Inspector Senior",4/11/2024,8/11/2024,,,"0,0",Minutes,,Preventive,monthly,2,67.0,2
613,To do,17,Preventive-monthly-3,Electrical and Control Systems Examination,"30,0",Minutes,16.0,"3,4","Inspector Junior, Inspector Senior",4/11/2024,8/11/2024,,,"0,0",Minutes,,Preventive,monthly,3,67.0,2
614,To do,18,Preventive-monthly-4,Performance and Load Testing,"50,0",Minutes,17.0,"3,4","Inspector Junior, Inspector Senior",4/11/2024,8/11/2024,,,"0,0",Minutes,,Preventive,monthly,4,67.0,2
615,To do,19,Preventive-monthly-5,Documentation and Compliance Verification,"10,0",Minutes,18.0,"3,4","Inspector Junior, Inspector Senior",4/11/2024,8/11/2024,,,"0,0",Minutes,,Preventive,monthly,5,67.0,2
606,To do,15,Preventive-monthly-1,Safety Systems Check,"30,0",Minutes,,"3,4","Inspector Junior, Inspector Senior",4/11/2024,8/11/2024,,,"0,0",Minutes,,Preventive,monthly,1,68.0,2
607,To do,16,Preventive-monthly-2,Structural and Mechanical Inspection,"30,0",Minutes,15.0,"3,4","Inspector Junior, Inspector Senior",4/11/2024,8/11/2024,,,"0,0",Minutes,,Preventive,monthly,2,68.0,2
608,To do,17,Preventive-monthly-3,Electrical and Control Systems Examination,"30,0",Minutes,16.0,"3,4","Inspector Junior, Inspector Senior",4/11/2024,8/11/2024,,,"0,0",Minutes,,Preventive,monthly,3,68.0,2
609,To do,18,Preventive-monthly-4,Performance and Load Testing,"50,0",Minutes,17.0,"3,4","Inspector Junior, Inspector Senior",4/11/2024,8/11/2024,,,"0,0",Minutes,,Preventive,monthly,4,68.0,2
610,To do,19,Preventive-monthly-5,Documentation and Compliance Verification,"10,0",Minutes,18.0,"3,4","Inspector Junior, Inspector Senior",4/11/2024,8/11/2024,,,"0,0",Minutes,,Preventive,monthly,5,68.0,2
601,To do,15,Preventive-monthly-1,Safety Systems Check,"30,0",Minutes,,"3,4","Inspector Junior, Inspector Senior",11/11/2024,15/11/2024,,,"0,0",Minutes,,Preventive,monthly,1,69.0,2
602,To do,16,Preventive-monthly-2,Structural and Mechanical Inspection,"30,0",Minutes,15.0,"3,4","Inspector Junior, Inspector Senior",11/11/2024,15/11/2024,,,"0,0",Minutes,,Preventive,monthly,2,69.0,2
603,To do,17,Preventive-monthly-3,Electrical and Control Systems Examination,"30,0",Minutes,16.0,"3,4","Inspector Junior, Inspector Senior",11/11/2024,15/11/2024,,,"0,0",Minutes,,Preventive,monthly,3,69.0,2
604,To do,18,Preventive-monthly-4,Performance and Load Testing,"50,0",Minutes,17.0,"3,4","Inspector Junior, Inspector Senior",11/11/2024,15/11/2024,,,"0,0",Minutes,,Preventive,monthly,4,69.0,2
605,To do,19,Preventive-monthly-5,Documentation and Compliance Verification,"10,0",Minutes,18.0,"3,4","Inspector Junior, Inspector Senior",11/11/2024,15/11/2024,,,"0,0",Minutes,,Preventive,monthly,5,69.0,2
596,To do,15,Preventive-monthly-1,Safety Systems Check,"30,0",Minutes,,"3,4","Inspector Junior, Inspector Senior",11/11/2024,15/11/2024,,,"0,0",Minutes,,Preventive,monthly,1,70.0,2
597,To do,16,Preventive-monthly-2,Structural and Mechanical Inspection,"30,0",Minutes,15.0,"3,4","Inspector Junior, Inspector Senior",11/11/2024,15/11/2024,,,"0,0",Minutes,,Preventive,monthly,2,70.0,2
598,To do,17,Preventive-monthly-3,Electrical and Control Systems Examination,"30,0",Minutes,16.0,"3,4","Inspector Junior, Inspector Senior",11/11/2024,15/11/2024,,,"0,0",Minutes,,Preventive,monthly,3,70.0,2
599,To do,18,Preventive-monthly-4,Performance and Load Testing,"50,0",Minutes,17.0,"3,4","Inspector Junior, Inspector Senior",11/11/2024,15/11/2024,,,"0,0",Minutes,,Preventive,monthly,4,70.0,2
600,To do,19,Preventive-monthly-5,Documentation and Compliance Verification,"10,0",Minutes,18.0,"3,4","Inspector Junior, Inspector Senior",11/11/2024,15/11/2024,,,"0,0",Minutes,,Preventive,monthly,5,70.0,2
644,To do,15,Preventive-monthly-1,Safety Systems Check,"30,0",Minutes,,"3,4","Inspector Junior, Inspector Senior",4/11/2024,8/11/2024,,,"0,0",Minutes,,Preventive,monthly,1,71.0,2
645,To do,16,Preventive-monthly-2,Structural and Mechanical Inspection,"30,0",Minutes,15.0,"3,4","Inspector Junior, Inspector Senior",4/11/2024,8/11/2024,,,"0,0",Minutes,,Preventive,monthly,2,71.0,2
646,To do,17,Preventive-monthly-3,Electrical and Control Systems Examination,"30,0",Minutes,16.0,"3,4","Inspector Junior, Inspector Senior",4/11/2024,8/11/2024,,,"0,0",Minutes,,Preventive,monthly,3,71.0,2
647,To do,18,Preventive-monthly-4,Performance and Load Testing,"50,0",Minutes,17.0,"3,4","Inspector Junior, Inspector Senior",4/11/2024,8/11/2024,,,"0,0",Minutes,,Preventive,monthly,4,71.0,2
648,To do,19,Preventive-monthly-5,Documentation and Compliance Verification,"10,0",Minutes,18.0,"3,4","Inspector Junior, Inspector Senior",4/11/2024,8/11/2024,,,"0,0",Minutes,,Preventive,monthly,5,71.0,2
591,To do,15,Preventive-monthly-1,Safety Systems Check,"30,0",Minutes,,"3,4","Inspector Junior, Inspector Senior",4/11/2024,8/11/2024,,,"0,0",Minutes,,Preventive,monthly,1,72.0,2
592,To do,16,Preventive-monthly-2,Structural and Mechanical Inspection,"30,0",Minutes,15.0,"3,4","Inspector Junior, Inspector Senior",4/11/2024,8/11/2024,,,"0,0",Minutes,,Preventive,monthly,2,72.0,2
593,To do,17,Preventive-monthly-3,Electrical and Control Systems Examination,"30,0",Minutes,16.0,"3,4","Inspector Junior, Inspector Senior",4/11/2024,8/11/2024,,,"0,0",Minutes,,Preventive,monthly,3,72.0,2
594,To do,18,Preventive-monthly-4,Performance and Load Testing,"50,0",Minutes,17.0,"3,4","Inspector Junior, Inspector Senior",4/11/2024,8/11/2024,,,"0,0",Minutes,,Preventive,monthly,4,72.0,2
595,To do,19,Preventive-monthly-5,Documentation and Compliance Verification,"10,0",Minutes,18.0,"3,4","Inspector Junior, Inspector Senior",4/11/2024,8/11/2024,,,"0,0",Minutes,,Preventive,monthly,5,72.0,2
586,To do,15,Preventive-monthly-1,Safety Systems Check,"30,0",Minutes,,"3,4","Inspector Junior, Inspector Senior",4/11/2024,8/11/2024,,,"0,0",Minutes,,Preventive,monthly,1,73.0,2
587,To do,16,Preventive-monthly-2,Structural and Mechanical Inspection,"30,0",Minutes,15.0,"3,4","Inspector Junior, Inspector Senior",4/11/2024,8/11/2024,,,"0,0",Minutes,,Preventive,monthly,2,73.0,2
588,To do,17,Preventive-monthly-3,Electrical and Control Systems Examination,"30,0",Minutes,16.0,"3,4","Inspector Junior, Inspector Senior",4/11/2024,8/11/2024,,,"0,0",Minutes,,Preventive,monthly,3,73.0,2
589,To do,18,Preventive-monthly-4,Performance and Load Testing,"50,0",Minutes,17.0,"3,4","Inspector Junior, Inspector Senior",4/11/2024,8/11/2024,,,"0,0",Minutes,,Preventive,monthly,4,73.0,2
590,To do,19,Preventive-monthly-5,Documentation and Compliance Verification,"10,0",Minutes,18.0,"3,4","Inspector Junior, Inspector Senior",4/11/2024,8/11/2024,,,"0,0",Minutes,,Preventive,monthly,5,73.0,2
581,To do,15,Preventive-monthly-1,Safety Systems Check,"30,0",Minutes,,"3,4","Inspector Junior, Inspector Senior",4/11/2024,8/11/2024,,,"0,0",Minutes,,Preventive,monthly,1,74.0,2
582,To do,16,Preventive-monthly-2,Structural and Mechanical Inspection,"30,0",Minutes,15.0,"3,4","Inspector Junior, Inspector Senior",4/11/2024,8/11/2024,,,"0,0",Minutes,,Preventive,monthly,2,74.0,2
583,To do,17,Preventive-monthly-3,Electrical and Control Systems Examination,"30,0",Minutes,16.0,"3,4","Inspector Junior, Inspector Senior",4/11/2024,8/11/2024,,,"0,0",Minutes,,Preventive,monthly,3,74.0,2
584,To do,18,Preventive-monthly-4,Performance and Load Testing,"50,0",Minutes,17.0,"3,4","Inspector Junior, Inspector Senior",4/11/2024,8/11/2024,,,"0,0",Minutes,,Preventive,monthly,4,74.0,2
585,To do,19,Preventive-monthly-5,Documentation and Compliance Verification,"10,0",Minutes,18.0,"3,4","Inspector Junior, Inspector Senior",4/11/2024,8/11/2024,,,"0,0",Minutes,,Preventive,monthly,5,74.0,2
649,To do,15,Preventive-monthly-1,Safety Systems Check,"30,0",Minutes,,"3,4","Inspector Junior, Inspector Senior",4/11/2024,8/11/2024,,,"0,0",Minutes,,Preventive,monthly,1,75.0,2
650,To do,16,Preventive-monthly-2,Structural and Mechanical Inspection,"30,0",Minutes,15.0,"3,4","Inspector Junior, Inspector Senior",4/11/2024,8/11/2024,,,"0,0",Minutes,,Preventive,monthly,2,75.0,2
651,To do,17,Preventive-monthly-3,Electrical and Control Systems Examination,"30,0",Minutes,16.0,"3,4","Inspector Junior, Inspector Senior",4/11/2024,8/11/2024,,,"0,0",Minutes,,Preventive,monthly,3,75.0,2
652,To do,18,Preventive-monthly-4,Performance and Load Testing,"50,0",Minutes,17.0,"3,4","Inspector Junior, Inspector Senior",4/11/2024,8/11/2024,,,"0,0",Minutes,,Preventive,monthly,4,75.0,2
653,To do,19,Preventive-monthly-5,Documentation and Compliance Verification,"10,0",Minutes,18.0,"3,4","Inspector Junior, Inspector Senior",4/11/2024,8/11/2024,,,"0,0",Minutes,,Preventive,monthly,5,75.0,2
654,To do,15,Preventive-monthly-1,Safety Systems Check,"30,0",Minutes,,"3,4","Inspector Junior, Inspector Senior",4/11/2024,8/11/2024,,,"0,0",Minutes,,Preventive,monthly,1,76.0,2
655,To do,16,Preventive-monthly-2,Structural and Mechanical Inspection,"30,0",Minutes,15.0,"3,4","Inspector Junior, Inspector Senior",4/11/2024,8/11/2024,,,"0,0",Minutes,,Preventive,monthly,2,76.0,2
656,To do,17,Preventive-monthly-3,Electrical and Control Systems Examination,"30,0",Minutes,16.0,"3,4","Inspector Junior, Inspector Senior",4/11/2024,8/11/2024,,,"0,0",Minutes,,Preventive,monthly,3,76.0,2
657,To do,18,Preventive-monthly-4,Performance and Load Testing,"50,0",Minutes,17.0,"3,4","Inspector Junior, Inspector Senior",4/11/2024,8/11/2024,,,"0,0",Minutes,,Preventive,monthly,4,76.0,2
658,To do,19,Preventive-monthly-5,Documentation and Compliance Verification,"10,0",Minutes,18.0,"3,4","Inspector Junior, Inspector Senior",4/11/2024,8/11/2024,,,"0,0",Minutes,,Preventive,monthly,5,76.0,2
659,To do,8,Corrective-Low-1,Diagnostics and Troubleshooting,"30,0",Minutes,,"1,2,3,4","Electrician, Mecanician, Inspector Junior, Inspector Senior",,,,,"0,0",Minutes,,Corrective,Low,1,77.0,1
660,To do,9,Corrective-Low-2,Component Repair and Replacement,"1,0",Hours,8.0,"1,2,3,4","Electrician, Mecanician, Inspector Junior, Inspector Senior",,,,,"0,0",Minutes,,Corrective,Low,2,77.0,1
661,To do,10,Corrective-Low-3,Control System Checks,"5,0",Minutes,9.0,"1,2,3,4","Electrician, Mecanician, Inspector Junior, Inspector Senior",,,,,"0,0",Minutes,,Corrective,Low,3,77.0,1
662,To do,11,Corrective-Low-4,Testing and Validation,"5,0",Minutes,10.0,"1,2,3,4","Electrician, Mecanician, Inspector Junior, Inspector Senior",,,,,"0,0",Minutes,,Corrective,Low,4,77.0,1
663,To do,12,Corrective-Low-5,Documentation and Reporting,"5,0",Minutes,11.0,"1,2,3,4","Electrician, Mecanician, Inspector Junior, Inspector Senior",,,,,"0,0",Minutes,,Corrective,Low,5,77.0,1
664,To do,13,Corrective-Low-6,Post-Maintenance Adjustments,"5,0",Minutes,12.0,"1,2,3,4","Electrician, Mecanician, Inspector Junior, Inspector Senior",,,,,"0,0",Minutes,,Corrective,Low,6,77.0,1
665,To do,14,Corrective-Low-7,System Cleanup and Safety Checks,"10,0",Minutes,13.0,"1,2,3,4","Electrician, Mecanician, Inspector Junior, Inspector Senior",,,,,"0,0",Minutes,,Corrective,Low,7,77.0,1
666,To do,8,Corrective-Low-1,Diagnostics and Troubleshooting,"30,0",Minutes,,"1,2,3,4","Electrician, Mecanician, Inspector Junior, Inspector Senior",,,,,"0,0",Minutes,,Corrective,Low,1,78.0,1
667,To do,9,Corrective-Low-2,Component Repair and Replacement,"1,0",Hours,8.0,"1,2,3,4","Electrician, Mecanician, Inspector Junior, Inspector Senior",,,,,"0,0",Minutes,,Corrective,Low,2,78.0,1
668,To do,10,Corrective-Low-3,Control System Checks,"5,0",Minutes,9.0,"1,2,3,4","Electrician, Mecanician, Inspector Junior, Inspector Senior",,,,,"0,0",Minutes,,Corrective,Low,3,78.0,1
669,To do,11,Corrective-Low-4,Testing and Validation,"5,0",Minutes,10.0,"1,2,3,4","Electrician, Mecanician, Inspector Junior, Inspector Senior",,,,,"0,0",Minutes,,Corrective,Low,4,78.0,1
670,To do,12,Corrective-Low-5,Documentation and Reporting,"5,0",Minutes,11.0,"1,2,3,4","Electrician, Mecanician, Inspector Junior, Inspector Senior",,,,,"0,0",Minutes,,Corrective,Low,5,78.0,1
671,To do,13,Corrective-Low-6,Post-Maintenance Adjustments,"5,0",Minutes,12.0,"1,2,3,4","Electrician, Mecanician, Inspector Junior, Inspector Senior",,,,,"0,0",Minutes,,Corrective,Low,6,78.0,1
672,To do,14,Corrective-Low-7,System Cleanup and Safety Checks,"10,0",Minutes,13.0,"1,2,3,4","Electrician, Mecanician, Inspector Junior, Inspector Senior",,,,,"0,0",Minutes,,Corrective,Low,7,78.0,1
673,To do,8,Corrective-Low-1,Diagnostics and Troubleshooting,"30,0",Minutes,,"1,2,3,4","Electrician, Mecanician, Inspector Junior, Inspector Senior",,,,,"0,0",Minutes,,Corrective,Low,1,79.0,1
674,To do,9,Corrective-Low-2,Component Repair and Replacement,"1,0",Hours,8.0,"1,2,3,4","Electrician, Mecanician, Inspector Junior, Inspector Senior",,,,,"0,0",Minutes,,Corrective,Low,2,79.0,1
675,To do,10,Corrective-Low-3,Control System Checks,"5,0",Minutes,9.0,"1,2,3,4","Electrician, Mecanician, Inspector Junior, Inspector Senior",,,,,"0,0",Minutes,,Corrective,Low,3,79.0,1
676,To do,11,Corrective-Low-4,Testing and Validation,"5,0",Minutes,10.0,"1,2,3,4","Electrician, Mecanician, Inspector Junior, Inspector Senior",,,,,"0,0",Minutes,,Corrective,Low,4,79.0,1
677,To do,12,Corrective-Low-5,Documentation and Reporting,"5,0",Minutes,11.0,"1,2,3,4","Electrician, Mecanician, Inspector Junior, Inspector Senior",,,,,"0,0",Minutes,,Corrective,Low,5,79.0,1
678,To do,13,Corrective-Low-6,Post-Maintenance Adjustments,"5,0",Minutes,12.0,"1,2,3,4","Electrician, Mecanician, Inspector Junior, Inspector Senior",,,,,"0,0",Minutes,,Corrective,Low,6,79.0,1
679,To do,14,Corrective-Low-7,System Cleanup and Safety Checks,"10,0",Minutes,13.0,"1,2,3,4","Electrician, Mecanician, Inspector Junior, Inspector Senior",,,,,"0,0",Minutes,,Corrective,Low,7,79.0,1
680,To do,8,Corrective-Low-1,Diagnostics and Troubleshooting,"30,0",Minutes,,"1,2,3,4","Electrician, Mecanician, Inspector Junior, Inspector Senior",,,,,"0,0",Minutes,,Corrective,Low,1,80.0,1
681,To do,9,Corrective-Low-2,Component Repair and Replacement,"1,0",Hours,8.0,"1,2,3,4","Electrician, Mecanician, Inspector Junior, Inspector Senior",,,,,"0,0",Minutes,,Corrective,Low,2,80.0,1
682,To do,10,Corrective-Low-3,Control System Checks,"5,0",Minutes,9.0,"1,2,3,4","Electrician, Mecanician, Inspector Junior, Inspector Senior",,,,,"0,0",Minutes,,Corrective,Low,3,80.0,1
683,To do,11,Corrective-Low-4,Testing and Validation,"5,0",Minutes,10.0,"1,2,3,4","Electrician, Mecanician, Inspector Junior, Inspector Senior",,,,,"0,0",Minutes,,Corrective,Low,4,80.0,1
684,To do,12,Corrective-Low-5,Documentation and Reporting,"5,0",Minutes,11.0,"1,2,3,4","Electrician, Mecanician, Inspector Junior, Inspector Senior",,,,,"0,0",Minutes,,Corrective,Low,5,80.0,1
685,To do,13,Corrective-Low-6,Post-Maintenance Adjustments,"5,0",Minutes,12.0,"1,2,3,4","Electrician, Mecanician, Inspector Junior, Inspector Senior",,,,,"0,0",Minutes,,Corrective,Low,6,80.0,1
686,To do,14,Corrective-Low-7,System Cleanup and Safety Checks,"10,0",Minutes,13.0,"1,2,3,4","Electrician, Mecanician, Inspector Junior, Inspector Senior",,,,,"0,0",Minutes,,Corrective,Low,7,80.0,1
687,To do,8,Corrective-Low-1,Diagnostics and Troubleshooting,"30,0",Minutes,,"1,2,3,4","Electrician, Mecanician, Inspector Junior, Inspector Senior",,,,,"0,0",Minutes,,Corrective,Low,1,81.0,1
688,To do,9,Corrective-Low-2,Component Repair and Replacement,"1,0",Hours,8.0,"1,2,3,4","Electrician, Mecanician, Inspector Junior, Inspector Senior",,,,,"0,0",Minutes,,Corrective,Low,2,81.0,1
689,To do,10,Corrective-Low-3,Control System Checks,"5,0",Minutes,9.0,"1,2,3,4","Electrician, Mecanician, Inspector Junior, Inspector Senior",,,,,"0,0",Minutes,,Corrective,Low,3,81.0,1
690,To do,11,Corrective-Low-4,Testing and Validation,"5,0",Minutes,10.0,"1,2,3,4","Electrician, Mecanician, Inspector Junior, Inspector Senior",,,,,"0,0",Minutes,,Corrective,Low,4,81.0,1
691,To do,12,Corrective-Low-5,Documentation and Reporting,"5,0",Minutes,11.0,"1,2,3,4","Electrician, Mecanician, Inspector Junior, Inspector Senior",,,,,"0,0",Minutes,,Corrective,Low,5,81.0,1
692,To do,13,Corrective-Low-6,Post-Maintenance Adjustments,"5,0",Minutes,12.0,"1,2,3,4","Electrician, Mecanician, Inspector Junior, Inspector Senior",,,,,"0,0",Minutes,,Corrective,Low,6,81.0,1
693,To do,14,Corrective-Low-7,System Cleanup and Safety Checks,"10,0",Minutes,13.0,"1,2,3,4","Electrician, Mecanician, Inspector Junior, Inspector Senior",,,,,"0,0",Minutes,,Corrective,Low,7,81.0,1
694,To do,8,Corrective-Low-1,Diagnostics and Troubleshooting,"30,0",Minutes,,"1,2,3,4","Electrician, Mecanician, Inspector Junior, Inspector Senior",,,,,"0,0",Minutes,,Corrective,Low,1,82.0,1
695,To do,9,Corrective-Low-2,Component Repair and Replacement,"1,0",Hours,8.0,"1,2,3,4","Electrician, Mecanician, Inspector Junior, Inspector Senior",,,,,"0,0",Minutes,,Corrective,Low,2,82.0,1
696,To do,10,Corrective-Low-3,Control System Checks,"5,0",Minutes,9.0,"1,2,3,4","Electrician, Mecanician, Inspector Junior, Inspector Senior",,,,,"0,0",Minutes,,Corrective,Low,3,82.0,1
697,To do,11,Corrective-Low-4,Testing and Validation,"5,0",Minutes,10.0,"1,2,3,4","Electrician, Mecanician, Inspector Junior, Inspector Senior",,,,,"0,0",Minutes,,Corrective,Low,4,82.0,1
698,To do,12,Corrective-Low-5,Documentation and Reporting,"5,0",Minutes,11.0,"1,2,3,4","Electrician, Mecanician, Inspector Junior, Inspector Senior",,,,,"0,0",Minutes,,Corrective,Low,5,82.0,1
699,To do,13,Corrective-Low-6,Post-Maintenance Adjustments,"5,0",Minutes,12.0,"1,2,3,4","Electrician, Mecanician, Inspector Junior, Inspector Senior",,,,,"0,0",Minutes,,Corrective,Low,6,82.0,1
700,To do,14,Corrective-Low-7,System Cleanup and Safety Checks,"10,0",Minutes,13.0,"1,2,3,4","Electrician, Mecanician, Inspector Junior, Inspector Senior",,,,,"0,0",Minutes,,Corrective,Low,7,82.0,1
701,To do,8,Corrective-Low-1,Diagnostics and Troubleshooting,"30,0",Minutes,,"1,2,3,4","Electrician, Mecanician, Inspector Junior, Inspector Senior",,,,,"0,0",Minutes,,Corrective,Low,1,83.0,1
702,To do,9,Corrective-Low-2,Component Repair and Replacement,"1,0",Hours,8.0,"1,2,3,4","Electrician, Mecanician, Inspector Junior, Inspector Senior",,,,,"0,0",Minutes,,Corrective,Low,2,83.0,1
703,To do,10,Corrective-Low-3,Control System Checks,"5,0",Minutes,9.0,"1,2,3,4","Electrician, Mecanician, Inspector Junior, Inspector Senior",,,,,"0,0",Minutes,,Corrective,Low,3,83.0,1
704,To do,11,Corrective-Low-4,Testing and Validation,"5,0",Minutes,10.0,"1,2,3,4","Electrician, Mecanician, Inspector Junior, Inspector Senior",,,,,"0,0",Minutes,,Corrective,Low,4,83.0,1
705,To do,12,Corrective-Low-5,Documentation and Reporting,"5,0",Minutes,11.0,"1,2,3,4","Electrician, Mecanician, Inspector Junior, Inspector Senior",,,,,"0,0",Minutes,,Corrective,Low,5,83.0,1
706,To do,13,Corrective-Low-6,Post-Maintenance Adjustments,"5,0",Minutes,12.0,"1,2,3,4","Electrician, Mecanician, Inspector Junior, Inspector Senior",,,,,"0,0",Minutes,,Corrective,Low,6,83.0,1
707,To do,14,Corrective-Low-7,System Cleanup and Safety Checks,"10,0",Minutes,13.0,"1,2,3,4","Electrician, Mecanician, Inspector Junior, Inspector Senior",,,,,"0,0",Minutes,,Corrective,Low,7,83.0,1
708,To do,8,Corrective-Low-1,Diagnostics and Troubleshooting,"30,0",Minutes,,"1,2,3,4","Electrician, Mecanician, Inspector Junior, Inspector Senior",,,,,"0,0",Minutes,,Corrective,Low,1,84.0,1
709,To do,9,Corrective-Low-2,Component Repair and Replacement,"1,0",Hours,8.0,"1,2,3,4","Electrician, Mecanician, Inspector Junior, Inspector Senior",,,,,"0,0",Minutes,,Corrective,Low,2,84.0,1
710,To do,10,Corrective-Low-3,Control System Checks,"5,0",Minutes,9.0,"1,2,3,4","Electrician, Mecanician, Inspector Junior, Inspector Senior",,,,,"0,0",Minutes,,Corrective,Low,3,84.0,1
711,To do,11,Corrective-Low-4,Testing and Validation,"5,0",Minutes,10.0,"1,2,3,4","Electrician, Mecanician, Inspector Junior, Inspector Senior",,,,,"0,0",Minutes,,Corrective,Low,4,84.0,1
712,To do,12,Corrective-Low-5,Documentation and Reporting,"5,0",Minutes,11.0,"1,2,3,4","Electrician, Mecanician, Inspector Junior, Inspector Senior",,,,,"0,0",Minutes,,Corrective,Low,5,84.0,1
713,To do,13,Corrective-Low-6,Post-Maintenance Adjustments,"5,0",Minutes,12.0,"1,2,3,4","Electrician, Mecanician, Inspector Junior, Inspector Senior",,,,,"0,0",Minutes,,Corrective,Low,6,84.0,1
714,To do,14,Corrective-Low-7,System Cleanup and Safety Checks,"10,0",Minutes,13.0,"1,2,3,4","Electrician, Mecanician, Inspector Junior, Inspector Senior",,,,,"0,0",Minutes,,Corrective,Low,7,84.0,1
715,To do,8,Corrective-Low-1,Diagnostics and Troubleshooting,"30,0",Minutes,,"1,2,3,4","Electrician, Mecanician, Inspector Junior, Inspector Senior",,,,,"0,0",Minutes,,Corrective,Low,1,85.0,1
716,To do,9,Corrective-Low-2,Component Repair and Replacement,"1,0",Hours,8.0,"1,2,3,4","Electrician, Mecanician, Inspector Junior, Inspector Senior",,,,,"0,0",Minutes,,Corrective,Low,2,85.0,1
717,To do,10,Corrective-Low-3,Control System Checks,"5,0",Minutes,9.0,"1,2,3,4","Electrician, Mecanician, Inspector Junior, Inspector Senior",,,,,"0,0",Minutes,,Corrective,Low,3,85.0,1
718,To do,11,Corrective-Low-4,Testing and Validation,"5,0",Minutes,10.0,"1,2,3,4","Electrician, Mecanician, Inspector Junior, Inspector Senior",,,,,"0,0",Minutes,,Corrective,Low,4,85.0,1
719,To do,12,Corrective-Low-5,Documentation and Reporting,"5,0",Minutes,11.0,"1,2,3,4","Electrician, Mecanician, Inspector Junior, Inspector Senior",,,,,"0,0",Minutes,,Corrective,Low,5,85.0,1
720,To do,13,Corrective-Low-6,Post-Maintenance Adjustments,"5,0",Minutes,12.0,"1,2,3,4","Electrician, Mecanician, Inspector Junior, Inspector Senior",,,,,"0,0",Minutes,,Corrective,Low,6,85.0,1
721,To do,14,Corrective-Low-7,System Cleanup and Safety Checks,"10,0",Minutes,13.0,"1,2,3,4","Electrician, Mecanician, Inspector Junior, Inspector Senior",,,,,"0,0",Minutes,,Corrective,Low,7,85.0,1
722,To do,8,Corrective-Low-1,Diagnostics and Troubleshooting,"30,0",Minutes,,"1,2,3,4","Electrician, Mecanician, Inspector Junior, Inspector Senior",,,,,"0,0",Minutes,,Corrective,Low,1,86.0,1
723,To do,9,Corrective-Low-2,Component Repair and Replacement,"1,0",Hours,8.0,"1,2,3,4","Electrician, Mecanician, Inspector Junior, Inspector Senior",,,,,"0,0",Minutes,,Corrective,Low,2,86.0,1
724,To do,10,Corrective-Low-3,Control System Checks,"5,0",Minutes,9.0,"1,2,3,4","Electrician, Mecanician, Inspector Junior, Inspector Senior",,,,,"0,0",Minutes,,Corrective,Low,3,86.0,1
725,To do,11,Corrective-Low-4,Testing and Validation,"5,0",Minutes,10.0,"1,2,3,4","Electrician, Mecanician, Inspector Junior, Inspector Senior",,,,,"0,0",Minutes,,Corrective,Low,4,86.0,1
726,To do,12,Corrective-Low-5,Documentation and Reporting,"5,0",Minutes,11.0,"1,2,3,4","Electrician, Mecanician, Inspector Junior, Inspector Senior",,,,,"0,0",Minutes,,Corrective,Low,5,86.0,1
727,To do,13,Corrective-Low-6,Post-Maintenance Adjustments,"5,0",Minutes,12.0,"1,2,3,4","Electrician, Mecanician, Inspector Junior, Inspector Senior",,,,,"0,0",Minutes,,Corrective,Low,6,86.0,1
728,To do,14,Corrective-Low-7,System Cleanup and Safety Checks,"10,0",Minutes,13.0,"1,2,3,4","Electrician, Mecanician, Inspector Junior, Inspector Senior",,,,,"0,0",Minutes,,Corrective,Low,7,86.0,1
729,To do,8,Corrective-Low-1,Diagnostics and Troubleshooting,"30,0",Minutes,,"1,2,3,4","Electrician, Mecanician, Inspector Junior, Inspector Senior",,,,,"0,0",Minutes,,Corrective,Low,1,87.0,1
730,To do,9,Corrective-Low-2,Component Repair and Replacement,"1,0",Hours,8.0,"1,2,3,4","Electrician, Mecanician, Inspector Junior, Inspector Senior",,,,,"0,0",Minutes,,Corrective,Low,2,87.0,1
731,To do,10,Corrective-Low-3,Control System Checks,"5,0",Minutes,9.0,"1,2,3,4","Electrician, Mecanician, Inspector Junior, Inspector Senior",,,,,"0,0",Minutes,,Corrective,Low,3,87.0,1
732,To do,11,Corrective-Low-4,Testing and Validation,"5,0",Minutes,10.0,"1,2,3,4","Electrician, Mecanician, Inspector Junior, Inspector Senior",,,,,"0,0",Minutes,,Corrective,Low,4,87.0,1
733,To do,12,Corrective-Low-5,Documentation and Reporting,"5,0",Minutes,11.0,"1,2,3,4","Electrician, Mecanician, Inspector Junior, Inspector Senior",,,,,"0,0",Minutes,,Corrective,Low,5,87.0,1
734,To do,13,Corrective-Low-6,Post-Maintenance Adjustments,"5,0",Minutes,12.0,"1,2,3,4","Electrician, Mecanician, Inspector Junior, Inspector Senior",,,,,"0,0",Minutes,,Corrective,Low,6,87.0,1
735,To do,14,Corrective-Low-7,System Cleanup and Safety Checks,"10,0",Minutes,13.0,"1,2,3,4","Electrician, Mecanician, Inspector Junior, Inspector Senior",,,,,"0,0",Minutes,,Corrective,Low,7,87.0,1
736,To do,8,Corrective-Low-1,Diagnostics and Troubleshooting,"30,0",Minutes,,"1,2,3,4","Electrician, Mecanician, Inspector Junior, Inspector Senior",,,,,"0,0",Minutes,,Corrective,Low,1,88.0,1
737,To do,9,Corrective-Low-2,Component Repair and Replacement,"1,0",Hours,8.0,"1,2,3,4","Electrician, Mecanician, Inspector Junior, Inspector Senior",,,,,"0,0",Minutes,,Corrective,Low,2,88.0,1
738,To do,10,Corrective-Low-3,Control System Checks,"5,0",Minutes,9.0,"1,2,3,4","Electrician, Mecanician, Inspector Junior, Inspector Senior",,,,,"0,0",Minutes,,Corrective,Low,3,88.0,1
739,To do,11,Corrective-Low-4,Testing and Validation,"5,0",Minutes,10.0,"1,2,3,4","Electrician, Mecanician, Inspector Junior, Inspector Senior",,,,,"0,0",Minutes,,Corrective,Low,4,88.0,1
740,To do,12,Corrective-Low-5,Documentation and Reporting,"5,0",Minutes,11.0,"1,2,3,4","Electrician, Mecanician, Inspector Junior, Inspector Senior",,,,,"0,0",Minutes,,Corrective,Low,5,88.0,1
741,To do,13,Corrective-Low-6,Post-Maintenance Adjustments,"5,0",Minutes,12.0,"1,2,3,4","Electrician, Mecanician, Inspector Junior, Inspector Senior",,,,,"0,0",Minutes,,Corrective,Low,6,88.0,1
742,To do,14,Corrective-Low-7,System Cleanup and Safety Checks,"10,0",Minutes,13.0,"1,2,3,4","Electrician, Mecanician, Inspector Junior, Inspector Senior",,,,,"0,0",Minutes,,Corrective,Low,7,88.0,1
743,To do,8,Corrective-Low-1,Diagnostics and Troubleshooting,"30,0",Minutes,,"1,2,3,4","Electrician, Mecanician, Inspector Junior, Inspector Senior",,,,,"0,0",Minutes,,Corrective,Low,1,89.0,1
744,To do,9,Corrective-Low-2,Component Repair and Replacement,"1,0",Hours,8.0,"1,2,3,4","Electrician, Mecanician, Inspector Junior, Inspector Senior",,,,,"0,0",Minutes,,Corrective,Low,2,89.0,1
745,To do,10,Corrective-Low-3,Control System Checks,"5,0",Minutes,9.0,"1,2,3,4","Electrician, Mecanician, Inspector Junior, Inspector Senior",,,,,"0,0",Minutes,,Corrective,Low,3,89.0,1
746,To do,11,Corrective-Low-4,Testing and Validation,"5,0",Minutes,10.0,"1,2,3,4","Electrician, Mecanician, Inspector Junior, Inspector Senior",,,,,"0,0",Minutes,,Corrective,Low,4,89.0,1
747,To do,12,Corrective-Low-5,Documentation and Reporting,"5,0",Minutes,11.0,"1,2,3,4","Electrician, Mecanician, Inspector Junior, Inspector Senior",,,,,"0,0",Minutes,,Corrective,Low,5,89.0,1
748,To do,13,Corrective-Low-6,Post-Maintenance Adjustments,"5,0",Minutes,12.0,"1,2,3,4","Electrician, Mecanician, Inspector Junior, Inspector Senior",,,,,"0,0",Minutes,,Corrective,Low,6,89.0,1
749,To do,14,Corrective-Low-7,System Cleanup and Safety Checks,"10,0",Minutes,13.0,"1,2,3,4","Electrician, Mecanician, Inspector Junior, Inspector Senior",,,,,"0,0",Minutes,,Corrective,Low,7,89.0,1
750,To do,8,Corrective-Low-1,Diagnostics and Troubleshooting,"30,0",Minutes,,"1,2,3,4","Electrician, Mecanician, Inspector Junior, Inspector Senior",,,,,"0,0",Minutes,,Corrective,Low,1,90.0,1
751,To do,9,Corrective-Low-2,Component Repair and Replacement,"1,0",Hours,8.0,"1,2,3,4","Electrician, Mecanician, Inspector Junior, Inspector Senior",,,,,"0,0",Minutes,,Corrective,Low,2,90.0,1
752,To do,10,Corrective-Low-3,Control System Checks,"5,0",Minutes,9.0,"1,2,3,4","Electrician, Mecanician, Inspector Junior, Inspector Senior",,,,,"0,0",Minutes,,Corrective,Low,3,90.0,1
753,To do,11,Corrective-Low-4,Testing and Validation,"5,0",Minutes,10.0,"1,2,3,4","Electrician, Mecanician, Inspector Junior, Inspector Senior",,,,,"0,0",Minutes,,Corrective,Low,4,90.0,1
754,To do,12,Corrective-Low-5,Documentation and Reporting,"5,0",Minutes,11.0,"1,2,3,4","Electrician, Mecanician, Inspector Junior, Inspector Senior",,,,,"0,0",Minutes,,Corrective,Low,5,90.0,1
755,To do,13,Corrective-Low-6,Post-Maintenance Adjustments,"5,0",Minutes,12.0,"1,2,3,4","Electrician, Mecanician, Inspector Junior, Inspector Senior",,,,,"0,0",Minutes,,Corrective,Low,6,90.0,1
756,To do,14,Corrective-Low-7,System Cleanup and Safety Checks,"10,0",Minutes,13.0,"1,2,3,4","Electrician, Mecanician, Inspector Junior, Inspector Senior",,,,,"0,0",Minutes,,Corrective,Low,7,90.0,1
757,To do,8,Corrective-Low-1,Diagnostics and Troubleshooting,"30,0",Minutes,,"1,2,3,4","Electrician, Mecanician, Inspector Junior, Inspector Senior",,,,,"0,0",Minutes,,Corrective,Low,1,91.0,1
758,To do,9,Corrective-Low-2,Component Repair and Replacement,"1,0",Hours,8.0,"1,2,3,4","Electrician, Mecanician, Inspector Junior, Inspector Senior",,,,,"0,0",Minutes,,Corrective,Low,2,91.0,1
759,To do,10,Corrective-Low-3,Control System Checks,"5,0",Minutes,9.0,"1,2,3,4","Electrician, Mecanician, Inspector Junior, Inspector Senior",,,,,"0,0",Minutes,,Corrective,Low,3,91.0,1
760,To do,11,Corrective-Low-4,Testing and Validation,"5,0",Minutes,10.0,"1,2,3,4","Electrician, Mecanician, Inspector Junior, Inspector Senior",,,,,"0,0",Minutes,,Corrective,Low,4,91.0,1
761,To do,12,Corrective-Low-5,Documentation and Reporting,"5,0",Minutes,11.0,"1,2,3,4","Electrician, Mecanician, Inspector Junior, Inspector Senior",,,,,"0,0",Minutes,,Corrective,Low,5,91.0,1
762,To do,13,Corrective-Low-6,Post-Maintenance Adjustments,"5,0",Minutes,12.0,"1,2,3,4","Electrician, Mecanician, Inspector Junior, Inspector Senior",,,,,"0,0",Minutes,,Corrective,Low,6,91.0,1
763,To do,14,Corrective-Low-7,System Cleanup and Safety Checks,"10,0",Minutes,13.0,"1,2,3,4","Electrician, Mecanician, Inspector Junior, Inspector Senior",,,,,"0,0",Minutes,,Corrective,Low,7,91.0,1
771,To do,1,Corrective-Breakdown-1,Secure the Area,"15,0",Minutes,,"1,2,4","Electrician, Mecanician, Inspector Senior",,,,,"0,0",Minutes,,Corrective,Breakdown,1,92.0,5
772,To do,2,Corrective-Breakdown-2,Preliminary Inspection,"20,0",Minutes,1.0,"1,2,4","Electrician, Mecanician, Inspector Senior",,,,,"0,0",Minutes,,Corrective,Breakdown,2,92.0,5
773,To do,3,Corrective-Breakdown-3,Diagnostics and Troubleshooting,"1,0",Hours,2.0,"1,2,4","Electrician, Mecanician, Inspector Senior",,,,,"0,0",Minutes,,Corrective,Breakdown,3,92.0,5
774,To do,4,Corrective-Breakdown-4,Component Repair or Replacement,"1,0",Hours,3.0,"1,2,4","Electrician, Mecanician, Inspector Senior",,,,,"0,0",Minutes,,Corrective,Breakdown,4,92.0,5
775,To do,7,Corrective-Breakdown-7,Post-Repair Adjustments,"20,0",Minutes,6.0,"1,2,4","Electrician, Mecanician, Inspector Senior",,,,,"0,0",Minutes,,Corrective,Breakdown,7,92.0,5
776,To do,5,Corrective-Breakdown-5,Control System Reset,"30,0",Minutes,4.0,"1,2,4","Electrician, Mecanician, Inspector Senior",,,,,"0,0",Minutes,,Corrective,Breakdown,5,92.0,5
777,To do,6,Corrective-Breakdown-6,Detailed Testing and Validation,"45,0",Minutes,5.0,"1,2,4","Electrician, Mecanician, Inspector Senior",,,,,"0,0",Minutes,,Corrective,Breakdown,6,92.0,5
778,To do,20,Corrective-Breakdown-8,System Cleanup and Safety Checks,"15,0",Minutes,7.0,"1,2,4","Electrician, Mecanician, Inspector Senior",,,,,"0,0",Minutes,,Corrective,Breakdown,8,92.0,5
779,To do,22,Corrective-Breakdown-10,Restore Service,"15,0",Minutes,21.0,"1,2,4","Electrician, Mecanician, Inspector Senior",,,,,"0,0",Minutes,,Corrective,Breakdown,10,92.0,5
780,To do,21,Corrective-Breakdown-9,Documentation and Reporting,"20,0",Minutes,20.0,"1,2,4","Electrician, Mecanician, Inspector Senior",,,,,"0,0",Minutes,,Corrective,Breakdown,9,92.0,5
788,To do,1,Corrective-Breakdown-1,Secure the Area,"15,0",Minutes,,"1,2,4","Electrician, Mecanician, Inspector Senior",,,,,"0,0",Minutes,,Corrective,Breakdown,1,93.0,5
789,To do,2,Corrective-Breakdown-2,Preliminary Inspection,"20,0",Minutes,1.0,"1,2,4","Electrician, Mecanician, Inspector Senior",,,,,"0,0",Minutes,,Corrective,Breakdown,2,93.0,5
790,To do,3,Corrective-Breakdown-3,Diagnostics and Troubleshooting,"1,0",Hours,2.0,"1,2,4","Electrician, Mecanician, Inspector Senior",,,,,"0,0",Minutes,,Corrective,Breakdown,3,93.0,5
791,To do,4,Corrective-Breakdown-4,Component Repair or Replacement,"1,0",Hours,3.0,"1,2,4","Electrician, Mecanician, Inspector Senior",,,,,"0,0",Minutes,,Corrective,Breakdown,4,93.0,5
792,To do,7,Corrective-Breakdown-7,Post-Repair Adjustments,"20,0",Minutes,6.0,"1,2,4","Electrician, Mecanician, Inspector Senior",,,,,"0,0",Minutes,,Corrective,Breakdown,7,93.0,5
793,To do,5,Corrective-Breakdown-5,Control System Reset,"30,0",Minutes,4.0,"1,2,4","Electrician, Mecanician, Inspector Senior",,,,,"0,0",Minutes,,Corrective,Breakdown,5,93.0,5
794,To do,6,Corrective-Breakdown-6,Detailed Testing and Validation,"45,0",Minutes,5.0,"1,2,4","Electrician, Mecanician, Inspector Senior",,,,,"0,0",Minutes,,Corrective,Breakdown,6,93.0,5
795,To do,20,Corrective-Breakdown-8,System Cleanup and Safety Checks,"15,0",Minutes,7.0,"1,2,4","Electrician, Mecanician, Inspector Senior",,,,,"0,0",Minutes,,Corrective,Breakdown,8,93.0,5
796,To do,22,Corrective-Breakdown-10,Restore Service,"15,0",Minutes,21.0,"1,2,4","Electrician, Mecanician, Inspector Senior",,,,,"0,0",Minutes,,Corrective,Breakdown,10,93.0,5
797,To do,21,Corrective-Breakdown-9,Documentation and Reporting,"20,0",Minutes,20.0,"1,2,4","Electrician, Mecanician, Inspector Senior",,,,,"0,0",Minutes,,Corrective,Breakdown,9,93.0,5
798,To do,1,Corrective-Breakdown-1,Secure the Area,"15,0",Minutes,,"1,2,4","Electrician, Mecanician, Inspector Senior",,,,,"0,0",Minutes,,Corrective,Breakdown,1,94.0,5
799,To do,2,Corrective-Breakdown-2,Preliminary Inspection,"20,0",Minutes,1.0,"1,2,4","Electrician, Mecanician, Inspector Senior",,,,,"0,0",Minutes,,Corrective,Breakdown,2,94.0,5
800,To do,3,Corrective-Breakdown-3,Diagnostics and Troubleshooting,"1,0",Hours,2.0,"1,2,4","Electrician, Mecanician, Inspector Senior",,,,,"0,0",Minutes,,Corrective,Breakdown,3,94.0,5
801,To do,4,Corrective-Breakdown-4,Component Repair or Replacement,"1,0",Hours,3.0,"1,2,4","Electrician, Mecanician, Inspector Senior",,,,,"0,0",Minutes,,Corrective,Breakdown,4,94.0,5
802,To do,7,Corrective-Breakdown-7,Post-Repair Adjustments,"20,0",Minutes,6.0,"1,2,4","Electrician, Mecanician, Inspector Senior",,,,,"0,0",Minutes,,Corrective,Breakdown,7,94.0,5
803,To do,5,Corrective-Breakdown-5,Control System Reset,"30,0",Minutes,4.0,"1,2,4","Electrician, Mecanician, Inspector Senior",,,,,"0,0",Minutes,,Corrective,Breakdown,5,94.0,5
804,To do,6,Corrective-Breakdown-6,Detailed Testing and Validation,"45,0",Minutes,5.0,"1,2,4","Electrician, Mecanician, Inspector Senior",,,,,"0,0",Minutes,,Corrective,Breakdown,6,94.0,5
805,To do,20,Corrective-Breakdown-8,System Cleanup and Safety Checks,"15,0",Minutes,7.0,"1,2,4","Electrician, Mecanician, Inspector Senior",,,,,"0,0",Minutes,,Corrective,Breakdown,8,94.0,5
806,To do,22,Corrective-Breakdown-10,Restore Service,"15,0",Minutes,21.0,"1,2,4","Electrician, Mecanician, Inspector Senior",,,,,"0,0",Minutes,,Corrective,Breakdown,10,94.0,5
807,To do,21,Corrective-Breakdown-9,Documentation and Reporting,"20,0",Minutes,20.0,"1,2,4","Electrician, Mecanician, Inspector Senior",,,,,"0,0",Minutes,,Corrective,Breakdown,9,94.0,5
808,To do,1,Corrective-Breakdown-1,Secure the Area,"15,0",Minutes,,"1,2,4","Electrician, Mecanician, Inspector Senior",,,,,"0,0",Minutes,,Corrective,Breakdown,1,95.0,5
809,To do,2,Corrective-Breakdown-2,Preliminary Inspection,"20,0",Minutes,1.0,"1,2,4","Electrician, Mecanician, Inspector Senior",,,,,"0,0",Minutes,,Corrective,Breakdown,2,95.0,5
810,To do,3,Corrective-Breakdown-3,Diagnostics and Troubleshooting,"1,0",Hours,2.0,"1,2,4","Electrician, Mecanician, Inspector Senior",,,,,"0,0",Minutes,,Corrective,Breakdown,3,95.0,5
811,To do,4,Corrective-Breakdown-4,Component Repair or Replacement,"1,0",Hours,3.0,"1,2,4","Electrician, Mecanician, Inspector Senior",,,,,"0,0",Minutes,,Corrective,Breakdown,4,95.0,5
812,To do,7,Corrective-Breakdown-7,Post-Repair Adjustments,"20,0",Minutes,6.0,"1,2,4","Electrician, Mecanician, Inspector Senior",,,,,"0,0",Minutes,,Corrective,Breakdown,7,95.0,5
813,To do,5,Corrective-Breakdown-5,Control System Reset,"30,0",Minutes,4.0,"1,2,4","Electrician, Mecanician, Inspector Senior",,,,,"0,0",Minutes,,Corrective,Breakdown,5,95.0,5
814,To do,6,Corrective-Breakdown-6,Detailed Testing and Validation,"45,0",Minutes,5.0,"1,2,4","Electrician, Mecanician, Inspector Senior",,,,,"0,0",Minutes,,Corrective,Breakdown,6,95.0,5
815,To do,20,Corrective-Breakdown-8,System Cleanup and Safety Checks,"15,0",Minutes,7.0,"1,2,4","Electrician, Mecanician, Inspector Senior",,,,,"0,0",Minutes,,Corrective,Breakdown,8,95.0,5
816,To do,22,Corrective-Breakdown-10,Restore Service,"15,0",Minutes,21.0,"1,2,4","Electrician, Mecanician, Inspector Senior",,,,,"0,0",Minutes,,Corrective,Breakdown,10,95.0,5
817,To do,21,Corrective-Breakdown-9,Documentation and Reporting,"20,0",Minutes,20.0,"1,2,4","Electrician, Mecanician, Inspector Senior",,,,,"0,0",Minutes,,Corrective,Breakdown,9,95.0,5
818,To do,1,Corrective-Breakdown-1,Secure the Area,"15,0",Minutes,,"1,2,4","Electrician, Mecanician, Inspector Senior",,,,,"0,0",Minutes,,Corrective,Breakdown,1,96.0,5
819,To do,2,Corrective-Breakdown-2,Preliminary Inspection,"20,0",Minutes,1.0,"1,2,4","Electrician, Mecanician, Inspector Senior",,,,,"0,0",Minutes,,Corrective,Breakdown,2,96.0,5
820,To do,3,Corrective-Breakdown-3,Diagnostics and Troubleshooting,"1,0",Hours,2.0,"1,2,4","Electrician, Mecanician, Inspector Senior",,,,,"0,0",Minutes,,Corrective,Breakdown,3,96.0,5
821,To do,4,Corrective-Breakdown-4,Component Repair or Replacement,"1,0",Hours,3.0,"1,2,4","Electrician, Mecanician, Inspector Senior",,,,,"0,0",Minutes,,Corrective,Breakdown,4,96.0,5
822,To do,7,Corrective-Breakdown-7,Post-Repair Adjustments,"20,0",Minutes,6.0,"1,2,4","Electrician, Mecanician, Inspector Senior",,,,,"0,0",Minutes,,Corrective,Breakdown,7,96.0,5
823,To do,5,Corrective-Breakdown-5,Control System Reset,"30,0",Minutes,4.0,"1,2,4","Electrician, Mecanician, Inspector Senior",,,,,"0,0",Minutes,,Corrective,Breakdown,5,96.0,5
824,To do,6,Corrective-Breakdown-6,Detailed Testing and Validation,"45,0",Minutes,5.0,"1,2,4","Electrician, Mecanician, Inspector Senior",,,,,"0,0",Minutes,,Corrective,Breakdown,6,96.0,5
825,To do,20,Corrective-Breakdown-8,System Cleanup and Safety Checks,"15,0",Minutes,7.0,"1,2,4","Electrician, Mecanician, Inspector Senior",,,,,"0,0",Minutes,,Corrective,Breakdown,8,96.0,5
826,To do,22,Corrective-Breakdown-10,Restore Service,"15,0",Minutes,21.0,"1,2,4","Electrician, Mecanician, Inspector Senior",,,,,"0,0",Minutes,,Corrective,Breakdown,10,96.0,5
827,To do,21,Corrective-Breakdown-9,Documentation and Reporting,"20,0",Minutes,20.0,"1,2,4","Electrician, Mecanician, Inspector Senior",,,,,"0,0",Minutes,,Corrective,Breakdown,9,96.0,5
828,To do,1,Corrective-Breakdown-1,Secure the Area,"15,0",Minutes,,"1,2,4","Electrician, Mecanician, Inspector Senior",,,,,"0,0",Minutes,,Corrective,Breakdown,1,97.0,5
829,To do,2,Corrective-Breakdown-2,Preliminary Inspection,"20,0",Minutes,1.0,"1,2,4","Electrician, Mecanician, Inspector Senior",,,,,"0,0",Minutes,,Corrective,Breakdown,2,97.0,5
830,To do,3,Corrective-Breakdown-3,Diagnostics and Troubleshooting,"1,0",Hours,2.0,"1,2,4","Electrician, Mecanician, Inspector Senior",,,,,"0,0",Minutes,,Corrective,Breakdown,3,97.0,5
831,To do,4,Corrective-Breakdown-4,Component Repair or Replacement,"1,0",Hours,3.0,"1,2,4","Electrician, Mecanician, Inspector Senior",,,,,"0,0",Minutes,,Corrective,Breakdown,4,97.0,5
832,To do,7,Corrective-Breakdown-7,Post-Repair Adjustments,"20,0",Minutes,6.0,"1,2,4","Electrician, Mecanician, Inspector Senior",,,,,"0,0",Minutes,,Corrective,Breakdown,7,97.0,5
833,To do,5,Corrective-Breakdown-5,Control System Reset,"30,0",Minutes,4.0,"1,2,4","Electrician, Mecanician, Inspector Senior",,,,,"0,0",Minutes,,Corrective,Breakdown,5,97.0,5
834,To do,6,Corrective-Breakdown-6,Detailed Testing and Validation,"45,0",Minutes,5.0,"1,2,4","Electrician, Mecanician, Inspector Senior",,,,,"0,0",Minutes,,Corrective,Breakdown,6,97.0,5
835,To do,20,Corrective-Breakdown-8,System Cleanup and Safety Checks,"15,0",Minutes,7.0,"1,2,4","Electrician, Mecanician, Inspector Senior",,,,,"0,0",Minutes,,Corrective,Breakdown,8,97.0,5
836,To do,22,Corrective-Breakdown-10,Restore Service,"15,0",Minutes,21.0,"1,2,4","Electrician, Mecanician, Inspector Senior",,,,,"0,0",Minutes,,Corrective,Breakdown,10,97.0,5
837,To do,21,Corrective-Breakdown-9,Documentation and Reporting,"20,0",Minutes,20.0,"1,2,4","Electrician, Mecanician, Inspector Senior",,,,,"0,0",Minutes,,Corrective,Breakdown,9,97.0,5
858,To do,1,Corrective-Breakdown-1,Secure the Area,"15,0",Minutes,,"1,2,4","Electrician, Mecanician, Inspector Senior",,,,,"0,0",Minutes,,Corrective,Breakdown,1,98.0,5
859,To do,2,Corrective-Breakdown-2,Preliminary Inspection,"20,0",Minutes,1.0,"1,2,4","Electrician, Mecanician, Inspector Senior",,,,,"0,0",Minutes,,Corrective,Breakdown,2,98.0,5
860,To do,3,Corrective-Breakdown-3,Diagnostics and Troubleshooting,"1,0",Hours,2.0,"1,2,4","Electrician, Mecanician, Inspector Senior",,,,,"0,0",Minutes,,Corrective,Breakdown,3,98.0,5
861,To do,4,Corrective-Breakdown-4,Component Repair or Replacement,"1,0",Hours,3.0,"1,2,4","Electrician, Mecanician, Inspector Senior",,,,,"0,0",Minutes,,Corrective,Breakdown,4,98.0,5
862,To do,7,Corrective-Breakdown-7,Post-Repair Adjustments,"20,0",Minutes,6.0,"1,2,4","Electrician, Mecanician, Inspector Senior",,,,,"0,0",Minutes,,Corrective,Breakdown,7,98.0,5
863,To do,5,Corrective-Breakdown-5,Control System Reset,"30,0",Minutes,4.0,"1,2,4","Electrician, Mecanician, Inspector Senior",,,,,"0,0",Minutes,,Corrective,Breakdown,5,98.0,5
864,To do,6,Corrective-Breakdown-6,Detailed Testing and Validation,"45,0",Minutes,5.0,"1,2,4","Electrician, Mecanician, Inspector Senior",,,,,"0,0",Minutes,,Corrective,Breakdown,6,98.0,5
865,To do,20,Corrective-Breakdown-8,System Cleanup and Safety Checks,"15,0",Minutes,7.0,"1,2,4","Electrician, Mecanician, Inspector Senior",,,,,"0,0",Minutes,,Corrective,Breakdown,8,98.0,5
866,To do,22,Corrective-Breakdown-10,Restore Service,"15,0",Minutes,21.0,"1,2,4","Electrician, Mecanician, Inspector Senior",,,,,"0,0",Minutes,,Corrective,Breakdown,10,98.0,5
867,To do,21,Corrective-Breakdown-9,Documentation and Reporting,"20,0",Minutes,20.0,"1,2,4","Electrician, Mecanician, Inspector Senior",,,,,"0,0",Minutes,,Corrective,Breakdown,9,98.0,5
848,To do,1,Corrective-Breakdown-1,Secure the Area,"15,0",Minutes,,"1,2,4","Electrician, Mecanician, Inspector Senior",,,,,"0,0",Minutes,,Corrective,Breakdown,1,99.0,5
849,To do,2,Corrective-Breakdown-2,Preliminary Inspection,"20,0",Minutes,1.0,"1,2,4","Electrician, Mecanician, Inspector Senior",,,,,"0,0",Minutes,,Corrective,Breakdown,2,99.0,5
850,To do,3,Corrective-Breakdown-3,Diagnostics and Troubleshooting,"1,0",Hours,2.0,"1,2,4","Electrician, Mecanician, Inspector Senior",,,,,"0,0",Minutes,,Corrective,Breakdown,3,99.0,5
851,To do,4,Corrective-Breakdown-4,Component Repair or Replacement,"1,0",Hours,3.0,"1,2,4","Electrician, Mecanician, Inspector Senior",,,,,"0,0",Minutes,,Corrective,Breakdown,4,99.0,5
852,To do,7,Corrective-Breakdown-7,Post-Repair Adjustments,"20,0",Minutes,6.0,"1,2,4","Electrician, Mecanician, Inspector Senior",,,,,"0,0",Minutes,,Corrective,Breakdown,7,99.0,5
853,To do,5,Corrective-Breakdown-5,Control System Reset,"30,0",Minutes,4.0,"1,2,4","Electrician, Mecanician, Inspector Senior",,,,,"0,0",Minutes,,Corrective,Breakdown,5,99.0,5
854,To do,6,Corrective-Breakdown-6,Detailed Testing and Validation,"45,0",Minutes,5.0,"1,2,4","Electrician, Mecanician, Inspector Senior",,,,,"0,0",Minutes,,Corrective,Breakdown,6,99.0,5
855,To do,20,Corrective-Breakdown-8,System Cleanup and Safety Checks,"15,0",Minutes,7.0,"1,2,4","Electrician, Mecanician, Inspector Senior",,,,,"0,0",Minutes,,Corrective,Breakdown,8,99.0,5
856,To do,22,Corrective-Breakdown-10,Restore Service,"15,0",Minutes,21.0,"1,2,4","Electrician, Mecanician, Inspector Senior",,,,,"0,0",Minutes,,Corrective,Breakdown,10,99.0,5
857,To do,21,Corrective-Breakdown-9,Documentation and Reporting,"20,0",Minutes,20.0,"1,2,4","Electrician, Mecanician, Inspector Senior",,,,,"0,0",Minutes,,Corrective,Breakdown,9,99.0,5
868,To do,1,Corrective-Breakdown-1,Secure the Area,"15,0",Minutes,,"1,2,4","Electrician, Mecanician, Inspector Senior",,,,,"0,0",Minutes,,Corrective,Breakdown,1,100.0,5
869,To do,2,Corrective-Breakdown-2,Preliminary Inspection,"20,0",Minutes,1.0,"1,2,4","Electrician, Mecanician, Inspector Senior",,,,,"0,0",Minutes,,Corrective,Breakdown,2,100.0,5
870,To do,3,Corrective-Breakdown-3,Diagnostics and Troubleshooting,"1,0",Hours,2.0,"1,2,4","Electrician, Mecanician, Inspector Senior",,,,,"0,0",Minutes,,Corrective,Breakdown,3,100.0,5
871,To do,4,Corrective-Breakdown-4,Component Repair or Replacement,"1,0",Hours,3.0,"1,2,4","Electrician, Mecanician, Inspector Senior",,,,,"0,0",Minutes,,Corrective,Breakdown,4,100.0,5
872,To do,7,Corrective-Breakdown-7,Post-Repair Adjustments,"20,0",Minutes,6.0,"1,2,4","Electrician, Mecanician, Inspector Senior",,,,,"0,0",Minutes,,Corrective,Breakdown,7,100.0,5
873,To do,5,Corrective-Breakdown-5,Control System Reset,"30,0",Minutes,4.0,"1,2,4","Electrician, Mecanician, Inspector Senior",,,,,"0,0",Minutes,,Corrective,Breakdown,5,100.0,5
874,To do,6,Corrective-Breakdown-6,Detailed Testing and Validation,"45,0",Minutes,5.0,"1,2,4","Electrician, Mecanician, Inspector Senior",,,,,"0,0",Minutes,,Corrective,Breakdown,6,100.0,5
875,To do,20,Corrective-Breakdown-8,System Cleanup and Safety Checks,"15,0",Minutes,7.0,"1,2,4","Electrician, Mecanician, Inspector Senior",,,,,"0,0",Minutes,,Corrective,Breakdown,8,100.0,5
876,To do,22,Corrective-Breakdown-10,Restore Service,"15,0",Minutes,21.0,"1,2,4","Electrician, Mecanician, Inspector Senior",,,,,"0,0",Minutes,,Corrective,Breakdown,10,100.0,5
877,To do,21,Corrective-Breakdown-9,Documentation and Reporting,"20,0",Minutes,20.0,"1,2,4","Electrician, Mecanician, Inspector Senior",,,,,"0,0",Minutes,,Corrective,Breakdown,9,100.0,5
880,To do,1,Corrective-Breakdown-1,Secure the Area,"15,0",Minutes,,"1,2,4","Electrician, Mecanician, Inspector Senior",,,,,"0,0",Minutes,,Corrective,Breakdown,1,101.0,5
881,To do,2,Corrective-Breakdown-2,Preliminary Inspection,"20,0",Minutes,1.0,"1,2,4","Electrician, Mecanician, Inspector Senior",,,,,"0,0",Minutes,,Corrective,Breakdown,2,101.0,5
882,To do,3,Corrective-Breakdown-3,Diagnostics and Troubleshooting,"1,0",Hours,2.0,"1,2,4","Electrician, Mecanician, Inspector Senior",,,,,"0,0",Minutes,,Corrective,Breakdown,3,101.0,5
883,To do,4,Corrective-Breakdown-4,Component Repair or Replacement,"1,0",Hours,3.0,"1,2,4","Electrician, Mecanician, Inspector Senior",,,,,"0,0",Minutes,,Corrective,Breakdown,4,101.0,5
884,To do,7,Corrective-Breakdown-7,Post-Repair Adjustments,"20,0",Minutes,6.0,"1,2,4","Electrician, Mecanician, Inspector Senior",,,,,"0,0",Minutes,,Corrective,Breakdown,7,101.0,5
885,To do,5,Corrective-Breakdown-5,Control System Reset,"30,0",Minutes,4.0,"1,2,4","Electrician, Mecanician, Inspector Senior",,,,,"0,0",Minutes,,Corrective,Breakdown,5,101.0,5
886,To do,6,Corrective-Breakdown-6,Detailed Testing and Validation,"45,0",Minutes,5.0,"1,2,4","Electrician, Mecanician, Inspector Senior",,,,,"0,0",Minutes,,Corrective,Breakdown,6,101.0,5
887,To do,20,Corrective-Breakdown-8,System Cleanup and Safety Checks,"15,0",Minutes,7.0,"1,2,4","Electrician, Mecanician, Inspector Senior",,,,,"0,0",Minutes,,Corrective,Breakdown,8,101.0,5
888,To do,22,Corrective-Breakdown-10,Restore Service,"15,0",Minutes,21.0,"1,2,4","Electrician, Mecanician, Inspector Senior",,,,,"0,0",Minutes,,Corrective,Breakdown,10,101.0,5
889,To do,21,Corrective-Breakdown-9,Documentation and Reporting,"20,0",Minutes,20.0,"1,2,4","Electrician, Mecanician, Inspector Senior",,,,,"0,0",Minutes,,Corrective,Breakdown,9,101.0,5
890,To do,1,Corrective-Breakdown-1,Secure the Area,"15,0",Minutes,,"1,2,4","Electrician, Mecanician, Inspector Senior",,,,,"0,0",Minutes,,Corrective,Breakdown,1,102.0,5
891,To do,2,Corrective-Breakdown-2,Preliminary Inspection,"20,0",Minutes,1.0,"1,2,4","Electrician, Mecanician, Inspector Senior",,,,,"0,0",Minutes,,Corrective,Breakdown,2,102.0,5
892,To do,3,Corrective-Breakdown-3,Diagnostics and Troubleshooting,"1,0",Hours,2.0,"1,2,4","Electrician, Mecanician, Inspector Senior",,,,,"0,0",Minutes,,Corrective,Breakdown,3,102.0,5
893,To do,4,Corrective-Breakdown-4,Component Repair or Replacement,"1,0",Hours,3.0,"1,2,4","Electrician, Mecanician, Inspector Senior",,,,,"0,0",Minutes,,Corrective,Breakdown,4,102.0,5
894,To do,7,Corrective-Breakdown-7,Post-Repair Adjustments,"20,0",Minutes,6.0,"1,2,4","Electrician, Mecanician, Inspector Senior",,,,,"0,0",Minutes,,Corrective,Breakdown,7,102.0,5
895,To do,5,Corrective-Breakdown-5,Control System Reset,"30,0",Minutes,4.0,"1,2,4","Electrician, Mecanician, Inspector Senior",,,,,"0,0",Minutes,,Corrective,Breakdown,5,102.0,5
896,To do,6,Corrective-Breakdown-6,Detailed Testing and Validation,"45,0",Minutes,5.0,"1,2,4","Electrician, Mecanician, Inspector Senior",,,,,"0,0",Minutes,,Corrective,Breakdown,6,102.0,5
897,To do,20,Corrective-Breakdown-8,System Cleanup and Safety Checks,"15,0",Minutes,7.0,"1,2,4","Electrician, Mecanician, Inspector Senior",,,,,"0,0",Minutes,,Corrective,Breakdown,8,102.0,5
898,To do,22,Corrective-Breakdown-10,Restore Service,"15,0",Minutes,21.0,"1,2,4","Electrician, Mecanician, Inspector Senior",,,,,"0,0",Minutes,,Corrective,Breakdown,10,102.0,5
899,To do,21,Corrective-Breakdown-9,Documentation and Reporting,"20,0",Minutes,20.0,"1,2,4","Electrician, Mecanician, Inspector Senior",,,,,"0,0",Minutes,,Corrective,Breakdown,9,102.0,5
900,To do,1,Corrective-Breakdown-1,Secure the Area,"15,0",Minutes,,"1,2,4","Electrician, Mecanician, Inspector Senior",,,,,"0,0",Minutes,,Corrective,Breakdown,1,103.0,5
901,To do,2,Corrective-Breakdown-2,Preliminary Inspection,"20,0",Minutes,1.0,"1,2,4","Electrician, Mecanician, Inspector Senior",,,,,"0,0",Minutes,,Corrective,Breakdown,2,103.0,5
902,To do,3,Corrective-Breakdown-3,Diagnostics and Troubleshooting,"1,0",Hours,2.0,"1,2,4","Electrician, Mecanician, Inspector Senior",,,,,"0,0",Minutes,,Corrective,Breakdown,3,103.0,5
903,To do,4,Corrective-Breakdown-4,Component Repair or Replacement,"1,0",Hours,3.0,"1,2,4","Electrician, Mecanician, Inspector Senior",,,,,"0,0",Minutes,,Corrective,Breakdown,4,103.0,5
904,To do,7,Corrective-Breakdown-7,Post-Repair Adjustments,"20,0",Minutes,6.0,"1,2,4","Electrician, Mecanician, Inspector Senior",,,,,"0,0",Minutes,,Corrective,Breakdown,7,103.0,5
905,To do,5,Corrective-Breakdown-5,Control System Reset,"30,0",Minutes,4.0,"1,2,4","Electrician, Mecanician, Inspector Senior",,,,,"0,0",Minutes,,Corrective,Breakdown,5,103.0,5
906,To do,6,Corrective-Breakdown-6,Detailed Testing and Validation,"45,0",Minutes,5.0,"1,2,4","Electrician, Mecanician, Inspector Senior",,,,,"0,0",Minutes,,Corrective,Breakdown,6,103.0,5
907,To do,20,Corrective-Breakdown-8,System Cleanup and Safety Checks,"15,0",Minutes,7.0,"1,2,4","Electrician, Mecanician, Inspector Senior",,,,,"0,0",Minutes,,Corrective,Breakdown,8,103.0,5
908,To do,22,Corrective-Breakdown-10,Restore Service,"15,0",Minutes,21.0,"1,2,4","Electrician, Mecanician, Inspector Senior",,,,,"0,0",Minutes,,Corrective,Breakdown,10,103.0,5
909,To do,21,Corrective-Breakdown-9,Documentation and Reporting,"20,0",Minutes,20.0,"1,2,4","Electrician, Mecanician, Inspector Senior",,,,,"0,0",Minutes,,Corrective,Breakdown,9,103.0,5
910,To do,1,Corrective-Breakdown-1,Secure the Area,"15,0",Minutes,,"1,2,4","Electrician, Mecanician, Inspector Senior",,,,,"0,0",Minutes,,Corrective,Breakdown,1,104.0,5
911,To do,2,Corrective-Breakdown-2,Preliminary Inspection,"20,0",Minutes,1.0,"1,2,4","Electrician, Mecanician, Inspector Senior",,,,,"0,0",Minutes,,Corrective,Breakdown,2,104.0,5
912,To do,3,Corrective-Breakdown-3,Diagnostics and Troubleshooting,"1,0",Hours,2.0,"1,2,4","Electrician, Mecanician, Inspector Senior",,,,,"0,0",Minutes,,Corrective,Breakdown,3,104.0,5
913,To do,4,Corrective-Breakdown-4,Component Repair or Replacement,"1,0",Hours,3.0,"1,2,4","Electrician, Mecanician, Inspector Senior",,,,,"0,0",Minutes,,Corrective,Breakdown,4,104.0,5
914,To do,7,Corrective-Breakdown-7,Post-Repair Adjustments,"20,0",Minutes,6.0,"1,2,4","Electrician, Mecanician, Inspector Senior",,,,,"0,0",Minutes,,Corrective,Breakdown,7,104.0,5
915,To do,5,Corrective-Breakdown-5,Control System Reset,"30,0",Minutes,4.0,"1,2,4","Electrician, Mecanician, Inspector Senior",,,,,"0,0",Minutes,,Corrective,Breakdown,5,104.0,5
916,To do,6,Corrective-Breakdown-6,Detailed Testing and Validation,"45,0",Minutes,5.0,"1,2,4","Electrician, Mecanician, Inspector Senior",,,,,"0,0",Minutes,,Corrective,Breakdown,6,104.0,5
917,To do,20,Corrective-Breakdown-8,System Cleanup and Safety Checks,"15,0",Minutes,7.0,"1,2,4","Electrician, Mecanician, Inspector Senior",,,,,"0,0",Minutes,,Corrective,Breakdown,8,104.0,5
918,To do,22,Corrective-Breakdown-10,Restore Service,"15,0",Minutes,21.0,"1,2,4","Electrician, Mecanician, Inspector Senior",,,,,"0,0",Minutes,,Corrective,Breakdown,10,104.0,5
919,To do,21,Corrective-Breakdown-9,Documentation and Reporting,"20,0",Minutes,20.0,"1,2,4","Electrician, Mecanician, Inspector Senior",,,,,"0,0",Minutes,,Corrective,Breakdown,9,104.0,5
920,To do,1,Corrective-Breakdown-1,Secure the Area,"15,0",Minutes,,"1,2,4","Electrician, Mecanician, Inspector Senior",,,,,"0,0",Minutes,,Corrective,Breakdown,1,,5
921,To do,2,Corrective-Breakdown-2,Preliminary Inspection,"20,0",Minutes,1.0,"1,2,4","Electrician, Mecanician, Inspector Senior",,,,,"0,0",Minutes,,Corrective,Breakdown,2,,5
922,To do,3,Corrective-Breakdown-3,Diagnostics and Troubleshooting,"1,0",Hours,2.0,"1,2,4","Electrician, Mecanician, Inspector Senior",,,,,"0,0",Minutes,,Corrective,Breakdown,3,,5
923,To do,4,Corrective-Breakdown-4,Component Repair or Replacement,"1,0",Hours,3.0,"1,2,4","Electrician, Mecanician, Inspector Senior",,,,,"0,0",Minutes,,Corrective,Breakdown,4,,5
924,To do,7,Corrective-Breakdown-7,Post-Repair Adjustments,"20,0",Minutes,6.0,"1,2,4","Electrician, Mecanician, Inspector Senior",,,,,"0,0",Minutes,,Corrective,Breakdown,7,,5
925,To do,5,Corrective-Breakdown-5,Control System Reset,"30,0",Minutes,4.0,"1,2,4","Electrician, Mecanician, Inspector Senior",,,,,"0,0",Minutes,,Corrective,Breakdown,5,,5
926,To do,6,Corrective-Breakdown-6,Detailed Testing and Validation,"45,0",Minutes,5.0,"1,2,4","Electrician, Mecanician, Inspector Senior",,,,,"0,0",Minutes,,Corrective,Breakdown,6,,5
927,To do,20,Corrective-Breakdown-8,System Cleanup and Safety Checks,"15,0",Minutes,7.0,"1,2,4","Electrician, Mecanician, Inspector Senior",,,,,"0,0",Minutes,,Corrective,Breakdown,8,,5
928,To do,22,Corrective-Breakdown-10,Restore Service,"15,0",Minutes,21.0,"1,2,4","Electrician, Mecanician, Inspector Senior",,,,,"0,0",Minutes,,Corrective,Breakdown,10,,5
929,To do,21,Corrective-Breakdown-9,Documentation and Reporting,"20,0",Minutes,20.0,"1,2,4","Electrician, Mecanician, Inspector Senior",,,,,"0,0",Minutes,,Corrective,Breakdown,9,,5
930,To do,1,Corrective-Breakdown-1,Secure the Area,"15,0",Minutes,,"1,2,4","Electrician, Mecanician, Inspector Senior",,,,,"0,0",Minutes,,Corrective,Breakdown,1,106.0,5
931,To do,2,Corrective-Breakdown-2,Preliminary Inspection,"20,0",Minutes,1.0,"1,2,4","Electrician, Mecanician, Inspector Senior",,,,,"0,0",Minutes,,Corrective,Breakdown,2,106.0,5
932,To do,3,Corrective-Breakdown-3,Diagnostics and Troubleshooting,"1,0",Hours,2.0,"1,2,4","Electrician, Mecanician, Inspector Senior",,,,,"0,0",Minutes,,Corrective,Breakdown,3,106.0,5
933,To do,4,Corrective-Breakdown-4,Component Repair or Replacement,"1,0",Hours,3.0,"1,2,4","Electrician, Mecanician, Inspector Senior",,,,,"0,0",Minutes,,Corrective,Breakdown,4,106.0,5
934,To do,7,Corrective-Breakdown-7,Post-Repair Adjustments,"20,0",Minutes,6.0,"1,2,4","Electrician, Mecanician, Inspector Senior",,,,,"0,0",Minutes,,Corrective,Breakdown,7,106.0,5
935,To do,5,Corrective-Breakdown-5,Control System Reset,"30,0",Minutes,4.0,"1,2,4","Electrician, Mecanician, Inspector Senior",,,,,"0,0",Minutes,,Corrective,Breakdown,5,106.0,5
936,To do,6,Corrective-Breakdown-6,Detailed Testing and Validation,"45,0",Minutes,5.0,"1,2,4","Electrician, Mecanician, Inspector Senior",,,,,"0,0",Minutes,,Corrective,Breakdown,6,106.0,5
937,To do,20,Corrective-Breakdown-8,System Cleanup and Safety Checks,"15,0",Minutes,7.0,"1,2,4","Electrician, Mecanician, Inspector Senior",,,,,"0,0",Minutes,,Corrective,Breakdown,8,106.0,5
938,To do,22,Corrective-Breakdown-10,Restore Service,"15,0",Minutes,21.0,"1,2,4","Electrician, Mecanician, Inspector Senior",,,,,"0,0",Minutes,,Corrective,Breakdown,10,106.0,5
939,To do,21,Corrective-Breakdown-9,Documentation and Reporting,"20,0",Minutes,20.0,"1,2,4","Electrician, Mecanician, Inspector Senior",,,,,"0,0",Minutes,,Corrective,Breakdown,9,106.0,5
940,To do,1,Corrective-Breakdown-1,Secure the Area,"15,0",Minutes,,"1,2,4","Electrician, Mecanician, Inspector Senior",,,,,"0,0",Minutes,,Corrective,Breakdown,1,107.0,5
941,To do,2,Corrective-Breakdown-2,Preliminary Inspection,"20,0",Minutes,1.0,"1,2,4","Electrician, Mecanician, Inspector Senior",,,,,"0,0",Minutes,,Corrective,Breakdown,2,107.0,5
942,To do,3,Corrective-Breakdown-3,Diagnostics and Troubleshooting,"1,0",Hours,2.0,"1,2,4","Electrician, Mecanician, Inspector Senior",,,,,"0,0",Minutes,,Corrective,Breakdown,3,107.0,5
943,To do,4,Corrective-Breakdown-4,Component Repair or Replacement,"1,0",Hours,3.0,"1,2,4","Electrician, Mecanician, Inspector Senior",,,,,"0,0",Minutes,,Corrective,Breakdown,4,107.0,5
944,To do,7,Corrective-Breakdown-7,Post-Repair Adjustments,"20,0",Minutes,6.0,"1,2,4","Electrician, Mecanician, Inspector Senior",,,,,"0,0",Minutes,,Corrective,Breakdown,7,107.0,5
945,To do,5,Corrective-Breakdown-5,Control System Reset,"30,0",Minutes,4.0,"1,2,4","Electrician, Mecanician, Inspector Senior",,,,,"0,0",Minutes,,Corrective,Breakdown,5,107.0,5
946,To do,6,Corrective-Breakdown-6,Detailed Testing and Validation,"45,0",Minutes,5.0,"1,2,4","Electrician, Mecanician, Inspector Senior",,,,,"0,0",Minutes,,Corrective,Breakdown,6,107.0,5
947,To do,20,Corrective-Breakdown-8,System Cleanup and Safety Checks,"15,0",Minutes,7.0,"1,2,4","Electrician, Mecanician, Inspector Senior",,,,,"0,0",Minutes,,Corrective,Breakdown,8,107.0,5
948,To do,22,Corrective-Breakdown-10,Restore Service,"15,0",Minutes,21.0,"1,2,4","Electrician, Mecanician, Inspector Senior",,,,,"0,0",Minutes,,Corrective,Breakdown,10,107.0,5
949,To do,21,Corrective-Breakdown-9,Documentation and Reporting,"20,0",Minutes,20.0,"1,2,4","Electrician, Mecanician, Inspector Senior",,,,,"0,0",Minutes,,Corrective,Breakdown,9,107.0,5
950,To do,1,Corrective-Breakdown-1,Secure the Area,"15,0",Minutes,,"1,2,4","Electrician, Mecanician, Inspector Senior",,,,,"0,0",Minutes,,Corrective,Breakdown,1,108.0,5
951,To do,2,Corrective-Breakdown-2,Preliminary Inspection,"20,0",Minutes,1.0,"1,2,4","Electrician, Mecanician, Inspector Senior",,,,,"0,0",Minutes,,Corrective,Breakdown,2,108.0,5
952,To do,3,Corrective-Breakdown-3,Diagnostics and Troubleshooting,"1,0",Hours,2.0,"1,2,4","Electrician, Mecanician, Inspector Senior",,,,,"0,0",Minutes,,Corrective,Breakdown,3,108.0,5
953,To do,4,Corrective-Breakdown-4,Component Repair or Replacement,"1,0",Hours,3.0,"1,2,4","Electrician, Mecanician, Inspector Senior",,,,,"0,0",Minutes,,Corrective,Breakdown,4,108.0,5
954,To do,7,Corrective-Breakdown-7,Post-Repair Adjustments,"20,0",Minutes,6.0,"1,2,4","Electrician, Mecanician, Inspector Senior",,,,,"0,0",Minutes,,Corrective,Breakdown,7,108.0,5
955,To do,5,Corrective-Breakdown-5,Control System Reset,"30,0",Minutes,4.0,"1,2,4","Electrician, Mecanician, Inspector Senior",,,,,"0,0",Minutes,,Corrective,Breakdown,5,108.0,5
956,To do,6,Corrective-Breakdown-6,Detailed Testing and Validation,"45,0",Minutes,5.0,"1,2,4","Electrician, Mecanician, Inspector Senior",,,,,"0,0",Minutes,,Corrective,Breakdown,6,108.0,5
957,To do,20,Corrective-Breakdown-8,System Cleanup and Safety Checks,"15,0",Minutes,7.0,"1,2,4","Electrician, Mecanician, Inspector Senior",,,,,"0,0",Minutes,,Corrective,Breakdown,8,108.0,5
958,To do,22,Corrective-Breakdown-10,Restore Service,"15,0",Minutes,21.0,"1,2,4","Electrician, Mecanician, Inspector Senior",,,,,"0,0",Minutes,,Corrective,Breakdown,10,108.0,5
959,To do,21,Corrective-Breakdown-9,Documentation and Reporting,"20,0",Minutes,20.0,"1,2,4","Electrician, Mecanician, Inspector Senior",,,,,"0,0",Minutes,,Corrective,Breakdown,9,108.0,5
961,To do,1,Corrective-Breakdown-1,Secure the Area,"15,0",Minutes,,"1,2,4","Electrician, Mecanician, Inspector Senior",,,,,"0,0",Minutes,,Corrective,Breakdown,1,109.0,5
962,To do,2,Corrective-Breakdown-2,Preliminary Inspection,"20,0",Minutes,1.0,"1,2,4","Electrician, Mecanician, Inspector Senior",,,,,"0,0",Minutes,,Corrective,Breakdown,2,109.0,5
963,To do,3,Corrective-Breakdown-3,Diagnostics and Troubleshooting,"1,0",Hours,2.0,"1,2,4","Electrician, Mecanician, Inspector Senior",,,,,"0,0",Minutes,,Corrective,Breakdown,3,109.0,5
964,To do,4,Corrective-Breakdown-4,Component Repair or Replacement,"1,0",Hours,3.0,"1,2,4","Electrician, Mecanician, Inspector Senior",,,,,"0,0",Minutes,,Corrective,Breakdown,4,109.0,5
965,To do,7,Corrective-Breakdown-7,Post-Repair Adjustments,"20,0",Minutes,6.0,"1,2,4","Electrician, Mecanician, Inspector Senior",,,,,"0,0",Minutes,,Corrective,Breakdown,7,109.0,5
966,To do,5,Corrective-Breakdown-5,Control System Reset,"30,0",Minutes,4.0,"1,2,4","Electrician, Mecanician, Inspector Senior",,,,,"0,0",Minutes,,Corrective,Breakdown,5,109.0,5
967,To do,6,Corrective-Breakdown-6,Detailed Testing and Validation,"45,0",Minutes,5.0,"1,2,4","Electrician, Mecanician, Inspector Senior",,,,,"0,0",Minutes,,Corrective,Breakdown,6,109.0,5
968,To do,20,Corrective-Breakdown-8,System Cleanup and Safety Checks,"15,0",Minutes,7.0,"1,2,4","Electrician, Mecanician, Inspector Senior",,,,,"0,0",Minutes,,Corrective,Breakdown,8,109.0,5
969,To do,22,Corrective-Breakdown-10,Restore Service,"15,0",Minutes,21.0,"1,2,4","Electrician, Mecanician, Inspector Senior",,,,,"0,0",Minutes,,Corrective,Breakdown,10,109.0,5
970,To do,21,Corrective-Breakdown-9,Documentation and Reporting,"20,0",Minutes,20.0,"1,2,4","Electrician, Mecanician, Inspector Senior",,,,,"0,0",Minutes,,Corrective,Breakdown,9,109.0,5
975,To do,8,Corrective-Low-1,Diagnostics and Troubleshooting,"30,0",Minutes,,"1,2,3,4","Electrician, Mecanician, Inspector Junior, Inspector Senior",,,,,"0,0",Minutes,,Corrective,Low,1,110.0,1
976,To do,9,Corrective-Low-2,Component Repair and Replacement,"1,0",Hours,8.0,"1,2,3,4","Electrician, Mecanician, Inspector Junior, Inspector Senior",,,,,"0,0",Minutes,,Corrective,Low,2,110.0,1
977,To do,10,Corrective-Low-3,Control System Checks,"5,0",Minutes,9.0,"1,2,3,4","Electrician, Mecanician, Inspector Junior, Inspector Senior",,,,,"0,0",Minutes,,Corrective,Low,3,110.0,1
978,To do,11,Corrective-Low-4,Testing and Validation,"5,0",Minutes,10.0,"1,2,3,4","Electrician, Mecanician, Inspector Junior, Inspector Senior",,,,,"0,0",Minutes,,Corrective,Low,4,110.0,1
979,To do,12,Corrective-Low-5,Documentation and Reporting,"5,0",Minutes,11.0,"1,2,3,4","Electrician, Mecanician, Inspector Junior, Inspector Senior",,,,,"0,0",Minutes,,Corrective,Low,5,110.0,1
980,To do,13,Corrective-Low-6,Post-Maintenance Adjustments,"5,0",Minutes,12.0,"1,2,3,4","Electrician, Mecanician, Inspector Junior, Inspector Senior",,,,,"0,0",Minutes,,Corrective,Low,6,110.0,1
981,To do,14,Corrective-Low-7,System Cleanup and Safety Checks,"10,0",Minutes,13.0,"1,2,3,4","Electrician, Mecanician, Inspector Junior, Inspector Senior",,,,,"0,0",Minutes,,Corrective,Low,7,110.0,1
983,To do,8,Corrective-Low-1,Diagnostics and Troubleshooting,"30,0",Minutes,,"1,2,3,4","Electrician, Mecanician, Inspector Junior, Inspector Senior",,,,,"0,0",Minutes,,Corrective,Low,1,111.0,1
984,To do,9,Corrective-Low-2,Component Repair and Replacement,"1,0",Hours,8.0,"1,2,3,4","Electrician, Mecanician, Inspector Junior, Inspector Senior",,,,,"0,0",Minutes,,Corrective,Low,2,111.0,1
985,To do,10,Corrective-Low-3,Control System Checks,"5,0",Minutes,9.0,"1,2,3,4","Electrician, Mecanician, Inspector Junior, Inspector Senior",,,,,"0,0",Minutes,,Corrective,Low,3,111.0,1
986,To do,11,Corrective-Low-4,Testing and Validation,"5,0",Minutes,10.0,"1,2,3,4","Electrician, Mecanician, Inspector Junior, Inspector Senior",,,,,"0,0",Minutes,,Corrective,Low,4,111.0,1
987,To do,12,Corrective-Low-5,Documentation and Reporting,"5,0",Minutes,11.0,"1,2,3,4","Electrician, Mecanician, Inspector Junior, Inspector Senior",,,,,"0,0",Minutes,,Corrective,Low,5,111.0,1
988,To do,13,Corrective-Low-6,Post-Maintenance Adjustments,"5,0",Minutes,12.0,"1,2,3,4","Electrician, Mecanician, Inspector Junior, Inspector Senior",,,,,"0,0",Minutes,,Corrective,Low,6,111.0,1
989,To do,14,Corrective-Low-7,System Cleanup and Safety Checks,"10,0",Minutes,13.0,"1,2,3,4","Electrician, Mecanician, Inspector Junior, Inspector Senior",,,,,"0,0",Minutes,,Corrective,Low,7,111.0,1
990,To do,8,Corrective-Low-1,Diagnostics and Troubleshooting,"30,0",Minutes,,"1,2,3,4","Electrician, Mecanician, Inspector Junior, Inspector Senior",,,,,"0,0",Minutes,,Corrective,Low,1,112.0,1
991,To do,9,Corrective-Low-2,Component Repair and Replacement,"1,0",Hours,8.0,"1,2,3,4","Electrician, Mecanician, Inspector Junior, Inspector Senior",,,,,"0,0",Minutes,,Corrective,Low,2,112.0,1
992,To do,10,Corrective-Low-3,Control System Checks,"5,0",Minutes,9.0,"1,2,3,4","Electrician, Mecanician, Inspector Junior, Inspector Senior",,,,,"0,0",Minutes,,Corrective,Low,3,112.0,1
993,To do,11,Corrective-Low-4,Testing and Validation,"5,0",Minutes,10.0,"1,2,3,4","Electrician, Mecanician, Inspector Junior, Inspector Senior",,,,,"0,0",Minutes,,Corrective,Low,4,112.0,1
994,To do,12,Corrective-Low-5,Documentation and Reporting,"5,0",Minutes,11.0,"1,2,3,4","Electrician, Mecanician, Inspector Junior, Inspector Senior",,,,,"0,0",Minutes,,Corrective,Low,5,112.0,1
995,To do,13,Corrective-Low-6,Post-Maintenance Adjustments,"5,0",Minutes,12.0,"1,2,3,4","Electrician, Mecanician, Inspector Junior, Inspector Senior",,,,,"0,0",Minutes,,Corrective,Low,6,112.0,1
996,To do,14,Corrective-Low-7,System Cleanup and Safety Checks,"10,0",Minutes,13.0,"1,2,3,4","Electrician, Mecanician, Inspector Junior, Inspector Senior",,,,,"0,0",Minutes,,Corrective,Low,7,112.0,1
997,To do,8,Corrective-Low-1,Diagnostics and Troubleshooting,"30,0",Minutes,,"1,2,3,4","Electrician, Mecanician, Inspector Junior, Inspector Senior",,,,,"0,0",Minutes,,Corrective,Low,1,113.0,1
998,To do,9,Corrective-Low-2,Component Repair and Replacement,"1,0",Hours,8.0,"1,2,3,4","Electrician, Mecanician, Inspector Junior, Inspector Senior",,,,,"0,0",Minutes,,Corrective,Low,2,113.0,1
999,To do,10,Corrective-Low-3,Control System Checks,"5,0",Minutes,9.0,"1,2,3,4","Electrician, Mecanician, Inspector Junior, Inspector Senior",,,,,"0,0",Minutes,,Corrective,Low,3,113.0,1
1000,To do,11,Corrective-Low-4,Testing and Validation,"5,0",Minutes,10.0,"1,2,3,4","Electrician, Mecanician, Inspector Junior, Inspector Senior",,,,,"0,0",Minutes,,Corrective,Low,4,113.0,1
1001,To do,12,Corrective-Low-5,Documentation and Reporting,"5,0",Minutes,11.0,"1,2,3,4","Electrician, Mecanician, Inspector Junior, Inspector Senior",,,,,"0,0",Minutes,,Corrective,Low,5,113.0,1
1002,To do,13,Corrective-Low-6,Post-Maintenance Adjustments,"5,0",Minutes,12.0,"1,2,3,4","Electrician, Mecanician, Inspector Junior, Inspector Senior",,,,,"0,0",Minutes,,Corrective,Low,6,113.0,1
1003,To do,14,Corrective-Low-7,System Cleanup and Safety Checks,"10,0",Minutes,13.0,"1,2,3,4","Electrician, Mecanician, Inspector Junior, Inspector Senior",,,,,"0,0",Minutes,,Corrective,Low,7,113.0,1
1004,To do,8,Corrective-Low-1,Diagnostics and Troubleshooting,"30,0",Minutes,,"1,2,3,4","Electrician, Mecanician, Inspector Junior, Inspector Senior",,,,,"0,0",Minutes,,Corrective,Low,1,114.0,1
1005,To do,9,Corrective-Low-2,Component Repair and Replacement,"1,0",Hours,8.0,"1,2,3,4","Electrician, Mecanician, Inspector Junior, Inspector Senior",,,,,"0,0",Minutes,,Corrective,Low,2,114.0,1
1006,To do,10,Corrective-Low-3,Control System Checks,"5,0",Minutes,9.0,"1,2,3,4","Electrician, Mecanician, Inspector Junior, Inspector Senior",,,,,"0,0",Minutes,,Corrective,Low,3,114.0,1
1007,To do,11,Corrective-Low-4,Testing and Validation,"5,0",Minutes,10.0,"1,2,3,4","Electrician, Mecanician, Inspector Junior, Inspector Senior",,,,,"0,0",Minutes,,Corrective,Low,4,114.0,1
1008,To do,12,Corrective-Low-5,Documentation and Reporting,"5,0",Minutes,11.0,"1,2,3,4","Electrician, Mecanician, Inspector Junior, Inspector Senior",,,,,"0,0",Minutes,,Corrective,Low,5,114.0,1
1009,To do,13,Corrective-Low-6,Post-Maintenance Adjustments,"5,0",Minutes,12.0,"1,2,3,4","Electrician, Mecanician, Inspector Junior, Inspector Senior",,,,,"0,0",Minutes,,Corrective,Low,6,114.0,1
1010,To do,14,Corrective-Low-7,System Cleanup and Safety Checks,"10,0",Minutes,13.0,"1,2,3,4","Electrician, Mecanician, Inspector Junior, Inspector Senior",,,,,"0,0",Minutes,,Corrective,Low,7,114.0,1
1011,To do,8,Corrective-Low-1,Diagnostics and Troubleshooting,"30,0",Minutes,,"1,2,3,4","Electrician, Mecanician, Inspector Junior, Inspector Senior",,,,,"0,0",Minutes,,Corrective,Low,1,115.0,1
1012,To do,9,Corrective-Low-2,Component Repair and Replacement,"1,0",Hours,8.0,"1,2,3,4","Electrician, Mecanician, Inspector Junior, Inspector Senior",,,,,"0,0",Minutes,,Corrective,Low,2,115.0,1
1013,To do,10,Corrective-Low-3,Control System Checks,"5,0",Minutes,9.0,"1,2,3,4","Electrician, Mecanician, Inspector Junior, Inspector Senior",,,,,"0,0",Minutes,,Corrective,Low,3,115.0,1
1014,To do,11,Corrective-Low-4,Testing and Validation,"5,0",Minutes,10.0,"1,2,3,4","Electrician, Mecanician, Inspector Junior, Inspector Senior",,,,,"0,0",Minutes,,Corrective,Low,4,115.0,1
1015,To do,12,Corrective-Low-5,Documentation and Reporting,"5,0",Minutes,11.0,"1,2,3,4","Electrician, Mecanician, Inspector Junior, Inspector Senior",,,,,"0,0",Minutes,,Corrective,Low,5,115.0,1
1016,To do,13,Corrective-Low-6,Post-Maintenance Adjustments,"5,0",Minutes,12.0,"1,2,3,4","Electrician, Mecanician, Inspector Junior, Inspector Senior",,,,,"0,0",Minutes,,Corrective,Low,6,115.0,1
1017,To do,14,Corrective-Low-7,System Cleanup and Safety Checks,"10,0",Minutes,13.0,"1,2,3,4","Electrician, Mecanician, Inspector Junior, Inspector Senior",,,,,"0,0",Minutes,,Corrective,Low,7,115.0,1
1018,To do,8,Corrective-Low-1,Diagnostics and Troubleshooting,"30,0",Minutes,,"1,2,3,4","Electrician, Mecanician, Inspector Junior, Inspector Senior",,,,,"0,0",Minutes,,Corrective,Low,1,116.0,1
1019,To do,9,Corrective-Low-2,Component Repair and Replacement,"1,0",Hours,8.0,"1,2,3,4","Electrician, Mecanician, Inspector Junior, Inspector Senior",,,,,"0,0",Minutes,,Corrective,Low,2,116.0,1
1020,To do,10,Corrective-Low-3,Control System Checks,"5,0",Minutes,9.0,"1,2,3,4","Electrician, Mecanician, Inspector Junior, Inspector Senior",,,,,"0,0",Minutes,,Corrective,Low,3,116.0,1
1021,To do,11,Corrective-Low-4,Testing and Validation,"5,0",Minutes,10.0,"1,2,3,4","Electrician, Mecanician, Inspector Junior, Inspector Senior",,,,,"0,0",Minutes,,Corrective,Low,4,116.0,1
1022,To do,12,Corrective-Low-5,Documentation and Reporting,"5,0",Minutes,11.0,"1,2,3,4","Electrician, Mecanician, Inspector Junior, Inspector Senior",,,,,"0,0",Minutes,,Corrective,Low,5,116.0,1
1023,To do,13,Corrective-Low-6,Post-Maintenance Adjustments,"5,0",Minutes,12.0,"1,2,3,4","Electrician, Mecanician, Inspector Junior, Inspector Senior",,,,,"0,0",Minutes,,Corrective,Low,6,116.0,1
1024,To do,14,Corrective-Low-7,System Cleanup and Safety Checks,"10,0",Minutes,13.0,"1,2,3,4","Electrician, Mecanician, Inspector Junior, Inspector Senior",,,,,"0,0",Minutes,,Corrective,Low,7,116.0,1
1025,To do,8,Corrective-Low-1,Diagnostics and Troubleshooting,"30,0",Minutes,,"1,2,3,4","Electrician, Mecanician, Inspector Junior, Inspector Senior",,,,,"0,0",Minutes,,Corrective,Low,1,117.0,1
1026,To do,9,Corrective-Low-2,Component Repair and Replacement,"1,0",Hours,8.0,"1,2,3,4","Electrician, Mecanician, Inspector Junior, Inspector Senior",,,,,"0,0",Minutes,,Corrective,Low,2,117.0,1
1027,To do,10,Corrective-Low-3,Control System Checks,"5,0",Minutes,9.0,"1,2,3,4","Electrician, Mecanician, Inspector Junior, Inspector Senior",,,,,"0,0",Minutes,,Corrective,Low,3,117.0,1
1028,To do,11,Corrective-Low-4,Testing and Validation,"5,0",Minutes,10.0,"1,2,3,4","Electrician, Mecanician, Inspector Junior, Inspector Senior",,,,,"0,0",Minutes,,Corrective,Low,4,117.0,1
1029,To do,12,Corrective-Low-5,Documentation and Reporting,"5,0",Minutes,11.0,"1,2,3,4","Electrician, Mecanician, Inspector Junior, Inspector Senior",,,,,"0,0",Minutes,,Corrective,Low,5,117.0,1
1030,To do,13,Corrective-Low-6,Post-Maintenance Adjustments,"5,0",Minutes,12.0,"1,2,3,4","Electrician, Mecanician, Inspector Junior, Inspector Senior",,,,,"0,0",Minutes,,Corrective,Low,6,117.0,1
1031,To do,14,Corrective-Low-7,System Cleanup and Safety Checks,"10,0",Minutes,13.0,"1,2,3,4","Electrician, Mecanician, Inspector Junior, Inspector Senior",,,,,"0,0",Minutes,,Corrective,Low,7,117.0,1
1032,To do,8,Corrective-Low-1,Diagnostics and Troubleshooting,"30,0",Minutes,,"1,2,3,4","Electrician, Mecanician, Inspector Junior, Inspector Senior",,,,,"0,0",Minutes,,Corrective,Low,1,118.0,1
1033,To do,9,Corrective-Low-2,Component Repair and Replacement,"1,0",Hours,8.0,"1,2,3,4","Electrician, Mecanician, Inspector Junior, Inspector Senior",,,,,"0,0",Minutes,,Corrective,Low,2,118.0,1
1034,To do,10,Corrective-Low-3,Control System Checks,"5,0",Minutes,9.0,"1,2,3,4","Electrician, Mecanician, Inspector Junior, Inspector Senior",,,,,"0,0",Minutes,,Corrective,Low,3,118.0,1
1035,To do,11,Corrective-Low-4,Testing and Validation,"5,0",Minutes,10.0,"1,2,3,4","Electrician, Mecanician, Inspector Junior, Inspector Senior",,,,,"0,0",Minutes,,Corrective,Low,4,118.0,1
1036,To do,12,Corrective-Low-5,Documentation and Reporting,"5,0",Minutes,11.0,"1,2,3,4","Electrician, Mecanician, Inspector Junior, Inspector Senior",,,,,"0,0",Minutes,,Corrective,Low,5,118.0,1
1037,To do,13,Corrective-Low-6,Post-Maintenance Adjustments,"5,0",Minutes,12.0,"1,2,3,4","Electrician, Mecanician, Inspector Junior, Inspector Senior",,,,,"0,0",Minutes,,Corrective,Low,6,118.0,1
1038,To do,14,Corrective-Low-7,System Cleanup and Safety Checks,"10,0",Minutes,13.0,"1,2,3,4","Electrician, Mecanician, Inspector Junior, Inspector Senior",,,,,"0,0",Minutes,,Corrective,Low,7,118.0,1
1039,To do,8,Corrective-Low-1,Diagnostics and Troubleshooting,"30,0",Minutes,,"1,2,3,4","Electrician, Mecanician, Inspector Junior, Inspector Senior",,,,,"0,0",Minutes,,Corrective,Low,1,119.0,1
1040,To do,9,Corrective-Low-2,Component Repair and Replacement,"1,0",Hours,8.0,"1,2,3,4","Electrician, Mecanician, Inspector Junior, Inspector Senior",,,,,"0,0",Minutes,,Corrective,Low,2,119.0,1
1041,To do,10,Corrective-Low-3,Control System Checks,"5,0",Minutes,9.0,"1,2,3,4","Electrician, Mecanician, Inspector Junior, Inspector Senior",,,,,"0,0",Minutes,,Corrective,Low,3,119.0,1
1042,To do,11,Corrective-Low-4,Testing and Validation,"5,0",Minutes,10.0,"1,2,3,4","Electrician, Mecanician, Inspector Junior, Inspector Senior",,,,,"0,0",Minutes,,Corrective,Low,4,119.0,1
1043,To do,12,Corrective-Low-5,Documentation and Reporting,"5,0",Minutes,11.0,"1,2,3,4","Electrician, Mecanician, Inspector Junior, Inspector Senior",,,,,"0,0",Minutes,,Corrective,Low,5,119.0,1
1044,To do,13,Corrective-Low-6,Post-Maintenance Adjustments,"5,0",Minutes,12.0,"1,2,3,4","Electrician, Mecanician, Inspector Junior, Inspector Senior",,,,,"0,0",Minutes,,Corrective,Low,6,119.0,1
1045,To do,14,Corrective-Low-7,System Cleanup and Safety Checks,"10,0",Minutes,13.0,"1,2,3,4","Electrician, Mecanician, Inspector Junior, Inspector Senior",,,,,"0,0",Minutes,,Corrective,Low,7,119.0,1
1046,To do,8,Corrective-Low-1,Diagnostics and Troubleshooting,"30,0",Minutes,,"1,2,3,4","Electrician, Mecanician, Inspector Junior, Inspector Senior",,,,,"0,0",Minutes,,Corrective,Low,1,120.0,1
1047,To do,9,Corrective-Low-2,Component Repair and Replacement,"1,0",Hours,8.0,"1,2,3,4","Electrician, Mecanician, Inspector Junior, Inspector Senior",,,,,"0,0",Minutes,,Corrective,Low,2,120.0,1
1048,To do,10,Corrective-Low-3,Control System Checks,"5,0",Minutes,9.0,"1,2,3,4","Electrician, Mecanician, Inspector Junior, Inspector Senior",,,,,"0,0",Minutes,,Corrective,Low,3,120.0,1
1049,To do,11,Corrective-Low-4,Testing and Validation,"5,0",Minutes,10.0,"1,2,3,4","Electrician, Mecanician, Inspector Junior, Inspector Senior",,,,,"0,0",Minutes,,Corrective,Low,4,120.0,1
1050,To do,12,Corrective-Low-5,Documentation and Reporting,"5,0",Minutes,11.0,"1,2,3,4","Electrician, Mecanician, Inspector Junior, Inspector Senior",,,,,"0,0",Minutes,,Corrective,Low,5,120.0,1
1051,To do,13,Corrective-Low-6,Post-Maintenance Adjustments,"5,0",Minutes,12.0,"1,2,3,4","Electrician, Mecanician, Inspector Junior, Inspector Senior",,,,,"0,0",Minutes,,Corrective,Low,6,120.0,1
1052,To do,14,Corrective-Low-7,System Cleanup and Safety Checks,"10,0",Minutes,13.0,"1,2,3,4","Electrician, Mecanician, Inspector Junior, Inspector Senior",,,,,"0,0",Minutes,,Corrective,Low,7,120.0,1
1060,To do,8,Corrective-Low-1,Diagnostics and Troubleshooting,"30,0",Minutes,,"1,2,3,4","Electrician, Mecanician, Inspector Junior, Inspector Senior",,,,,"0,0",Minutes,,Corrective,Low,1,122.0,1
1061,To do,9,Corrective-Low-2,Component Repair and Replacement,"1,0",Hours,8.0,"1,2,3,4","Electrician, Mecanician, Inspector Junior, Inspector Senior",,,,,"0,0",Minutes,,Corrective,Low,2,122.0,1
1062,To do,10,Corrective-Low-3,Control System Checks,"5,0",Minutes,9.0,"1,2,3,4","Electrician, Mecanician, Inspector Junior, Inspector Senior",,,,,"0,0",Minutes,,Corrective,Low,3,122.0,1
1063,To do,11,Corrective-Low-4,Testing and Validation,"5,0",Minutes,10.0,"1,2,3,4","Electrician, Mecanician, Inspector Junior, Inspector Senior",,,,,"0,0",Minutes,,Corrective,Low,4,122.0,1
1064,To do,12,Corrective-Low-5,Documentation and Reporting,"5,0",Minutes,11.0,"1,2,3,4","Electrician, Mecanician, Inspector Junior, Inspector Senior",,,,,"0,0",Minutes,,Corrective,Low,5,122.0,1
1065,To do,13,Corrective-Low-6,Post-Maintenance Adjustments,"5,0",Minutes,12.0,"1,2,3,4","Electrician, Mecanician, Inspector Junior, Inspector Senior",,,,,"0,0",Minutes,,Corrective,Low,6,122.0,1
1066,To do,14,Corrective-Low-7,System Cleanup and Safety Checks,"10,0",Minutes,13.0,"1,2,3,4","Electrician, Mecanician, Inspector Junior, Inspector Senior",,,,,"0,0",Minutes,,Corrective,Low,7,122.0,1
1067,To do,8,Corrective-Low-1,Diagnostics and Troubleshooting,"30,0",Minutes,,"1,2,3,4","Electrician, Mecanician, Inspector Junior, Inspector Senior",,,,,"0,0",Minutes,,Corrective,Low,1,123.0,1
1068,To do,9,Corrective-Low-2,Component Repair and Replacement,"1,0",Hours,8.0,"1,2,3,4","Electrician, Mecanician, Inspector Junior, Inspector Senior",,,,,"0,0",Minutes,,Corrective,Low,2,123.0,1
1069,To do,10,Corrective-Low-3,Control System Checks,"5,0",Minutes,9.0,"1,2,3,4","Electrician, Mecanician, Inspector Junior, Inspector Senior",,,,,"0,0",Minutes,,Corrective,Low,3,123.0,1
1070,To do,11,Corrective-Low-4,Testing and Validation,"5,0",Minutes,10.0,"1,2,3,4","Electrician, Mecanician, Inspector Junior, Inspector Senior",,,,,"0,0",Minutes,,Corrective,Low,4,123.0,1
1071,To do,12,Corrective-Low-5,Documentation and Reporting,"5,0",Minutes,11.0,"1,2,3,4","Electrician, Mecanician, Inspector Junior, Inspector Senior",,,,,"0,0",Minutes,,Corrective,Low,5,123.0,1
1072,To do,13,Corrective-Low-6,Post-Maintenance Adjustments,"5,0",Minutes,12.0,"1,2,3,4","Electrician, Mecanician, Inspector Junior, Inspector Senior",,,,,"0,0",Minutes,,Corrective,Low,6,123.0,1
1073,To do,14,Corrective-Low-7,System Cleanup and Safety Checks,"10,0",Minutes,13.0,"1,2,3,4","Electrician, Mecanician, Inspector Junior, Inspector Senior",,,,,"0,0",Minutes,,Corrective,Low,7,123.0,1
1074,To do,8,Corrective-Low-1,Diagnostics and Troubleshooting,"30,0",Minutes,,"1,2,3,4","Electrician, Mecanician, Inspector Junior, Inspector Senior",,,,,"0,0",Minutes,,Corrective,Low,1,124.0,1
1075,To do,9,Corrective-Low-2,Component Repair and Replacement,"1,0",Hours,8.0,"1,2,3,4","Electrician, Mecanician, Inspector Junior, Inspector Senior",,,,,"0,0",Minutes,,Corrective,Low,2,124.0,1
1076,To do,10,Corrective-Low-3,Control System Checks,"5,0",Minutes,9.0,"1,2,3,4","Electrician, Mecanician, Inspector Junior, Inspector Senior",,,,,"0,0",Minutes,,Corrective,Low,3,124.0,1
1077,To do,11,Corrective-Low-4,Testing and Validation,"5,0",Minutes,10.0,"1,2,3,4","Electrician, Mecanician, Inspector Junior, Inspector Senior",,,,,"0,0",Minutes,,Corrective,Low,4,124.0,1
1078,To do,12,Corrective-Low-5,Documentation and Reporting,"5,0",Minutes,11.0,"1,2,3,4","Electrician, Mecanician, Inspector Junior, Inspector Senior",,,,,"0,0",Minutes,,Corrective,Low,5,124.0,1
1079,To do,13,Corrective-Low-6,Post-Maintenance Adjustments,"5,0",Minutes,12.0,"1,2,3,4","Electrician, Mecanician, Inspector Junior, Inspector Senior",,,,,"0,0",Minutes,,Corrective,Low,6,124.0,1
1080,To do,14,Corrective-Low-7,System Cleanup and Safety Checks,"10,0",Minutes,13.0,"1,2,3,4","Electrician, Mecanician, Inspector Junior, Inspector Senior",,,,,"0,0",Minutes,,Corrective,Low,7,124.0,1
1081,To do,8,Corrective-Low-1,Diagnostics and Troubleshooting,"30,0",Minutes,,"1,2,3,4","Electrician, Mecanician, Inspector Junior, Inspector Senior",,,,,"0,0",Minutes,,Corrective,Low,1,125.0,1
1082,To do,9,Corrective-Low-2,Component Repair and Replacement,"1,0",Hours,8.0,"1,2,3,4","Electrician, Mecanician, Inspector Junior, Inspector Senior",,,,,"0,0",Minutes,,Corrective,Low,2,125.0,1
1083,To do,10,Corrective-Low-3,Control System Checks,"5,0",Minutes,9.0,"1,2,3,4","Electrician, Mecanician, Inspector Junior, Inspector Senior",,,,,"0,0",Minutes,,Corrective,Low,3,125.0,1
1084,To do,11,Corrective-Low-4,Testing and Validation,"5,0",Minutes,10.0,"1,2,3,4","Electrician, Mecanician, Inspector Junior, Inspector Senior",,,,,"0,0",Minutes,,Corrective,Low,4,125.0,1
1085,To do,12,Corrective-Low-5,Documentation and Reporting,"5,0",Minutes,11.0,"1,2,3,4","Electrician, Mecanician, Inspector Junior, Inspector Senior",,,,,"0,0",Minutes,,Corrective,Low,5,125.0,1
1086,To do,13,Corrective-Low-6,Post-Maintenance Adjustments,"5,0",Minutes,12.0,"1,2,3,4","Electrician, Mecanician, Inspector Junior, Inspector Senior",,,,,"0,0",Minutes,,Corrective,Low,6,125.0,1
1087,To do,14,Corrective-Low-7,System Cleanup and Safety Checks,"10,0",Minutes,13.0,"1,2,3,4","Electrician, Mecanician, Inspector Junior, Inspector Senior",,,,,"0,0",Minutes,,Corrective,Low,7,125.0,1
1088,To do,8,Corrective-Low-1,Diagnostics and Troubleshooting,"30,0",Minutes,,"1,2,3,4","Electrician, Mecanician, Inspector Junior, Inspector Senior",,,,,"0,0",Minutes,,Corrective,Low,1,126.0,1
1089,To do,9,Corrective-Low-2,Component Repair and Replacement,"1,0",Hours,8.0,"1,2,3,4","Electrician, Mecanician, Inspector Junior, Inspector Senior",,,,,"0,0",Minutes,,Corrective,Low,2,126.0,1
1090,To do,10,Corrective-Low-3,Control System Checks,"5,0",Minutes,9.0,"1,2,3,4","Electrician, Mecanician, Inspector Junior, Inspector Senior",,,,,"0,0",Minutes,,Corrective,Low,3,126.0,1
1091,To do,11,Corrective-Low-4,Testing and Validation,"5,0",Minutes,10.0,"1,2,3,4","Electrician, Mecanician, Inspector Junior, Inspector Senior",,,,,"0,0",Minutes,,Corrective,Low,4,126.0,1
1092,To do,12,Corrective-Low-5,Documentation and Reporting,"5,0",Minutes,11.0,"1,2,3,4","Electrician, Mecanician, Inspector Junior, Inspector Senior",,,,,"0,0",Minutes,,Corrective,Low,5,126.0,1
1093,To do,13,Corrective-Low-6,Post-Maintenance Adjustments,"5,0",Minutes,12.0,"1,2,3,4","Electrician, Mecanician, Inspector Junior, Inspector Senior",,,,,"0,0",Minutes,,Corrective,Low,6,126.0,1
1094,To do,14,Corrective-Low-7,System Cleanup and Safety Checks,"10,0",Minutes,13.0,"1,2,3,4","Electrician, Mecanician, Inspector Junior, Inspector Senior",,,,,"0,0",Minutes,,Corrective,Low,7,126.0,1
1095,To do,8,Corrective-Low-1,Diagnostics and Troubleshooting,"30,0",Minutes,,"1,2,3,4","Electrician, Mecanician, Inspector Junior, Inspector Senior",,,,,"0,0",Minutes,,Corrective,Low,1,127.0,1
1096,To do,9,Corrective-Low-2,Component Repair and Replacement,"1,0",Hours,8.0,"1,2,3,4","Electrician, Mecanician, Inspector Junior, Inspector Senior",,,,,"0,0",Minutes,,Corrective,Low,2,127.0,1
1097,To do,10,Corrective-Low-3,Control System Checks,"5,0",Minutes,9.0,"1,2,3,4","Electrician, Mecanician, Inspector Junior, Inspector Senior",,,,,"0,0",Minutes,,Corrective,Low,3,127.0,1
1098,To do,11,Corrective-Low-4,Testing and Validation,"5,0",Minutes,10.0,"1,2,3,4","Electrician, Mecanician, Inspector Junior, Inspector Senior",,,,,"0,0",Minutes,,Corrective,Low,4,127.0,1
1099,To do,12,Corrective-Low-5,Documentation and Reporting,"5,0",Minutes,11.0,"1,2,3,4","Electrician, Mecanician, Inspector Junior, Inspector Senior",,,,,"0,0",Minutes,,Corrective,Low,5,127.0,1
1100,To do,13,Corrective-Low-6,Post-Maintenance Adjustments,"5,0",Minutes,12.0,"1,2,3,4","Electrician, Mecanician, Inspector Junior, Inspector Senior",,,,,"0,0",Minutes,,Corrective,Low,6,127.0,1
1101,To do,14,Corrective-Low-7,System Cleanup and Safety Checks,"10,0",Minutes,13.0,"1,2,3,4","Electrician, Mecanician, Inspector Junior, Inspector Senior",,,,,"0,0",Minutes,,Corrective,Low,7,127.0,1
1102,To do,8,Corrective-Low-1,Diagnostics and Troubleshooting,"30,0",Minutes,,"1,2,3,4","Electrician, Mecanician, Inspector Junior, Inspector Senior",,,,,"0,0",Minutes,,Corrective,Low,1,128.0,1
1103,To do,9,Corrective-Low-2,Component Repair and Replacement,"1,0",Hours,8.0,"1,2,3,4","Electrician, Mecanician, Inspector Junior, Inspector Senior",,,,,"0,0",Minutes,,Corrective,Low,2,128.0,1
1104,To do,10,Corrective-Low-3,Control System Checks,"5,0",Minutes,9.0,"1,2,3,4","Electrician, Mecanician, Inspector Junior, Inspector Senior",,,,,"0,0",Minutes,,Corrective,Low,3,128.0,1
1105,To do,11,Corrective-Low-4,Testing and Validation,"5,0",Minutes,10.0,"1,2,3,4","Electrician, Mecanician, Inspector Junior, Inspector Senior",,,,,"0,0",Minutes,,Corrective,Low,4,128.0,1
1106,To do,12,Corrective-Low-5,Documentation and Reporting,"5,0",Minutes,11.0,"1,2,3,4","Electrician, Mecanician, Inspector Junior, Inspector Senior",,,,,"0,0",Minutes,,Corrective,Low,5,128.0,1
1107,To do,13,Corrective-Low-6,Post-Maintenance Adjustments,"5,0",Minutes,12.0,"1,2,3,4","Electrician, Mecanician, Inspector Junior, Inspector Senior",,,,,"0,0",Minutes,,Corrective,Low,6,128.0,1
1108,To do,14,Corrective-Low-7,System Cleanup and Safety Checks,"10,0",Minutes,13.0,"1,2,3,4","Electrician, Mecanician, Inspector Junior, Inspector Senior",,,,,"0,0",Minutes,,Corrective,Low,7,128.0,1
1109,To do,8,Corrective-Low-1,Diagnostics and Troubleshooting,"30,0",Minutes,,"1,2,3,4","Electrician, Mecanician, Inspector Junior, Inspector Senior",,,,,"0,0",Minutes,,Corrective,Low,1,129.0,1
1110,To do,9,Corrective-Low-2,Component Repair and Replacement,"1,0",Hours,8.0,"1,2,3,4","Electrician, Mecanician, Inspector Junior, Inspector Senior",,,,,"0,0",Minutes,,Corrective,Low,2,129.0,1
1111,To do,10,Corrective-Low-3,Control System Checks,"5,0",Minutes,9.0,"1,2,3,4","Electrician, Mecanician, Inspector Junior, Inspector Senior",,,,,"0,0",Minutes,,Corrective,Low,3,129.0,1
1112,To do,11,Corrective-Low-4,Testing and Validation,"5,0",Minutes,10.0,"1,2,3,4","Electrician, Mecanician, Inspector Junior, Inspector Senior",,,,,"0,0",Minutes,,Corrective,Low,4,129.0,1
1113,To do,12,Corrective-Low-5,Documentation and Reporting,"5,0",Minutes,11.0,"1,2,3,4","Electrician, Mecanician, Inspector Junior, Inspector Senior",,,,,"0,0",Minutes,,Corrective,Low,5,129.0,1
1114,To do,13,Corrective-Low-6,Post-Maintenance Adjustments,"5,0",Minutes,12.0,"1,2,3,4","Electrician, Mecanician, Inspector Junior, Inspector Senior",,,,,"0,0",Minutes,,Corrective,Low,6,129.0,1
1115,To do,14,Corrective-Low-7,System Cleanup and Safety Checks,"10,0",Minutes,13.0,"1,2,3,4","Electrician, Mecanician, Inspector Junior, Inspector Senior",,,,,"0,0",Minutes,,Corrective,Low,7,129.0,1
1116,To do,8,Corrective-Low-1,Diagnostics and Troubleshooting,"30,0",Minutes,,"1,2,3,4","Electrician, Mecanician, Inspector Junior, Inspector Senior",,,,,"0,0",Minutes,,Corrective,Low,1,130.0,1
1117,To do,9,Corrective-Low-2,Component Repair and Replacement,"1,0",Hours,8.0,"1,2,3,4","Electrician, Mecanician, Inspector Junior, Inspector Senior",,,,,"0,0",Minutes,,Corrective,Low,2,130.0,1
1118,To do,10,Corrective-Low-3,Control System Checks,"5,0",Minutes,9.0,"1,2,3,4","Electrician, Mecanician, Inspector Junior, Inspector Senior",,,,,"0,0",Minutes,,Corrective,Low,3,130.0,1
1119,To do,11,Corrective-Low-4,Testing and Validation,"5,0",Minutes,10.0,"1,2,3,4","Electrician, Mecanician, Inspector Junior, Inspector Senior",,,,,"0,0",Minutes,,Corrective,Low,4,130.0,1
1120,To do,12,Corrective-Low-5,Documentation and Reporting,"5,0",Minutes,11.0,"1,2,3,4","Electrician, Mecanician, Inspector Junior, Inspector Senior",,,,,"0,0",Minutes,,Corrective,Low,5,130.0,1
1121,To do,13,Corrective-Low-6,Post-Maintenance Adjustments,"5,0",Minutes,12.0,"1,2,3,4","Electrician, Mecanician, Inspector Junior, Inspector Senior",,,,,"0,0",Minutes,,Corrective,Low,6,130.0,1
1122,To do,14,Corrective-Low-7,System Cleanup and Safety Checks,"10,0",Minutes,13.0,"1,2,3,4","Electrician, Mecanician, Inspector Junior, Inspector Senior",,,,,"0,0",Minutes,,Corrective,Low,7,130.0,1
1123,To do,8,Corrective-Low-1,Diagnostics and Troubleshooting,"30,0",Minutes,,"1,2,3,4","Electrician, Mecanician, Inspector Junior, Inspector Senior",,,,,"0,0",Minutes,,Corrective,Low,1,131.0,1
1124,To do,9,Corrective-Low-2,Component Repair and Replacement,"1,0",Hours,8.0,"1,2,3,4","Electrician, Mecanician, Inspector Junior, Inspector Senior",,,,,"0,0",Minutes,,Corrective,Low,2,131.0,1
1125,To do,10,Corrective-Low-3,Control System Checks,"5,0",Minutes,9.0,"1,2,3,4","Electrician, Mecanician, Inspector Junior, Inspector Senior",,,,,"0,0",Minutes,,Corrective,Low,3,131.0,1
1126,To do,11,Corrective-Low-4,Testing and Validation,"5,0",Minutes,10.0,"1,2,3,4","Electrician, Mecanician, Inspector Junior, Inspector Senior",,,,,"0,0",Minutes,,Corrective,Low,4,131.0,1
1127,To do,12,Corrective-Low-5,Documentation and Reporting,"5,0",Minutes,11.0,"1,2,3,4","Electrician, Mecanician, Inspector Junior, Inspector Senior",,,,,"0,0",Minutes,,Corrective,Low,5,131.0,1
1128,To do,13,Corrective-Low-6,Post-Maintenance Adjustments,"5,0",Minutes,12.0,"1,2,3,4","Electrician, Mecanician, Inspector Junior, Inspector Senior",,,,,"0,0",Minutes,,Corrective,Low,6,131.0,1
1129,To do,14,Corrective-Low-7,System Cleanup and Safety Checks,"10,0",Minutes,13.0,"1,2,3,4","Electrician, Mecanician, Inspector Junior, Inspector Senior",,,,,"0,0",Minutes,,Corrective,Low,7,131.0,1
1130,To do,8,Corrective-Low-1,Diagnostics and Troubleshooting,"30,0",Minutes,,"1,2,3,4","Electrician, Mecanician, Inspector Junior, Inspector Senior",,,,,"0,0",Minutes,,Corrective,Low,1,132.0,1
1131,To do,9,Corrective-Low-2,Component Repair and Replacement,"1,0",Hours,8.0,"1,2,3,4","Electrician, Mecanician, Inspector Junior, Inspector Senior",,,,,"0,0",Minutes,,Corrective,Low,2,132.0,1
1132,To do,10,Corrective-Low-3,Control System Checks,"5,0",Minutes,9.0,"1,2,3,4","Electrician, Mecanician, Inspector Junior, Inspector Senior",,,,,"0,0",Minutes,,Corrective,Low,3,132.0,1
1133,To do,11,Corrective-Low-4,Testing and Validation,"5,0",Minutes,10.0,"1,2,3,4","Electrician, Mecanician, Inspector Junior, Inspector Senior",,,,,"0,0",Minutes,,Corrective,Low,4,132.0,1
1134,To do,12,Corrective-Low-5,Documentation and Reporting,"5,0",Minutes,11.0,"1,2,3,4","Electrician, Mecanician, Inspector Junior, Inspector Senior",,,,,"0,0",Minutes,,Corrective,Low,5,132.0,1
1135,To do,13,Corrective-Low-6,Post-Maintenance Adjustments,"5,0",Minutes,12.0,"1,2,3,4","Electrician, Mecanician, Inspector Junior, Inspector Senior",,,,,"0,0",Minutes,,Corrective,Low,6,132.0,1
1136,To do,14,Corrective-Low-7,System Cleanup and Safety Checks,"10,0",Minutes,13.0,"1,2,3,4","Electrician, Mecanician, Inspector Junior, Inspector Senior",,,,,"0,0",Minutes,,Corrective,Low,7,132.0,1
1137,To do,8,Corrective-Low-1,Diagnostics and Troubleshooting,"30,0",Minutes,,"1,2,3,4","Electrician, Mecanician, Inspector Junior, Inspector Senior",,,,,"0,0",Minutes,,Corrective,Low,1,133.0,1
1138,To do,9,Corrective-Low-2,Component Repair and Replacement,"1,0",Hours,8.0,"1,2,3,4","Electrician, Mecanician, Inspector Junior, Inspector Senior",,,,,"0,0",Minutes,,Corrective,Low,2,133.0,1
1139,To do,10,Corrective-Low-3,Control System Checks,"5,0",Minutes,9.0,"1,2,3,4","Electrician, Mecanician, Inspector Junior, Inspector Senior",,,,,"0,0",Minutes,,Corrective,Low,3,133.0,1
1140,To do,11,Corrective-Low-4,Testing and Validation,"5,0",Minutes,10.0,"1,2,3,4","Electrician, Mecanician, Inspector Junior, Inspector Senior",,,,,"0,0",Minutes,,Corrective,Low,4,133.0,1
1141,To do,12,Corrective-Low-5,Documentation and Reporting,"5,0",Minutes,11.0,"1,2,3,4","Electrician, Mecanician, Inspector Junior, Inspector Senior",,,,,"0,0",Minutes,,Corrective,Low,5,133.0,1
1142,To do,13,Corrective-Low-6,Post-Maintenance Adjustments,"5,0",Minutes,12.0,"1,2,3,4","Electrician, Mecanician, Inspector Junior, Inspector Senior",,,,,"0,0",Minutes,,Corrective,Low,6,133.0,1
1143,To do,14,Corrective-Low-7,System Cleanup and Safety Checks,"10,0",Minutes,13.0,"1,2,3,4","Electrician, Mecanician, Inspector Junior, Inspector Senior",,,,,"0,0",Minutes,,Corrective,Low,7,133.0,1
1144,To do,8,Corrective-Low-1,Diagnostics and Troubleshooting,"30,0",Minutes,,"1,2,3,4","Electrician, Mecanician, Inspector Junior, Inspector Senior",,,,,"0,0",Minutes,,Corrective,Low,1,134.0,1
1145,To do,9,Corrective-Low-2,Component Repair and Replacement,"1,0",Hours,8.0,"1,2,3,4","Electrician, Mecanician, Inspector Junior, Inspector Senior",,,,,"0,0",Minutes,,Corrective,Low,2,134.0,1
1146,To do,10,Corrective-Low-3,Control System Checks,"5,0",Minutes,9.0,"1,2,3,4","Electrician, Mecanician, Inspector Junior, Inspector Senior",,,,,"0,0",Minutes,,Corrective,Low,3,134.0,1
1147,To do,11,Corrective-Low-4,Testing and Validation,"5,0",Minutes,10.0,"1,2,3,4","Electrician, Mecanician, Inspector Junior, Inspector Senior",,,,,"0,0",Minutes,,Corrective,Low,4,134.0,1
1148,To do,12,Corrective-Low-5,Documentation and Reporting,"5,0",Minutes,11.0,"1,2,3,4","Electrician, Mecanician, Inspector Junior, Inspector Senior",,,,,"0,0",Minutes,,Corrective,Low,5,134.0,1
1149,To do,13,Corrective-Low-6,Post-Maintenance Adjustments,"5,0",Minutes,12.0,"1,2,3,4","Electrician, Mecanician, Inspector Junior, Inspector Senior",,,,,"0,0",Minutes,,Corrective,Low,6,134.0,1
1150,To do,14,Corrective-Low-7,System Cleanup and Safety Checks,"10,0",Minutes,13.0,"1,2,3,4","Electrician, Mecanician, Inspector Junior, Inspector Senior",,,,,"0,0",Minutes,,Corrective,Low,7,134.0,1
1151,To do,8,Corrective-Low-1,Diagnostics and Troubleshooting,"30,0",Minutes,,"1,2,3,4","Electrician, Mecanician, Inspector Junior, Inspector Senior",,,,,"0,0",Minutes,,Corrective,Low,1,135.0,1
1152,To do,9,Corrective-Low-2,Component Repair and Replacement,"1,0",Hours,8.0,"1,2,3,4","Electrician, Mecanician, Inspector Junior, Inspector Senior",,,,,"0,0",Minutes,,Corrective,Low,2,135.0,1
1153,To do,10,Corrective-Low-3,Control System Checks,"5,0",Minutes,9.0,"1,2,3,4","Electrician, Mecanician, Inspector Junior, Inspector Senior",,,,,"0,0",Minutes,,Corrective,Low,3,135.0,1
1154,To do,11,Corrective-Low-4,Testing and Validation,"5,0",Minutes,10.0,"1,2,3,4","Electrician, Mecanician, Inspector Junior, Inspector Senior",,,,,"0,0",Minutes,,Corrective,Low,4,135.0,1
1155,To do,12,Corrective-Low-5,Documentation and Reporting,"5,0",Minutes,11.0,"1,2,3,4","Electrician, Mecanician, Inspector Junior, Inspector Senior",,,,,"0,0",Minutes,,Corrective,Low,5,135.0,1
1156,To do,13,Corrective-Low-6,Post-Maintenance Adjustments,"5,0",Minutes,12.0,"1,2,3,4","Electrician, Mecanician, Inspector Junior, Inspector Senior",,,,,"0,0",Minutes,,Corrective,Low,6,135.0,1
1157,To do,14,Corrective-Low-7,System Cleanup and Safety Checks,"10,0",Minutes,13.0,"1,2,3,4","Electrician, Mecanician, Inspector Junior, Inspector Senior",,,,,"0,0",Minutes,,Corrective,Low,7,135.0,1
1160,To do,8,Corrective-Low-1,Diagnostics and Troubleshooting,"30,0",Minutes,,"1,2,3,4","Electrician, Mecanician, Inspector Junior, Inspector Senior",,,,,"0,0",Minutes,,Corrective,Low,1,136.0,1
1161,To do,9,Corrective-Low-2,Component Repair and Replacement,"1,0",Hours,8.0,"1,2,3,4","Electrician, Mecanician, Inspector Junior, Inspector Senior",,,,,"0,0",Minutes,,Corrective,Low,2,136.0,1
1162,To do,10,Corrective-Low-3,Control System Checks,"5,0",Minutes,9.0,"1,2,3,4","Electrician, Mecanician, Inspector Junior, Inspector Senior",,,,,"0,0",Minutes,,Corrective,Low,3,136.0,1
1163,To do,11,Corrective-Low-4,Testing and Validation,"5,0",Minutes,10.0,"1,2,3,4","Electrician, Mecanician, Inspector Junior, Inspector Senior",,,,,"0,0",Minutes,,Corrective,Low,4,136.0,1
1164,To do,12,Corrective-Low-5,Documentation and Reporting,"5,0",Minutes,11.0,"1,2,3,4","Electrician, Mecanician, Inspector Junior, Inspector Senior",,,,,"0,0",Minutes,,Corrective,Low,5,136.0,1
1165,To do,13,Corrective-Low-6,Post-Maintenance Adjustments,"5,0",Minutes,12.0,"1,2,3,4","Electrician, Mecanician, Inspector Junior, Inspector Senior",,,,,"0,0",Minutes,,Corrective,Low,6,136.0,1
1166,To do,14,Corrective-Low-7,System Cleanup and Safety Checks,"10,0",Minutes,13.0,"1,2,3,4","Electrician, Mecanician, Inspector Junior, Inspector Senior",,,,,"0,0",Minutes,,Corrective,Low,7,136.0,1
1167,To do,8,Corrective-Low-1,Diagnostics and Troubleshooting,"30,0",Minutes,,"1,2,3,4","Electrician, Mecanician, Inspector Junior, Inspector Senior",,,,,"0,0",Minutes,,Corrective,Low,1,137.0,1
1168,To do,9,Corrective-Low-2,Component Repair and Replacement,"1,0",Hours,8.0,"1,2,3,4","Electrician, Mecanician, Inspector Junior, Inspector Senior",,,,,"0,0",Minutes,,Corrective,Low,2,137.0,1
1169,To do,10,Corrective-Low-3,Control System Checks,"5,0",Minutes,9.0,"1,2,3,4","Electrician, Mecanician, Inspector Junior, Inspector Senior",,,,,"0,0",Minutes,,Corrective,Low,3,137.0,1
1170,To do,11,Corrective-Low-4,Testing and Validation,"5,0",Minutes,10.0,"1,2,3,4","Electrician, Mecanician, Inspector Junior, Inspector Senior",,,,,"0,0",Minutes,,Corrective,Low,4,137.0,1
1171,To do,12,Corrective-Low-5,Documentation and Reporting,"5,0",Minutes,11.0,"1,2,3,4","Electrician, Mecanician, Inspector Junior, Inspector Senior",,,,,"0,0",Minutes,,Corrective,Low,5,137.0,1
1172,To do,13,Corrective-Low-6,Post-Maintenance Adjustments,"5,0",Minutes,12.0,"1,2,3,4","Electrician, Mecanician, Inspector Junior, Inspector Senior",,,,,"0,0",Minutes,,Corrective,Low,6,137.0,1
1173,To do,14,Corrective-Low-7,System Cleanup and Safety Checks,"10,0",Minutes,13.0,"1,2,3,4","Electrician, Mecanician, Inspector Junior, Inspector Senior",,,,,"0,0",Minutes,,Corrective,Low,7,137.0,1
1174,To do,8,Corrective-Low-1,Diagnostics and Troubleshooting,"30,0",Minutes,,"1,2,3,4","Electrician, Mecanician, Inspector Junior, Inspector Senior",,,,,"0,0",Minutes,,Corrective,Low,1,138.0,1
1175,To do,9,Corrective-Low-2,Component Repair and Replacement,"1,0",Hours,8.0,"1,2,3,4","Electrician, Mecanician, Inspector Junior, Inspector Senior",,,,,"0,0",Minutes,,Corrective,Low,2,138.0,1
1176,To do,10,Corrective-Low-3,Control System Checks,"5,0",Minutes,9.0,"1,2,3,4","Electrician, Mecanician, Inspector Junior, Inspector Senior",,,,,"0,0",Minutes,,Corrective,Low,3,138.0,1
1177,To do,11,Corrective-Low-4,Testing and Validation,"5,0",Minutes,10.0,"1,2,3,4","Electrician, Mecanician, Inspector Junior, Inspector Senior",,,,,"0,0",Minutes,,Corrective,Low,4,138.0,1
1178,To do,12,Corrective-Low-5,Documentation and Reporting,"5,0",Minutes,11.0,"1,2,3,4","Electrician, Mecanician, Inspector Junior, Inspector Senior",,,,,"0,0",Minutes,,Corrective,Low,5,138.0,1
1179,To do,13,Corrective-Low-6,Post-Maintenance Adjustments,"5,0",Minutes,12.0,"1,2,3,4","Electrician, Mecanician, Inspector Junior, Inspector Senior",,,,,"0,0",Minutes,,Corrective,Low,6,138.0,1
1180,To do,14,Corrective-Low-7,System Cleanup and Safety Checks,"10,0",Minutes,13.0,"1,2,3,4","Electrician, Mecanician, Inspector Junior, Inspector Senior",,,,,"0,0",Minutes,,Corrective,Low,7,138.0,1
1181,To do,8,Corrective-Low-1,Diagnostics and Troubleshooting,"30,0",Minutes,,"1,2,3,4","Electrician, Mecanician, Inspector Junior, Inspector Senior",,,,,"0,0",Minutes,,Corrective,Low,1,139.0,1
1182,To do,9,Corrective-Low-2,Component Repair and Replacement,"1,0",Hours,8.0,"1,2,3,4","Electrician, Mecanician, Inspector Junior, Inspector Senior",,,,,"0,0",Minutes,,Corrective,Low,2,139.0,1
1183,To do,10,Corrective-Low-3,Control System Checks,"5,0",Minutes,9.0,"1,2,3,4","Electrician, Mecanician, Inspector Junior, Inspector Senior",,,,,"0,0",Minutes,,Corrective,Low,3,139.0,1
1184,To do,11,Corrective-Low-4,Testing and Validation,"5,0",Minutes,10.0,"1,2,3,4","Electrician, Mecanician, Inspector Junior, Inspector Senior",,,,,"0,0",Minutes,,Corrective,Low,4,139.0,1
1185,To do,12,Corrective-Low-5,Documentation and Reporting,"5,0",Minutes,11.0,"1,2,3,4","Electrician, Mecanician, Inspector Junior, Inspector Senior",,,,,"0,0",Minutes,,Corrective,Low,5,139.0,1
1186,To do,13,Corrective-Low-6,Post-Maintenance Adjustments,"5,0",Minutes,12.0,"1,2,3,4","Electrician, Mecanician, Inspector Junior, Inspector Senior",,,,,"0,0",Minutes,,Corrective,Low,6,139.0,1
1187,To do,14,Corrective-Low-7,System Cleanup and Safety Checks,"10,0",Minutes,13.0,"1,2,3,4","Electrician, Mecanician, Inspector Junior, Inspector Senior",,,,,"0,0",Minutes,,Corrective,Low,7,139.0,1
1188,To do,8,Corrective-Low-1,Diagnostics and Troubleshooting,"30,0",Minutes,,"1,2,3,4","Electrician, Mecanician, Inspector Junior, Inspector Senior",,,,,"0,0",Minutes,,Corrective,Low,1,140.0,1
1189,To do,9,Corrective-Low-2,Component Repair and Replacement,"1,0",Hours,8.0,"1,2,3,4","Electrician, Mecanician, Inspector Junior, Inspector Senior",,,,,"0,0",Minutes,,Corrective,Low,2,140.0,1
1190,To do,10,Corrective-Low-3,Control System Checks,"5,0",Minutes,9.0,"1,2,3,4","Electrician, Mecanician, Inspector Junior, Inspector Senior",,,,,"0,0",Minutes,,Corrective,Low,3,140.0,1
1191,To do,11,Corrective-Low-4,Testing and Validation,"5,0",Minutes,10.0,"1,2,3,4","Electrician, Mecanician, Inspector Junior, Inspector Senior",,,,,"0,0",Minutes,,Corrective,Low,4,140.0,1
1192,To do,12,Corrective-Low-5,Documentation and Reporting,"5,0",Minutes,11.0,"1,2,3,4","Electrician, Mecanician, Inspector Junior, Inspector Senior",,,,,"0,0",Minutes,,Corrective,Low,5,140.0,1
1193,To do,13,Corrective-Low-6,Post-Maintenance Adjustments,"5,0",Minutes,12.0,"1,2,3,4","Electrician, Mecanician, Inspector Junior, Inspector Senior",,,,,"0,0",Minutes,,Corrective,Low,6,140.0,1
1194,To do,14,Corrective-Low-7,System Cleanup and Safety Checks,"10,0",Minutes,13.0,"1,2,3,4","Electrician, Mecanician, Inspector Junior, Inspector Senior",,,,,"0,0",Minutes,,Corrective,Low,7,140.0,1
1195,To do,8,Corrective-Low-1,Diagnostics and Troubleshooting,"30,0",Minutes,,"1,2,3,4","Electrician, Mecanician, Inspector Junior, Inspector Senior",,,,,"0,0",Minutes,,Corrective,Low,1,141.0,1
1196,To do,9,Corrective-Low-2,Component Repair and Replacement,"1,0",Hours,8.0,"1,2,3,4","Electrician, Mecanician, Inspector Junior, Inspector Senior",,,,,"0,0",Minutes,,Corrective,Low,2,141.0,1
1197,To do,10,Corrective-Low-3,Control System Checks,"5,0",Minutes,9.0,"1,2,3,4","Electrician, Mecanician, Inspector Junior, Inspector Senior",,,,,"0,0",Minutes,,Corrective,Low,3,141.0,1
1198,To do,11,Corrective-Low-4,Testing and Validation,"5,0",Minutes,10.0,"1,2,3,4","Electrician, Mecanician, Inspector Junior, Inspector Senior",,,,,"0,0",Minutes,,Corrective,Low,4,141.0,1
1199,To do,12,Corrective-Low-5,Documentation and Reporting,"5,0",Minutes,11.0,"1,2,3,4","Electrician, Mecanician, Inspector Junior, Inspector Senior",,,,,"0,0",Minutes,,Corrective,Low,5,141.0,1
1200,To do,13,Corrective-Low-6,Post-Maintenance Adjustments,"5,0",Minutes,12.0,"1,2,3,4","Electrician, Mecanician, Inspector Junior, Inspector Senior",,,,,"0,0",Minutes,,Corrective,Low,6,141.0,1
1201,To do,14,Corrective-Low-7,System Cleanup and Safety Checks,"10,0",Minutes,13.0,"1,2,3,4","Electrician, Mecanician, Inspector Junior, Inspector Senior",,,,,"0,0",Minutes,,Corrective,Low,7,141.0,1
1257,To do,15,Preventive-monthly-1,Safety Systems Check,"30,0",Minutes,,"3,4","Inspector Junior, Inspector Senior",4/11/2024,8/11/2024,,,"0,0",Minutes,,Preventive,monthly,1,143.0,2
1258,To do,16,Preventive-monthly-2,Structural and Mechanical Inspection,"30,0",Minutes,15.0,"3,4","Inspector Junior, Inspector Senior",4/11/2024,8/11/2024,,,"0,0",Minutes,,Preventive,monthly,2,143.0,2
1259,To do,17,Preventive-monthly-3,Electrical and Control Systems Examination,"30,0",Minutes,16.0,"3,4","Inspector Junior, Inspector Senior",4/11/2024,8/11/2024,,,"0,0",Minutes,,Preventive,monthly,3,143.0,2
1260,To do,18,Preventive-monthly-4,Performance and Load Testing,"50,0",Minutes,17.0,"3,4","Inspector Junior, Inspector Senior",4/11/2024,8/11/2024,,,"0,0",Minutes,,Preventive,monthly,4,143.0,2
1261,To do,19,Preventive-monthly-5,Documentation and Compliance Verification,"10,0",Minutes,18.0,"3,4","Inspector Junior, Inspector Senior",4/11/2024,8/11/2024,,,"0,0",Minutes,,Preventive,monthly,5,143.0,2
1252,To do,15,Preventive-monthly-1,Safety Systems Check,"30,0",Minutes,,"3,4","Inspector Junior, Inspector Senior",4/11/2024,8/11/2024,,,"0,0",Minutes,,Preventive,monthly,1,144.0,2
1253,To do,16,Preventive-monthly-2,Structural and Mechanical Inspection,"30,0",Minutes,15.0,"3,4","Inspector Junior, Inspector Senior",4/11/2024,8/11/2024,,,"0,0",Minutes,,Preventive,monthly,2,144.0,2
1254,To do,17,Preventive-monthly-3,Electrical and Control Systems Examination,"30,0",Minutes,16.0,"3,4","Inspector Junior, Inspector Senior",4/11/2024,8/11/2024,,,"0,0",Minutes,,Preventive,monthly,3,144.0,2
1255,To do,18,Preventive-monthly-4,Performance and Load Testing,"50,0",Minutes,17.0,"3,4","Inspector Junior, Inspector Senior",4/11/2024,8/11/2024,,,"0,0",Minutes,,Preventive,monthly,4,144.0,2
1256,To do,19,Preventive-monthly-5,Documentation and Compliance Verification,"10,0",Minutes,18.0,"3,4","Inspector Junior, Inspector Senior",4/11/2024,8/11/2024,,,"0,0",Minutes,,Preventive,monthly,5,144.0,2
1247,To do,15,Preventive-monthly-1,Safety Systems Check,"30,0",Minutes,,"3,4","Inspector Junior, Inspector Senior",11/11/2024,15/11/2024,,,"0,0",Minutes,,Preventive,monthly,1,145.0,2
1248,To do,16,Preventive-monthly-2,Structural and Mechanical Inspection,"30,0",Minutes,15.0,"3,4","Inspector Junior, Inspector Senior",11/11/2024,15/11/2024,,,"0,0",Minutes,,Preventive,monthly,2,145.0,2
1249,To do,17,Preventive-monthly-3,Electrical and Control Systems Examination,"30,0",Minutes,16.0,"3,4","Inspector Junior, Inspector Senior",11/11/2024,15/11/2024,,,"0,0",Minutes,,Preventive,monthly,3,145.0,2
1250,To do,18,Preventive-monthly-4,Performance and Load Testing,"50,0",Minutes,17.0,"3,4","Inspector Junior, Inspector Senior",11/11/2024,15/11/2024,,,"0,0",Minutes,,Preventive,monthly,4,145.0,2
1251,To do,19,Preventive-monthly-5,Documentation and Compliance Verification,"10,0",Minutes,18.0,"3,4","Inspector Junior, Inspector Senior",11/11/2024,15/11/2024,,,"0,0",Minutes,,Preventive,monthly,5,145.0,2
1242,To do,15,Preventive-monthly-1,Safety Systems Check,"30,0",Minutes,,"3,4","Inspector Junior, Inspector Senior",4/11/2024,8/11/2024,,,"0,0",Minutes,,Preventive,monthly,1,146.0,2
1243,To do,16,Preventive-monthly-2,Structural and Mechanical Inspection,"30,0",Minutes,15.0,"3,4","Inspector Junior, Inspector Senior",4/11/2024,8/11/2024,,,"0,0",Minutes,,Preventive,monthly,2,146.0,2
1244,To do,17,Preventive-monthly-3,Electrical and Control Systems Examination,"30,0",Minutes,16.0,"3,4","Inspector Junior, Inspector Senior",4/11/2024,8/11/2024,,,"0,0",Minutes,,Preventive,monthly,3,146.0,2
1245,To do,18,Preventive-monthly-4,Performance and Load Testing,"50,0",Minutes,17.0,"3,4","Inspector Junior, Inspector Senior",4/11/2024,8/11/2024,,,"0,0",Minutes,,Preventive,monthly,4,146.0,2
1246,To do,19,Preventive-monthly-5,Documentation and Compliance Verification,"10,0",Minutes,18.0,"3,4","Inspector Junior, Inspector Senior",4/11/2024,8/11/2024,,,"0,0",Minutes,,Preventive,monthly,5,146.0,2
1237,To do,15,Preventive-monthly-1,Safety Systems Check,"30,0",Minutes,,"3,4","Inspector Junior, Inspector Senior",4/11/2024,8/11/2024,,,"0,0",Minutes,,Preventive,monthly,1,,2
1238,To do,16,Preventive-monthly-2,Structural and Mechanical Inspection,"30,0",Minutes,15.0,"3,4","Inspector Junior, Inspector Senior",4/11/2024,8/11/2024,,,"0,0",Minutes,,Preventive,monthly,2,,2
1239,To do,17,Preventive-monthly-3,Electrical and Control Systems Examination,"30,0",Minutes,16.0,"3,4","Inspector Junior, Inspector Senior",4/11/2024,8/11/2024,,,"0,0",Minutes,,Preventive,monthly,3,,2
1240,To do,18,Preventive-monthly-4,Performance and Load Testing,"50,0",Minutes,17.0,"3,4","Inspector Junior, Inspector Senior",4/11/2024,8/11/2024,,,"0,0",Minutes,,Preventive,monthly,4,,2
1241,To do,19,Preventive-monthly-5,Documentation and Compliance Verification,"10,0",Minutes,18.0,"3,4","Inspector Junior, Inspector Senior",4/11/2024,8/11/2024,,,"0,0",Minutes,,Preventive,monthly,5,,2
1232,To do,15,Preventive-monthly-1,Safety Systems Check,"30,0",Minutes,,"3,4","Inspector Junior, Inspector Senior",4/11/2024,8/11/2024,,,"0,0",Minutes,,Preventive,monthly,1,,2
1233,To do,16,Preventive-monthly-2,Structural and Mechanical Inspection,"30,0",Minutes,15.0,"3,4","Inspector Junior, Inspector Senior",4/11/2024,8/11/2024,,,"0,0",Minutes,,Preventive,monthly,2,,2
1234,To do,17,Preventive-monthly-3,Electrical and Control Systems Examination,"30,0",Minutes,16.0,"3,4","Inspector Junior, Inspector Senior",4/11/2024,8/11/2024,,,"0,0",Minutes,,Preventive,monthly,3,,2
1235,To do,18,Preventive-monthly-4,Performance and Load Testing,"50,0",Minutes,17.0,"3,4","Inspector Junior, Inspector Senior",4/11/2024,8/11/2024,,,"0,0",Minutes,,Preventive,monthly,4,,2
1236,To do,19,Preventive-monthly-5,Documentation and Compliance Verification,"10,0",Minutes,18.0,"3,4","Inspector Junior, Inspector Senior",4/11/2024,8/11/2024,,,"0,0",Minutes,,Preventive,monthly,5,,2
1227,To do,15,Preventive-monthly-1,Safety Systems Check,"30,0",Minutes,,"3,4","Inspector Junior, Inspector Senior",11/11/2024,15/11/2024,,,"0,0",Minutes,,Preventive,monthly,1,,2
1228,To do,16,Preventive-monthly-2,Structural and Mechanical Inspection,"30,0",Minutes,15.0,"3,4","Inspector Junior, Inspector Senior",11/11/2024,15/11/2024,,,"0,0",Minutes,,Preventive,monthly,2,,2
1229,To do,17,Preventive-monthly-3,Electrical and Control Systems Examination,"30,0",Minutes,16.0,"3,4","Inspector Junior, Inspector Senior",11/11/2024,15/11/2024,,,"0,0",Minutes,,Preventive,monthly,3,,2
1230,To do,18,Preventive-monthly-4,Performance and Load Testing,"50,0",Minutes,17.0,"3,4","Inspector Junior, Inspector Senior",11/11/2024,15/11/2024,,,"0,0",Minutes,,Preventive,monthly,4,,2
1231,To do,19,Preventive-monthly-5,Documentation and Compliance Verification,"10,0",Minutes,18.0,"3,4","Inspector Junior, Inspector Senior",11/11/2024,15/11/2024,,,"0,0",Minutes,,Preventive,monthly,5,,2
1222,To do,15,Preventive-monthly-1,Safety Systems Check,"30,0",Minutes,,"3,4","Inspector Junior, Inspector Senior",4/11/2024,8/11/2024,,,"0,0",Minutes,,Preventive,monthly,1,,2
1223,To do,16,Preventive-monthly-2,Structural and Mechanical Inspection,"30,0",Minutes,15.0,"3,4","Inspector Junior, Inspector Senior",4/11/2024,8/11/2024,,,"0,0",Minutes,,Preventive,monthly,2,,2
1224,To do,17,Preventive-monthly-3,Electrical and Control Systems Examination,"30,0",Minutes,16.0,"3,4","Inspector Junior, Inspector Senior",4/11/2024,8/11/2024,,,"0,0",Minutes,,Preventive,monthly,3,,2
1225,To do,18,Preventive-monthly-4,Performance and Load Testing,"50,0",Minutes,17.0,"3,4","Inspector Junior, Inspector Senior",4/11/2024,8/11/2024,,,"0,0",Minutes,,Preventive,monthly,4,,2
1226,To do,19,Preventive-monthly-5,Documentation and Compliance Verification,"10,0",Minutes,18.0,"3,4","Inspector Junior, Inspector Senior",4/11/2024,8/11/2024,,,"0,0",Minutes,,Preventive,monthly,5,,2
1217,To do,15,Preventive-monthly-1,Safety Systems Check,"30,0",Minutes,,"3,4","Inspector Junior, Inspector Senior",4/11/2024,8/11/2024,,,"0,0",Minutes,,Preventive,monthly,1,,2
1218,To do,16,Preventive-monthly-2,Structural and Mechanical Inspection,"30,0",Minutes,15.0,"3,4","Inspector Junior, Inspector Senior",4/11/2024,8/11/2024,,,"0,0",Minutes,,Preventive,monthly,2,,2
1219,To do,17,Preventive-monthly-3,Electrical and Control Systems Examination,"30,0",Minutes,16.0,"3,4","Inspector Junior, Inspector Senior",4/11/2024,8/11/2024,,,"0,0",Minutes,,Preventive,monthly,3,,2
1220,To do,18,Preventive-monthly-4,Performance and Load Testing,"50,0",Minutes,17.0,"3,4","Inspector Junior, Inspector Senior",4/11/2024,8/11/2024,,,"0,0",Minutes,,Preventive,monthly,4,,2
1221,To do,19,Preventive-monthly-5,Documentation and Compliance Verification,"10,0",Minutes,18.0,"3,4","Inspector Junior, Inspector Senior",4/11/2024,8/11/2024,,,"0,0",Minutes,,Preventive,monthly,5,,2
1212,To do,15,Preventive-monthly-1,Safety Systems Check,"30,0",Minutes,,"3,4","Inspector Junior, Inspector Senior",11/11/2024,15/11/2024,,,"0,0",Minutes,,Preventive,monthly,1,,2
1213,To do,16,Preventive-monthly-2,Structural and Mechanical Inspection,"30,0",Minutes,15.0,"3,4","Inspector Junior, Inspector Senior",11/11/2024,15/11/2024,,,"0,0",Minutes,,Preventive,monthly,2,,2
1214,To do,17,Preventive-monthly-3,Electrical and Control Systems Examination,"30,0",Minutes,16.0,"3,4","Inspector Junior, Inspector Senior",11/11/2024,15/11/2024,,,"0,0",Minutes,,Preventive,monthly,3,,2
1215,To do,18,Preventive-monthly-4,Performance and Load Testing,"50,0",Minutes,17.0,"3,4","Inspector Junior, Inspector Senior",11/11/2024,15/11/2024,,,"0,0",Minutes,,Preventive,monthly,4,,2
1216,To do,19,Preventive-monthly-5,Documentation and Compliance Verification,"10,0",Minutes,18.0,"3,4","Inspector Junior, Inspector Senior",11/11/2024,15/11/2024,,,"0,0",Minutes,,Preventive,monthly,5,,2
1207,To do,15,Preventive-monthly-1,Safety Systems Check,"30,0",Minutes,,"3,4","Inspector Junior, Inspector Senior",4/11/2024,8/11/2024,,,"0,0",Minutes,,Preventive,monthly,1,,2
1208,To do,16,Preventive-monthly-2,Structural and Mechanical Inspection,"30,0",Minutes,15.0,"3,4","Inspector Junior, Inspector Senior",4/11/2024,8/11/2024,,,"0,0",Minutes,,Preventive,monthly,2,,2
1209,To do,17,Preventive-monthly-3,Electrical and Control Systems Examination,"30,0",Minutes,16.0,"3,4","Inspector Junior, Inspector Senior",4/11/2024,8/11/2024,,,"0,0",Minutes,,Preventive,monthly,3,,2
1210,To do,18,Preventive-monthly-4,Performance and Load Testing,"50,0",Minutes,17.0,"3,4","Inspector Junior, Inspector Senior",4/11/2024,8/11/2024,,,"0,0",Minutes,,Preventive,monthly,4,,2
1211,To do,19,Preventive-monthly-5,Documentation and Compliance Verification,"10,0",Minutes,18.0,"3,4","Inspector Junior, Inspector Senior",4/11/2024,8/11/2024,,,"0,0",Minutes,,Preventive,monthly,5,,2
1202,To do,15,Preventive-monthly-1,Safety Systems Check,"30,0",Minutes,,"3,4","Inspector Junior, Inspector Senior",4/11/2024,8/11/2024,,,"0,0",Minutes,,Preventive,monthly,1,,2
1203,To do,16,Preventive-monthly-2,Structural and Mechanical Inspection,"30,0",Minutes,15.0,"3,4","Inspector Junior, Inspector Senior",4/11/2024,8/11/2024,,,"0,0",Minutes,,Preventive,monthly,2,,2
1204,To do,17,Preventive-monthly-3,Electrical and Control Systems Examination,"30,0",Minutes,16.0,"3,4","Inspector Junior, Inspector Senior",4/11/2024,8/11/2024,,,"0,0",Minutes,,Preventive,monthly,3,,2
1205,To do,18,Preventive-monthly-4,Performance and Load Testing,"50,0",Minutes,17.0,"3,4","Inspector Junior, Inspector Senior",4/11/2024,8/11/2024,,,"0,0",Minutes,,Preventive,monthly,4,,2
1206,To do,19,Preventive-monthly-5,Documentation and Compliance Verification,"10,0",Minutes,18.0,"3,4","Inspector Junior, Inspector Senior",4/11/2024,8/11/2024,,,"0,0",Minutes,,Preventive,monthly,5,,2
1264,To do,23,Corrective-Meca-1,Lubrication of Moving Parts,"1,0",Hours,,2,Mecanician,,,,,"0,0",Minutes,,Corrective,Meca,1,,4
1265,To do,24,Corrective-Meca-2,Inspection and Adjustment of Suspension Cables,"30,0",Minutes,23.0,2,Mecanician,,,,,"0,0",Minutes,,Corrective,Meca,2,,4
1266,To do,25,Corrective-Meca-3,Alignment and Adjustment of Door Mechanisms,"30,0",Minutes,24.0,2,Mecanician,,,,,"0,0",Minutes,,Corrective,Meca,3,,4
1267,To do,23,Corrective-Meca-1,Lubrication of Moving Parts,"1,0",Hours,,2,Mecanician,,,,,"0,0",Minutes,,Corrective,Meca,1,,4
1268,To do,24,Corrective-Meca-2,Inspection and Adjustment of Suspension Cables,"30,0",Minutes,23.0,2,Mecanician,,,,,"0,0",Minutes,,Corrective,Meca,2,,4
1269,To do,25,Corrective-Meca-3,Alignment and Adjustment of Door Mechanisms,"30,0",Minutes,24.0,2,Mecanician,,,,,"0,0",Minutes,,Corrective,Meca,3,,4
1270,To do,23,Corrective-Meca-1,Lubrication of Moving Parts,"1,0",Hours,,2,Mecanician,,,,,"0,0",Minutes,,Corrective,Meca,1,,4
1271,To do,24,Corrective-Meca-2,Inspection and Adjustment of Suspension Cables,"30,0",Minutes,23.0,2,Mecanician,,,,,"0,0",Minutes,,Corrective,Meca,2,,4
1272,To do,25,Corrective-Meca-3,Alignment and Adjustment of Door Mechanisms,"30,0",Minutes,24.0,2,Mecanician,,,,,"0,0",Minutes,,Corrective,Meca,3,,4
1273,To do,23,Corrective-Meca-1,Lubrication of Moving Parts,"1,0",Hours,,2,Mecanician,,,,,"0,0",Minutes,,Corrective,Meca,1,,4
1274,To do,24,Corrective-Meca-2,Inspection and Adjustment of Suspension Cables,"30,0",Minutes,23.0,2,Mecanician,,,,,"0,0",Minutes,,Corrective,Meca,2,,4
1275,To do,25,Corrective-Meca-3,Alignment and Adjustment of Door Mechanisms,"30,0",Minutes,24.0,2,Mecanician,,,,,"0,0",Minutes,,Corrective,Meca,3,,4
1276,To do,23,Corrective-Meca-1,Lubrication of Moving Parts,"1,0",Hours,,2,Mecanician,,,,,"0,0",Minutes,,Corrective,Meca,1,,4
1277,To do,24,Corrective-Meca-2,Inspection and Adjustment of Suspension Cables,"30,0",Minutes,23.0,2,Mecanician,,,,,"0,0",Minutes,,Corrective,Meca,2,,4
1278,To do,25,Corrective-Meca-3,Alignment and Adjustment of Door Mechanisms,"30,0",Minutes,24.0,2,Mecanician,,,,,"0,0",Minutes,,Corrective,Meca,3,,4
1279,To do,23,Corrective-Meca-1,Lubrication of Moving Parts,"1,0",Hours,,2,Mecanician,,,,,"0,0",Minutes,,Corrective,Meca,1,,4
1280,To do,24,Corrective-Meca-2,Inspection and Adjustment of Suspension Cables,"30,0",Minutes,23.0,2,Mecanician,,,,,"0,0",Minutes,,Corrective,Meca,2,,4
1281,To do,25,Corrective-Meca-3,Alignment and Adjustment of Door Mechanisms,"30,0",Minutes,24.0,2,Mecanician,,,,,"0,0",Minutes,,Corrective,Meca,3,,4
1282,To do,23,Corrective-Meca-1,Lubrication of Moving Parts,"1,0",Hours,,2,Mecanician,,,,,"0,0",Minutes,,Corrective,Meca,1,,4
1283,To do,24,Corrective-Meca-2,Inspection and Adjustment of Suspension Cables,"30,0",Minutes,23.0,2,Mecanician,,,,,"0,0",Minutes,,Corrective,Meca,2,,4
1284,To do,25,Corrective-Meca-3,Alignment and Adjustment of Door Mechanisms,"30,0",Minutes,24.0,2,Mecanician,,,,,"0,0",Minutes,,Corrective,Meca,3,,4
1285,To do,23,Corrective-Meca-1,Lubrication of Moving Parts,"1,0",Hours,,2,Mecanician,,,,,"0,0",Minutes,,Corrective,Meca,1,,4
1286,To do,24,Corrective-Meca-2,Inspection and Adjustment of Suspension Cables,"30,0",Minutes,23.0,2,Mecanician,,,,,"0,0",Minutes,,Corrective,Meca,2,,4
1287,To do,25,Corrective-Meca-3,Alignment and Adjustment of Door Mechanisms,"30,0",Minutes,24.0,2,Mecanician,,,,,"0,0",Minutes,,Corrective,Meca,3,,4
1288,To do,23,Corrective-Meca-1,Lubrication of Moving Parts,"1,0",Hours,,2,Mecanician,,,,,"0,0",Minutes,,Corrective,Meca,1,,4
1289,To do,24,Corrective-Meca-2,Inspection and Adjustment of Suspension Cables,"30,0",Minutes,23.0,2,Mecanician,,,,,"0,0",Minutes,,Corrective,Meca,2,,4
1290,To do,25,Corrective-Meca-3,Alignment and Adjustment of Door Mechanisms,"30,0",Minutes,24.0,2,Mecanician,,,,,"0,0",Minutes,,Corrective,Meca,3,,4
1291,To do,23,Corrective-Meca-1,Lubrication of Moving Parts,"1,0",Hours,,2,Mecanician,,,,,"0,0",Minutes,,Corrective,Meca,1,,4
1292,To do,24,Corrective-Meca-2,Inspection and Adjustment of Suspension Cables,"30,0",Minutes,23.0,2,Mecanician,,,,,"0,0",Minutes,,Corrective,Meca,2,,4
1293,To do,25,Corrective-Meca-3,Alignment and Adjustment of Door Mechanisms,"30,0",Minutes,24.0,2,Mecanician,,,,,"0,0",Minutes,,Corrective,Meca,3,,4
1294,To do,23,Corrective-Meca-1,Lubrication of Moving Parts,"1,0",Hours,,2,Mecanician,,,,,"0,0",Minutes,,Corrective,Meca,1,,4
1295,To do,24,Corrective-Meca-2,Inspection and Adjustment of Suspension Cables,"30,0",Minutes,23.0,2,Mecanician,,,,,"0,0",Minutes,,Corrective,Meca,2,,4
1296,To do,25,Corrective-Meca-3,Alignment and Adjustment of Door Mechanisms,"30,0",Minutes,24.0,2,Mecanician,,,,,"0,0",Minutes,,Corrective,Meca,3,,4
1297,To do,23,Corrective-Meca-1,Lubrication of Moving Parts,"1,0",Hours,,2,Mecanician,,,,,"0,0",Minutes,,Corrective,Meca,1,,4
1298,To do,24,Corrective-Meca-2,Inspection and Adjustment of Suspension Cables,"30,0",Minutes,23.0,2,Mecanician,,,,,"0,0",Minutes,,Corrective,Meca,2,,4
1299,To do,25,Corrective-Meca-3,Alignment and Adjustment of Door Mechanisms,"30,0",Minutes,24.0,2,Mecanician,,,,,"0,0",Minutes,,Corrective,Meca,3,,4
1300,To do,23,Corrective-Meca-1,Lubrication of Moving Parts,"1,0",Hours,,2,Mecanician,,,,,"0,0",Minutes,,Corrective,Meca,1,,4
1301,To do,24,Corrective-Meca-2,Inspection and Adjustment of Suspension Cables,"30,0",Minutes,23.0,2,Mecanician,,,,,"0,0",Minutes,,Corrective,Meca,2,,4
1302,To do,25,Corrective-Meca-3,Alignment and Adjustment of Door Mechanisms,"30,0",Minutes,24.0,2,Mecanician,,,,,"0,0",Minutes,,Corrective,Meca,3,,4
1306,To do,26,Corrective-Elec-1,Inspection and Testing of Control Panels,"45,0",Minutes,,1,Electrician,,,,,"0,0",Minutes,,Corrective,Elec,1,,3
1307,To do,27,Corrective-Elec-2,Checking and Testing of Safety Circuits,"45,0",Minutes,26.0,1,Electrician,,,,,"0,0",Minutes,,Corrective,Elec,2,,3
1309,To do,26,Corrective-Elec-1,Inspection and Testing of Control Panels,"45,0",Minutes,,1,Electrician,,,,,"0,0",Minutes,,Corrective,Elec,1,,3
1310,To do,27,Corrective-Elec-2,Checking and Testing of Safety Circuits,"45,0",Minutes,26.0,1,Electrician,,,,,"0,0",Minutes,,Corrective,Elec,2,,3
1335,To do,26,Corrective-Elec-1,Inspection and Testing of Control Panels,"45,0",Minutes,,1,Electrician,,,,,"0,0",Minutes,,Corrective,Elec,1,,3
1336,To do,27,Corrective-Elec-2,Checking and Testing of Safety Circuits,"45,0",Minutes,26.0,1,Electrician,,,,,"0,0",Minutes,,Corrective,Elec,2,,3
1333,To do,26,Corrective-Elec-1,Inspection and Testing of Control Panels,"45,0",Minutes,,1,Electrician,,,,,"0,0",Minutes,,Corrective,Elec,1,,3
1334,To do,27,Corrective-Elec-2,Checking and Testing of Safety Circuits,"45,0",Minutes,26.0,1,Electrician,,,,,"0,0",Minutes,,Corrective,Elec,2,,3
1331,To do,26,Corrective-Elec-1,Inspection and Testing of Control Panels,"45,0",Minutes,,1,Electrician,,,,,"0,0",Minutes,,Corrective,Elec,1,,3
1332,To do,27,Corrective-Elec-2,Checking and Testing of Safety Circuits,"45,0",Minutes,26.0,1,Electrician,,,,,"0,0",Minutes,,Corrective,Elec,2,,3
1329,To do,26,Corrective-Elec-1,Inspection and Testing of Control Panels,"45,0",Minutes,,1,Electrician,,,,,"0,0",Minutes,,Corrective,Elec,1,,3
1330,To do,27,Corrective-Elec-2,Checking and Testing of Safety Circuits,"45,0",Minutes,26.0,1,Electrician,,,,,"0,0",Minutes,,Corrective,Elec,2,,3
1327,To do,26,Corrective-Elec-1,Inspection and Testing of Control Panels,"45,0",Minutes,,1,Electrician,,,,,"0,0",Minutes,,Corrective,Elec,1,,3
1328,To do,27,Corrective-Elec-2,Checking and Testing of Safety Circuits,"45,0",Minutes,26.0,1,Electrician,,,,,"0,0",Minutes,,Corrective,Elec,2,,3
1325,To do,26,Corrective-Elec-1,Inspection and Testing of Control Panels,"45,0",Minutes,,1,Electrician,,,,,"0,0",Minutes,,Corrective,Elec,1,,3
1326,To do,27,Corrective-Elec-2,Checking and Testing of Safety Circuits,"45,0",Minutes,26.0,1,Electrician,,,,,"0,0",Minutes,,Corrective,Elec,2,,3
1323,To do,26,Corrective-Elec-1,Inspection and Testing of Control Panels,"45,0",Minutes,,1,Electrician,,,,,"0,0",Minutes,,Corrective,Elec,1,,3
1324,To do,27,Corrective-Elec-2,Checking and Testing of Safety Circuits,"45,0",Minutes,26.0,1,Electrician,,,,,"0,0",Minutes,,Corrective,Elec,2,,3
1321,To do,26,Corrective-Elec-1,Inspection and Testing of Control Panels,"45,0",Minutes,,1,Electrician,,,,,"0,0",Minutes,,Corrective,Elec,1,,3
1322,To do,27,Corrective-Elec-2,Checking and Testing of Safety Circuits,"45,0",Minutes,26.0,1,Electrician,,,,,"0,0",Minutes,,Corrective,Elec,2,,3
1319,To do,26,Corrective-Elec-1,Inspection and Testing of Control Panels,"45,0",Minutes,,1,Electrician,,,,,"0,0",Minutes,,Corrective,Elec,1,,3
1320,To do,27,Corrective-Elec-2,Checking and Testing of Safety Circuits,"45,0",Minutes,26.0,1,Electrician,,,,,"0,0",Minutes,,Corrective,Elec,2,,3
1317,To do,26,Corrective-Elec-1,Inspection and Testing of Control Panels,"45,0",Minutes,,1,Electrician,,,,,"0,0",Minutes,,Corrective,Elec,1,,3
1318,To do,27,Corrective-Elec-2,Checking and Testing of Safety Circuits,"45,0",Minutes,26.0,1,Electrician,,,,,"0,0",Minutes,,Corrective,Elec,2,,3
