Work Order Operation Nr,Work Order ID,Work Order id (auto),Status,Operation id,Operation key,Operation Description,Duration,Duration unit,Predescesor Operation key,Required Skill,Required skill description,Order basic start date,Order basic end date,Operation scheduled start,Operation scheduled end,Confirmed work,Confirmed work unit,Asset Work center,Assigned technician(s),Technician First Name (from Assigned technician(s))
132,1,,To do,15,Preventive-monthly-1,Safety Systems Check,"30,0",Minutes,,"3,4","Inspector Junior, Inspector Senior",4/11/2024,8/11/2024,,,"0,0",Minutes,Brussels,,
133,1,,To do,16,Preventive-monthly-2,Structural and Mechanical Inspection,"30,0",Minutes,15,"3,4","Inspector Junior, Inspector Senior",4/11/2024,8/11/2024,,,"0,0",Minutes,Brussels,,
134,1,,To do,17,Preventive-monthly-3,Electrical and Control Systems Examination,"30,0",Minutes,16,"3,4","Inspector Junior, Inspector Senior",4/11/2024,8/11/2024,,,"0,0",Minutes,Brussels,,
135,1,,To do,18,Preventive-monthly-4,Performance and Load Testing,"50,0",Minutes,17,"3,4","Inspector Junior, Inspector Senior",4/11/2024,8/11/2024,,,"0,0",Minutes,Brussels,,
136,1,,To do,19,Preventive-monthly-5,Documentation and Compliance Verification,"10,0",Minutes,18,"3,4","Inspector Junior, Inspector Senior",4/11/2024,8/11/2024,,,"0,0",Minutes,Brussels,,
137,2,,To do,1,Corrective-Breakdown-1,Secure the Area,"15,0",Minutes,,"1,2,4","Electrician, Mecanician, Inspector Senior",,,,,"0,0",Minutes,Brussels,,
138,2,,To do,2,Corrective-Breakdown-2,Preliminary Inspection,"20,0",Minutes,1,"1,2,4","Electrician, Mecanician, Inspector Senior",,,,,"0,0",Minutes,Brussels,,
139,2,,To do,3,Corrective-Breakdown-3,Diagnostics and Troubleshooting,"1,0",Hours,2,"1,2,4","Electrician, Mecanician, Inspector Senior",,,,,"0,0",Minutes,Brussels,,
140,2,,To do,4,Corrective-Breakdown-4,Component Repair or Replacement,"1,0",Hours,3,"1,2,4","Electrician, Mecanician, Inspector Senior",,,,,"0,0",Minutes,Brussels,,
141,2,,To do,7,Corrective-Breakdown-7,Post-Repair Adjustments,"20,0",Minutes,6,"1,2,4","Electrician, Mecanician, Inspector Senior",,,,,"0,0",Minutes,Brussels,,
142,2,,To do,5,Corrective-Breakdown-5,Control System Reset,"30,0",Minutes,4,"1,2,4","Electrician, Mecanician, Inspector Senior",,,,,"0,0",Minutes,Brussels,,
143,2,,To do,6,Corrective-Breakdown-6,Detailed Testing and Validation,"45,0",Minutes,5,"1,2,4","Electrician, Mecanician, Inspector Senior",,,,,"0,0",Minutes,Brussels,,
144,2,,To do,20,Corrective-Breakdown-8,System Cleanup and Safety Checks,"15,0",Minutes,7,"1,2,4","Electrician, Mecanician, Inspector Senior",,,,,"0,0",Minutes,Brussels,,
145,2,,To do,22,Corrective-Breakdown-10,Restore Service,"15,0",Minutes,21,"1,2,4","Electrician, Mecanician, Inspector Senior",,,,,"0,0",Minutes,Brussels,,
146,2,,To do,21,Corrective-Breakdown-9,Documentation and Reporting,"20,0",Minutes,20,"1,2,4","Electrician, Mecanician, Inspector Senior",,,,,"0,0",Minutes,Brussels,,
147,3,,To do,8,Corrective-Low-1,Diagnostics and Troubleshooting,"30,0",Minutes,,"1,2,3,4","Electrician, Mecanician, Inspector Junior, Inspector Senior",,,,,"0,0",Minutes,Brussels,,
148,3,,To do,9,Corrective-Low-2,Component Repair and Replacement,"1,0",Hours,8,"1,2,3,4","Electrician, Mecanician, Inspector Junior, Inspector Senior",,,,,"0,0",Minutes,Brussels,,
149,3,,To do,10,Corrective-Low-3,Control System Checks,"5,0",Minutes,9,"1,2,3,4","Electrician, Mecanician, Inspector Junior, Inspector Senior",,,,,"0,0",Minutes,Brussels,,
150,3,,To do,11,Corrective-Low-4,Testing and Validation,"5,0",Minutes,10,"1,2,3,4","Electrician, Mecanician, Inspector Junior, Inspector Senior",,,,,"0,0",Minutes,Brussels,,
151,3,,To do,12,Corrective-Low-5,Documentation and Reporting,"5,0",Minutes,11,"1,2,3,4","Electrician, Mecanician, Inspector Junior, Inspector Senior",,,,,"0,0",Minutes,Brussels,,
152,3,,To do,13,Corrective-Low-6,Post-Maintenance Adjustments,"5,0",Minutes,12,"1,2,3,4","Electrician, Mecanician, Inspector Junior, Inspector Senior",,,,,"0,0",Minutes,Brussels,,
153,3,,To do,14,Corrective-Low-7,System Cleanup and Safety Checks,"10,0",Minutes,13,"1,2,3,4","Electrician, Mecanician, Inspector Junior, Inspector Senior",,,,,"0,0",Minutes,Brussels,,
333,4,,To do,15,Preventive-monthly-1,Safety Systems Check,"30,0",Minutes,,"3,4","Inspector Junior, Inspector Senior",4/11/2024,8/11/2024,,,"0,0",Minutes,Brussels,,
334,4,,To do,16,Preventive-monthly-2,Structural and Mechanical Inspection,"30,0",Minutes,15,"3,4","Inspector Junior, Inspector Senior",4/11/2024,8/11/2024,,,"0,0",Minutes,Brussels,,
335,4,,To do,17,Preventive-monthly-3,Electrical and Control Systems Examination,"30,0",Minutes,16,"3,4","Inspector Junior, Inspector Senior",4/11/2024,8/11/2024,,,"0,0",Minutes,Brussels,,
336,4,,To do,18,Preventive-monthly-4,Performance and Load Testing,"50,0",Minutes,17,"3,4","Inspector Junior, Inspector Senior",4/11/2024,8/11/2024,,,"0,0",Minutes,Brussels,,
337,4,,To do,19,Preventive-monthly-5,Documentation and Compliance Verification,"10,0",Minutes,18,"3,4","Inspector Junior, Inspector Senior",4/11/2024,8/11/2024,,,"0,0",Minutes,Brussels,,
338,5,,To do,15,Preventive-monthly-1,Safety Systems Check,"30,0",Minutes,,"3,4","Inspector Junior, Inspector Senior",4/11/2024,8/11/2024,,,"0,0",Minutes,Brussels,,
339,5,,To do,16,Preventive-monthly-2,Structural and Mechanical Inspection,"30,0",Minutes,15,"3,4","Inspector Junior, Inspector Senior",4/11/2024,8/11/2024,,,"0,0",Minutes,Brussels,,
340,5,,To do,17,Preventive-monthly-3,Electrical and Control Systems Examination,"30,0",Minutes,16,"3,4","Inspector Junior, Inspector Senior",4/11/2024,8/11/2024,,,"0,0",Minutes,Brussels,,
341,5,,To do,18,Preventive-monthly-4,Performance and Load Testing,"50,0",Minutes,17,"3,4","Inspector Junior, Inspector Senior",4/11/2024,8/11/2024,,,"0,0",Minutes,Brussels,,
342,5,,To do,19,Preventive-monthly-5,Documentation and Compliance Verification,"10,0",Minutes,18,"3,4","Inspector Junior, Inspector Senior",4/11/2024,8/11/2024,,,"0,0",Minutes,Brussels,,
328,6,,To do,15,Preventive-monthly-1,Safety Systems Check,"30,0",Minutes,,"3,4","Inspector Junior, Inspector Senior",4/11/2024,8/11/2024,,,"0,0",Minutes,Brussels,,
329,6,,To do,16,Preventive-monthly-2,Structural and Mechanical Inspection,"30,0",Minutes,15,"3,4","Inspector Junior, Inspector Senior",4/11/2024,8/11/2024,,,"0,0",Minutes,Brussels,,
330,6,,To do,17,Preventive-monthly-3,Electrical and Control Systems Examination,"30,0",Minutes,16,"3,4","Inspector Junior, Inspector Senior",4/11/2024,8/11/2024,,,"0,0",Minutes,Brussels,,
331,6,,To do,18,Preventive-monthly-4,Performance and Load Testing,"50,0",Minutes,17,"3,4","Inspector Junior, Inspector Senior",4/11/2024,8/11/2024,,,"0,0",Minutes,Brussels,,
332,6,,To do,19,Preventive-monthly-5,Documentation and Compliance Verification,"10,0",Minutes,18,"3,4","Inspector Junior, Inspector Senior",4/11/2024,8/11/2024,,,"0,0",Minutes,Brussels,,
323,7,,To do,15,Preventive-monthly-1,Safety Systems Check,"30,0",Minutes,,"3,4","Inspector Junior, Inspector Senior",4/11/2024,8/11/2024,,,"0,0",Minutes,Brussels,,
324,7,,To do,16,Preventive-monthly-2,Structural and Mechanical Inspection,"30,0",Minutes,15,"3,4","Inspector Junior, Inspector Senior",4/11/2024,8/11/2024,,,"0,0",Minutes,Brussels,,
325,7,,To do,17,Preventive-monthly-3,Electrical and Control Systems Examination,"30,0",Minutes,16,"3,4","Inspector Junior, Inspector Senior",4/11/2024,8/11/2024,,,"0,0",Minutes,Brussels,,
326,7,,To do,18,Preventive-monthly-4,Performance and Load Testing,"50,0",Minutes,17,"3,4","Inspector Junior, Inspector Senior",4/11/2024,8/11/2024,,,"0,0",Minutes,Brussels,,
327,7,,To do,19,Preventive-monthly-5,Documentation and Compliance Verification,"10,0",Minutes,18,"3,4","Inspector Junior, Inspector Senior",4/11/2024,8/11/2024,,,"0,0",Minutes,Brussels,,
318,8,,To do,15,Preventive-monthly-1,Safety Systems Check,"30,0",Minutes,,"3,4","Inspector Junior, Inspector Senior",11/11/2024,15/11/2024,,,"0,0",Minutes,Brussels,,
319,8,,To do,16,Preventive-monthly-2,Structural and Mechanical Inspection,"30,0",Minutes,15,"3,4","Inspector Junior, Inspector Senior",11/11/2024,15/11/2024,,,"0,0",Minutes,Brussels,,
320,8,,To do,17,Preventive-monthly-3,Electrical and Control Systems Examination,"30,0",Minutes,16,"3,4","Inspector Junior, Inspector Senior",11/11/2024,15/11/2024,,,"0,0",Minutes,Brussels,,
321,8,,To do,18,Preventive-monthly-4,Performance and Load Testing,"50,0",Minutes,17,"3,4","Inspector Junior, Inspector Senior",11/11/2024,15/11/2024,,,"0,0",Minutes,Brussels,,
322,8,,To do,19,Preventive-monthly-5,Documentation and Compliance Verification,"10,0",Minutes,18,"3,4","Inspector Junior, Inspector Senior",11/11/2024,15/11/2024,,,"0,0",Minutes,Brussels,,
313,9,,To do,15,Preventive-monthly-1,Safety Systems Check,"30,0",Minutes,,"3,4","Inspector Junior, Inspector Senior",4/11/2024,8/11/2024,,,"0,0",Minutes,Brussels,,
314,9,,To do,16,Preventive-monthly-2,Structural and Mechanical Inspection,"30,0",Minutes,15,"3,4","Inspector Junior, Inspector Senior",4/11/2024,8/11/2024,,,"0,0",Minutes,Brussels,,
315,9,,To do,17,Preventive-monthly-3,Electrical and Control Systems Examination,"30,0",Minutes,16,"3,4","Inspector Junior, Inspector Senior",4/11/2024,8/11/2024,,,"0,0",Minutes,Brussels,,
316,9,,To do,18,Preventive-monthly-4,Performance and Load Testing,"50,0",Minutes,17,"3,4","Inspector Junior, Inspector Senior",4/11/2024,8/11/2024,,,"0,0",Minutes,Brussels,,
317,9,,To do,19,Preventive-monthly-5,Documentation and Compliance Verification,"10,0",Minutes,18,"3,4","Inspector Junior, Inspector Senior",4/11/2024,8/11/2024,,,"0,0",Minutes,Brussels,,
308,10,,To do,15,Preventive-monthly-1,Safety Systems Check,"30,0",Minutes,,"3,4","Inspector Junior, Inspector Senior",4/11/2024,8/11/2024,,,"0,0",Minutes,Brussels,,
309,10,,To do,16,Preventive-monthly-2,Structural and Mechanical Inspection,"30,0",Minutes,15,"3,4","Inspector Junior, Inspector Senior",4/11/2024,8/11/2024,,,"0,0",Minutes,Brussels,,
310,10,,To do,17,Preventive-monthly-3,Electrical and Control Systems Examination,"30,0",Minutes,16,"3,4","Inspector Junior, Inspector Senior",4/11/2024,8/11/2024,,,"0,0",Minutes,Brussels,,
311,10,,To do,18,Preventive-monthly-4,Performance and Load Testing,"50,0",Minutes,17,"3,4","Inspector Junior, Inspector Senior",4/11/2024,8/11/2024,,,"0,0",Minutes,Brussels,,
312,10,,To do,19,Preventive-monthly-5,Documentation and Compliance Verification,"10,0",Minutes,18,"3,4","Inspector Junior, Inspector Senior",4/11/2024,8/11/2024,,,"0,0",Minutes,Brussels,,
154,11,,To do,8,Corrective-Low-1,Diagnostics and Troubleshooting,"30,0",Minutes,,"1,2,3,4","Electrician, Mecanician, Inspector Junior, Inspector Senior",,,,,"0,0",Minutes,Brussels,,
155,11,,To do,9,Corrective-Low-2,Component Repair and Replacement,"1,0",Hours,8,"1,2,3,4","Electrician, Mecanician, Inspector Junior, Inspector Senior",,,,,"0,0",Minutes,Brussels,,
156,11,,To do,10,Corrective-Low-3,Control System Checks,"5,0",Minutes,9,"1,2,3,4","Electrician, Mecanician, Inspector Junior, Inspector Senior",,,,,"0,0",Minutes,Brussels,,
157,11,,To do,11,Corrective-Low-4,Testing and Validation,"5,0",Minutes,10,"1,2,3,4","Electrician, Mecanician, Inspector Junior, Inspector Senior",,,,,"0,0",Minutes,Brussels,,
158,11,,To do,12,Corrective-Low-5,Documentation and Reporting,"5,0",Minutes,11,"1,2,3,4","Electrician, Mecanician, Inspector Junior, Inspector Senior",,,,,"0,0",Minutes,Brussels,,
159,11,,To do,13,Corrective-Low-6,Post-Maintenance Adjustments,"5,0",Minutes,12,"1,2,3,4","Electrician, Mecanician, Inspector Junior, Inspector Senior",,,,,"0,0",Minutes,Brussels,,
160,11,,To do,14,Corrective-Low-7,System Cleanup and Safety Checks,"10,0",Minutes,13,"1,2,3,4","Electrician, Mecanician, Inspector Junior, Inspector Senior",,,,,"0,0",Minutes,Brussels,,
161,12,,To do,8,Corrective-Low-1,Diagnostics and Troubleshooting,"30,0",Minutes,,"1,2,3,4","Electrician, Mecanician, Inspector Junior, Inspector Senior",,,,,"0,0",Minutes,Brussels,,
162,12,,To do,9,Corrective-Low-2,Component Repair and Replacement,"1,0",Hours,8,"1,2,3,4","Electrician, Mecanician, Inspector Junior, Inspector Senior",,,,,"0,0",Minutes,Brussels,,
163,12,,To do,10,Corrective-Low-3,Control System Checks,"5,0",Minutes,9,"1,2,3,4","Electrician, Mecanician, Inspector Junior, Inspector Senior",,,,,"0,0",Minutes,Brussels,,
164,12,,To do,11,Corrective-Low-4,Testing and Validation,"5,0",Minutes,10,"1,2,3,4","Electrician, Mecanician, Inspector Junior, Inspector Senior",,,,,"0,0",Minutes,Brussels,,
165,12,,To do,12,Corrective-Low-5,Documentation and Reporting,"5,0",Minutes,11,"1,2,3,4","Electrician, Mecanician, Inspector Junior, Inspector Senior",,,,,"0,0",Minutes,Brussels,,
166,12,,To do,13,Corrective-Low-6,Post-Maintenance Adjustments,"5,0",Minutes,12,"1,2,3,4","Electrician, Mecanician, Inspector Junior, Inspector Senior",,,,,"0,0",Minutes,Brussels,,
167,12,,To do,14,Corrective-Low-7,System Cleanup and Safety Checks,"10,0",Minutes,13,"1,2,3,4","Electrician, Mecanician, Inspector Junior, Inspector Senior",,,,,"0,0",Minutes,Brussels,,
168,13,,To do,8,Corrective-Low-1,Diagnostics and Troubleshooting,"30,0",Minutes,,"1,2,3,4","Electrician, Mecanician, Inspector Junior, Inspector Senior",,,,,"0,0",Minutes,Brussels,,
169,13,,To do,9,Corrective-Low-2,Component Repair and Replacement,"1,0",Hours,8,"1,2,3,4","Electrician, Mecanician, Inspector Junior, Inspector Senior",,,,,"0,0",Minutes,Brussels,,
170,13,,To do,10,Corrective-Low-3,Control System Checks,"5,0",Minutes,9,"1,2,3,4","Electrician, Mecanician, Inspector Junior, Inspector Senior",,,,,"0,0",Minutes,Brussels,,
171,13,,To do,11,Corrective-Low-4,Testing and Validation,"5,0",Minutes,10,"1,2,3,4","Electrician, Mecanician, Inspector Junior, Inspector Senior",,,,,"0,0",Minutes,Brussels,,
172,13,,To do,12,Corrective-Low-5,Documentation and Reporting,"5,0",Minutes,11,"1,2,3,4","Electrician, Mecanician, Inspector Junior, Inspector Senior",,,,,"0,0",Minutes,Brussels,,
173,13,,To do,13,Corrective-Low-6,Post-Maintenance Adjustments,"5,0",Minutes,12,"1,2,3,4","Electrician, Mecanician, Inspector Junior, Inspector Senior",,,,,"0,0",Minutes,Brussels,,
174,13,,To do,14,Corrective-Low-7,System Cleanup and Safety Checks,"10,0",Minutes,13,"1,2,3,4","Electrician, Mecanician, Inspector Junior, Inspector Senior",,,,,"0,0",Minutes,Brussels,,
1337,14,,To do,8,Corrective-Low-1,Diagnostics and Troubleshooting,"30,0",Minutes,,"1,2,3,4","Electrician, Mecanician, Inspector Junior, Inspector Senior",,,,,"0,0",Minutes,Brussels,,
1338,14,,To do,9,Corrective-Low-2,Component Repair and Replacement,"1,0",Hours,8,"1,2,3,4","Electrician, Mecanician, Inspector Junior, Inspector Senior",,,,,"0,0",Minutes,Brussels,,
1339,14,,To do,10,Corrective-Low-3,Control System Checks,"5,0",Minutes,9,"1,2,3,4","Electrician, Mecanician, Inspector Junior, Inspector Senior",,,,,"0,0",Minutes,Brussels,,
1340,14,,To do,11,Corrective-Low-4,Testing and Validation,"5,0",Minutes,10,"1,2,3,4","Electrician, Mecanician, Inspector Junior, Inspector Senior",,,,,"0,0",Minutes,Brussels,,
1341,14,,To do,12,Corrective-Low-5,Documentation and Reporting,"5,0",Minutes,11,"1,2,3,4","Electrician, Mecanician, Inspector Junior, Inspector Senior",,,,,"0,0",Minutes,Brussels,,
1342,14,,To do,13,Corrective-Low-6,Post-Maintenance Adjustments,"5,0",Minutes,12,"1,2,3,4","Electrician, Mecanician, Inspector Junior, Inspector Senior",,,,,"0,0",Minutes,Brussels,,
1343,14,,To do,14,Corrective-Low-7,System Cleanup and Safety Checks,"10,0",Minutes,13,"1,2,3,4","Electrician, Mecanician, Inspector Junior, Inspector Senior",,,,,"0,0",Minutes,Brussels,,
1344,15,,To do,8,Corrective-Low-1,Diagnostics and Troubleshooting,"30,0",Minutes,,"1,2,3,4","Electrician, Mecanician, Inspector Junior, Inspector Senior",,,,,"0,0",Minutes,Brussels,,
1345,15,,To do,9,Corrective-Low-2,Component Repair and Replacement,"1,0",Hours,8,"1,2,3,4","Electrician, Mecanician, Inspector Junior, Inspector Senior",,,,,"0,0",Minutes,Brussels,,
1346,15,,To do,10,Corrective-Low-3,Control System Checks,"5,0",Minutes,9,"1,2,3,4","Electrician, Mecanician, Inspector Junior, Inspector Senior",,,,,"0,0",Minutes,Brussels,,
1347,15,,To do,11,Corrective-Low-4,Testing and Validation,"5,0",Minutes,10,"1,2,3,4","Electrician, Mecanician, Inspector Junior, Inspector Senior",,,,,"0,0",Minutes,Brussels,,
1348,15,,To do,12,Corrective-Low-5,Documentation and Reporting,"5,0",Minutes,11,"1,2,3,4","Electrician, Mecanician, Inspector Junior, Inspector Senior",,,,,"0,0",Minutes,Brussels,,
1349,15,,To do,13,Corrective-Low-6,Post-Maintenance Adjustments,"5,0",Minutes,12,"1,2,3,4","Electrician, Mecanician, Inspector Junior, Inspector Senior",,,,,"0,0",Minutes,Brussels,,
1350,15,,To do,14,Corrective-Low-7,System Cleanup and Safety Checks,"10,0",Minutes,13,"1,2,3,4","Electrician, Mecanician, Inspector Junior, Inspector Senior",,,,,"0,0",Minutes,Brussels,,
252,16,,To do,8,Corrective-Low-1,Diagnostics and Troubleshooting,"30,0",Minutes,,"1,2,3,4","Electrician, Mecanician, Inspector Junior, Inspector Senior",,,,,"0,0",Minutes,Brussels,,
253,16,,To do,9,Corrective-Low-2,Component Repair and Replacement,"1,0",Hours,8,"1,2,3,4","Electrician, Mecanician, Inspector Junior, Inspector Senior",,,,,"0,0",Minutes,Brussels,,
254,16,,To do,10,Corrective-Low-3,Control System Checks,"5,0",Minutes,9,"1,2,3,4","Electrician, Mecanician, Inspector Junior, Inspector Senior",,,,,"0,0",Minutes,Brussels,,
255,16,,To do,11,Corrective-Low-4,Testing and Validation,"5,0",Minutes,10,"1,2,3,4","Electrician, Mecanician, Inspector Junior, Inspector Senior",,,,,"0,0",Minutes,Brussels,,
256,16,,To do,12,Corrective-Low-5,Documentation and Reporting,"5,0",Minutes,11,"1,2,3,4","Electrician, Mecanician, Inspector Junior, Inspector Senior",,,,,"0,0",Minutes,Brussels,,
257,16,,To do,13,Corrective-Low-6,Post-Maintenance Adjustments,"5,0",Minutes,12,"1,2,3,4","Electrician, Mecanician, Inspector Junior, Inspector Senior",,,,,"0,0",Minutes,Brussels,,
258,16,,To do,14,Corrective-Low-7,System Cleanup and Safety Checks,"10,0",Minutes,13,"1,2,3,4","Electrician, Mecanician, Inspector Junior, Inspector Senior",,,,,"0,0",Minutes,Brussels,,
259,17,,To do,8,Corrective-Low-1,Diagnostics and Troubleshooting,"30,0",Minutes,,"1,2,3,4","Electrician, Mecanician, Inspector Junior, Inspector Senior",,,,,"0,0",Minutes,Brussels,,
260,17,,To do,9,Corrective-Low-2,Component Repair and Replacement,"1,0",Hours,8,"1,2,3,4","Electrician, Mecanician, Inspector Junior, Inspector Senior",,,,,"0,0",Minutes,Brussels,,
261,17,,To do,10,Corrective-Low-3,Control System Checks,"5,0",Minutes,9,"1,2,3,4","Electrician, Mecanician, Inspector Junior, Inspector Senior",,,,,"0,0",Minutes,Brussels,,
262,17,,To do,11,Corrective-Low-4,Testing and Validation,"5,0",Minutes,10,"1,2,3,4","Electrician, Mecanician, Inspector Junior, Inspector Senior",,,,,"0,0",Minutes,Brussels,,
263,17,,To do,12,Corrective-Low-5,Documentation and Reporting,"5,0",Minutes,11,"1,2,3,4","Electrician, Mecanician, Inspector Junior, Inspector Senior",,,,,"0,0",Minutes,Brussels,,
264,17,,To do,13,Corrective-Low-6,Post-Maintenance Adjustments,"5,0",Minutes,12,"1,2,3,4","Electrician, Mecanician, Inspector Junior, Inspector Senior",,,,,"0,0",Minutes,Brussels,,
265,17,,To do,14,Corrective-Low-7,System Cleanup and Safety Checks,"10,0",Minutes,13,"1,2,3,4","Electrician, Mecanician, Inspector Junior, Inspector Senior",,,,,"0,0",Minutes,Brussels,,
245,18,,To do,8,Corrective-Low-1,Diagnostics and Troubleshooting,"30,0",Minutes,,"1,2,3,4","Electrician, Mecanician, Inspector Junior, Inspector Senior",,,,,"0,0",Minutes,Brussels,,
246,18,,To do,9,Corrective-Low-2,Component Repair and Replacement,"1,0",Hours,8,"1,2,3,4","Electrician, Mecanician, Inspector Junior, Inspector Senior",,,,,"0,0",Minutes,Brussels,,
247,18,,To do,10,Corrective-Low-3,Control System Checks,"5,0",Minutes,9,"1,2,3,4","Electrician, Mecanician, Inspector Junior, Inspector Senior",,,,,"0,0",Minutes,Brussels,,
248,18,,To do,11,Corrective-Low-4,Testing and Validation,"5,0",Minutes,10,"1,2,3,4","Electrician, Mecanician, Inspector Junior, Inspector Senior",,,,,"0,0",Minutes,Brussels,,
249,18,,To do,12,Corrective-Low-5,Documentation and Reporting,"5,0",Minutes,11,"1,2,3,4","Electrician, Mecanician, Inspector Junior, Inspector Senior",,,,,"0,0",Minutes,Brussels,,
250,18,,To do,13,Corrective-Low-6,Post-Maintenance Adjustments,"5,0",Minutes,12,"1,2,3,4","Electrician, Mecanician, Inspector Junior, Inspector Senior",,,,,"0,0",Minutes,Brussels,,
251,18,,To do,14,Corrective-Low-7,System Cleanup and Safety Checks,"10,0",Minutes,13,"1,2,3,4","Electrician, Mecanician, Inspector Junior, Inspector Senior",,,,,"0,0",Minutes,Brussels,,
238,19,,To do,8,Corrective-Low-1,Diagnostics and Troubleshooting,"30,0",Minutes,,"1,2,3,4","Electrician, Mecanician, Inspector Junior, Inspector Senior",,,,,"0,0",Minutes,Brussels,,
239,19,,To do,9,Corrective-Low-2,Component Repair and Replacement,"1,0",Hours,8,"1,2,3,4","Electrician, Mecanician, Inspector Junior, Inspector Senior",,,,,"0,0",Minutes,Brussels,,
240,19,,To do,10,Corrective-Low-3,Control System Checks,"5,0",Minutes,9,"1,2,3,4","Electrician, Mecanician, Inspector Junior, Inspector Senior",,,,,"0,0",Minutes,Brussels,,
241,19,,To do,11,Corrective-Low-4,Testing and Validation,"5,0",Minutes,10,"1,2,3,4","Electrician, Mecanician, Inspector Junior, Inspector Senior",,,,,"0,0",Minutes,Brussels,,
242,19,,To do,12,Corrective-Low-5,Documentation and Reporting,"5,0",Minutes,11,"1,2,3,4","Electrician, Mecanician, Inspector Junior, Inspector Senior",,,,,"0,0",Minutes,Brussels,,
243,19,,To do,13,Corrective-Low-6,Post-Maintenance Adjustments,"5,0",Minutes,12,"1,2,3,4","Electrician, Mecanician, Inspector Junior, Inspector Senior",,,,,"0,0",Minutes,Brussels,,
244,19,,To do,14,Corrective-Low-7,System Cleanup and Safety Checks,"10,0",Minutes,13,"1,2,3,4","Electrician, Mecanician, Inspector Junior, Inspector Senior",,,,,"0,0",Minutes,Brussels,,
303,20,,To do,15,Preventive-monthly-1,Safety Systems Check,"30,0",Minutes,,"3,4","Inspector Junior, Inspector Senior",4/11/2024,8/11/2024,,,"0,0",Minutes,Brussels,,
304,20,,To do,16,Preventive-monthly-2,Structural and Mechanical Inspection,"30,0",Minutes,15,"3,4","Inspector Junior, Inspector Senior",4/11/2024,8/11/2024,,,"0,0",Minutes,Brussels,,
305,20,,To do,17,Preventive-monthly-3,Electrical and Control Systems Examination,"30,0",Minutes,16,"3,4","Inspector Junior, Inspector Senior",4/11/2024,8/11/2024,,,"0,0",Minutes,Brussels,,
306,20,,To do,18,Preventive-monthly-4,Performance and Load Testing,"50,0",Minutes,17,"3,4","Inspector Junior, Inspector Senior",4/11/2024,8/11/2024,,,"0,0",Minutes,Brussels,,
307,20,,To do,19,Preventive-monthly-5,Documentation and Compliance Verification,"10,0",Minutes,18,"3,4","Inspector Junior, Inspector Senior",4/11/2024,8/11/2024,,,"0,0",Minutes,Brussels,,
298,21,,To do,15,Preventive-monthly-1,Safety Systems Check,"30,0",Minutes,,"3,4","Inspector Junior, Inspector Senior",11/11/2024,15/11/2024,,,"0,0",Minutes,Brussels,,
299,21,,To do,16,Preventive-monthly-2,Structural and Mechanical Inspection,"30,0",Minutes,15,"3,4","Inspector Junior, Inspector Senior",11/11/2024,15/11/2024,,,"0,0",Minutes,Brussels,,
300,21,,To do,17,Preventive-monthly-3,Electrical and Control Systems Examination,"30,0",Minutes,16,"3,4","Inspector Junior, Inspector Senior",11/11/2024,15/11/2024,,,"0,0",Minutes,Brussels,,
301,21,,To do,18,Preventive-monthly-4,Performance and Load Testing,"50,0",Minutes,17,"3,4","Inspector Junior, Inspector Senior",11/11/2024,15/11/2024,,,"0,0",Minutes,Brussels,,
302,21,,To do,19,Preventive-monthly-5,Documentation and Compliance Verification,"10,0",Minutes,18,"3,4","Inspector Junior, Inspector Senior",11/11/2024,15/11/2024,,,"0,0",Minutes,Brussels,,
276,22,,To do,15,Preventive-monthly-1,Safety Systems Check,"30,0",Minutes,,"3,4","Inspector Junior, Inspector Senior",4/11/2024,8/11/2024,,,"0,0",Minutes,Brussels,,
277,22,,To do,16,Preventive-monthly-2,Structural and Mechanical Inspection,"30,0",Minutes,15,"3,4","Inspector Junior, Inspector Senior",4/11/2024,8/11/2024,,,"0,0",Minutes,Brussels,,
278,22,,To do,17,Preventive-monthly-3,Electrical and Control Systems Examination,"30,0",Minutes,16,"3,4","Inspector Junior, Inspector Senior",4/11/2024,8/11/2024,,,"0,0",Minutes,Brussels,,
279,22,,To do,18,Preventive-monthly-4,Performance and Load Testing,"50,0",Minutes,17,"3,4","Inspector Junior, Inspector Senior",4/11/2024,8/11/2024,,,"0,0",Minutes,Brussels,,
280,22,,To do,19,Preventive-monthly-5,Documentation and Compliance Verification,"10,0",Minutes,18,"3,4","Inspector Junior, Inspector Senior",4/11/2024,8/11/2024,,,"0,0",Minutes,Brussels,,
281,23,,To do,15,Preventive-monthly-1,Safety Systems Check,"30,0",Minutes,,"3,4","Inspector Junior, Inspector Senior",4/11/2024,8/11/2024,,,"0,0",Minutes,Brussels,,
282,23,,To do,16,Preventive-monthly-2,Structural and Mechanical Inspection,"30,0",Minutes,15,"3,4","Inspector Junior, Inspector Senior",4/11/2024,8/11/2024,,,"0,0",Minutes,Brussels,,
283,23,,To do,17,Preventive-monthly-3,Electrical and Control Systems Examination,"30,0",Minutes,16,"3,4","Inspector Junior, Inspector Senior",4/11/2024,8/11/2024,,,"0,0",Minutes,Brussels,,
284,23,,To do,18,Preventive-monthly-4,Performance and Load Testing,"50,0",Minutes,17,"3,4","Inspector Junior, Inspector Senior",4/11/2024,8/11/2024,,,"0,0",Minutes,Brussels,,
285,23,,To do,19,Preventive-monthly-5,Documentation and Compliance Verification,"10,0",Minutes,18,"3,4","Inspector Junior, Inspector Senior",4/11/2024,8/11/2024,,,"0,0",Minutes,Brussels,,
286,24,,To do,15,Preventive-monthly-1,Safety Systems Check,"30,0",Minutes,,"3,4","Inspector Junior, Inspector Senior",4/11/2024,8/11/2024,,,"0,0",Minutes,Brussels,,
287,24,,To do,16,Preventive-monthly-2,Structural and Mechanical Inspection,"30,0",Minutes,15,"3,4","Inspector Junior, Inspector Senior",4/11/2024,8/11/2024,,,"0,0",Minutes,Brussels,,
288,24,,To do,17,Preventive-monthly-3,Electrical and Control Systems Examination,"30,0",Minutes,16,"3,4","Inspector Junior, Inspector Senior",4/11/2024,8/11/2024,,,"0,0",Minutes,Brussels,,
289,24,,To do,18,Preventive-monthly-4,Performance and Load Testing,"50,0",Minutes,17,"3,4","Inspector Junior, Inspector Senior",4/11/2024,8/11/2024,,,"0,0",Minutes,Brussels,,
290,24,,To do,19,Preventive-monthly-5,Documentation and Compliance Verification,"10,0",Minutes,18,"3,4","Inspector Junior, Inspector Senior",4/11/2024,8/11/2024,,,"0,0",Minutes,Brussels,,
291,25,,To do,15,Preventive-monthly-1,Safety Systems Check,"30,0",Minutes,,"3,4","Inspector Junior, Inspector Senior",11/11/2024,15/11/2024,,,"0,0",Minutes,Brussels,,
292,25,,To do,16,Preventive-monthly-2,Structural and Mechanical Inspection,"30,0",Minutes,15,"3,4","Inspector Junior, Inspector Senior",11/11/2024,15/11/2024,,,"0,0",Minutes,Brussels,,
293,25,,To do,17,Preventive-monthly-3,Electrical and Control Systems Examination,"30,0",Minutes,16,"3,4","Inspector Junior, Inspector Senior",11/11/2024,15/11/2024,,,"0,0",Minutes,Brussels,,
294,25,,To do,18,Preventive-monthly-4,Performance and Load Testing,"50,0",Minutes,17,"3,4","Inspector Junior, Inspector Senior",11/11/2024,15/11/2024,,,"0,0",Minutes,Brussels,,
295,25,,To do,19,Preventive-monthly-5,Documentation and Compliance Verification,"10,0",Minutes,18,"3,4","Inspector Junior, Inspector Senior",11/11/2024,15/11/2024,,,"0,0",Minutes,Brussels,,
271,26,,To do,15,Preventive-monthly-1,Safety Systems Check,"30,0",Minutes,,"3,4","Inspector Junior, Inspector Senior",4/11/2024,8/11/2024,,,"0,0",Minutes,Brussels,,
272,26,,To do,16,Preventive-monthly-2,Structural and Mechanical Inspection,"30,0",Minutes,15,"3,4","Inspector Junior, Inspector Senior",4/11/2024,8/11/2024,,,"0,0",Minutes,Brussels,,
273,26,,To do,17,Preventive-monthly-3,Electrical and Control Systems Examination,"30,0",Minutes,16,"3,4","Inspector Junior, Inspector Senior",4/11/2024,8/11/2024,,,"0,0",Minutes,Brussels,,
274,26,,To do,18,Preventive-monthly-4,Performance and Load Testing,"50,0",Minutes,17,"3,4","Inspector Junior, Inspector Senior",4/11/2024,8/11/2024,,,"0,0",Minutes,Brussels,,
275,26,,To do,19,Preventive-monthly-5,Documentation and Compliance Verification,"10,0",Minutes,18,"3,4","Inspector Junior, Inspector Senior",4/11/2024,8/11/2024,,,"0,0",Minutes,Brussels,,
266,27,,To do,15,Preventive-monthly-1,Safety Systems Check,"30,0",Minutes,,"3,4","Inspector Junior, Inspector Senior",4/11/2024,8/11/2024,,,"0,0",Minutes,Brussels,,
267,27,,To do,16,Preventive-monthly-2,Structural and Mechanical Inspection,"30,0",Minutes,15,"3,4","Inspector Junior, Inspector Senior",4/11/2024,8/11/2024,,,"0,0",Minutes,Brussels,,
268,27,,To do,17,Preventive-monthly-3,Electrical and Control Systems Examination,"30,0",Minutes,16,"3,4","Inspector Junior, Inspector Senior",4/11/2024,8/11/2024,,,"0,0",Minutes,Brussels,,
269,27,,To do,18,Preventive-monthly-4,Performance and Load Testing,"50,0",Minutes,17,"3,4","Inspector Junior, Inspector Senior",4/11/2024,8/11/2024,,,"0,0",Minutes,Brussels,,
270,27,,To do,19,Preventive-monthly-5,Documentation and Compliance Verification,"10,0",Minutes,18,"3,4","Inspector Junior, Inspector Senior",4/11/2024,8/11/2024,,,"0,0",Minutes,Brussels,,
231,28,,To do,8,Corrective-Low-1,Diagnostics and Troubleshooting,"30,0",Minutes,,"1,2,3,4","Electrician, Mecanician, Inspector Junior, Inspector Senior",,,,,"0,0",Minutes,Brussels,,
232,28,,To do,9,Corrective-Low-2,Component Repair and Replacement,"1,0",Hours,8,"1,2,3,4","Electrician, Mecanician, Inspector Junior, Inspector Senior",,,,,"0,0",Minutes,Brussels,,
233,28,,To do,10,Corrective-Low-3,Control System Checks,"5,0",Minutes,9,"1,2,3,4","Electrician, Mecanician, Inspector Junior, Inspector Senior",,,,,"0,0",Minutes,Brussels,,
234,28,,To do,11,Corrective-Low-4,Testing and Validation,"5,0",Minutes,10,"1,2,3,4","Electrician, Mecanician, Inspector Junior, Inspector Senior",,,,,"0,0",Minutes,Brussels,,
235,28,,To do,12,Corrective-Low-5,Documentation and Reporting,"5,0",Minutes,11,"1,2,3,4","Electrician, Mecanician, Inspector Junior, Inspector Senior",,,,,"0,0",Minutes,Brussels,,
236,28,,To do,13,Corrective-Low-6,Post-Maintenance Adjustments,"5,0",Minutes,12,"1,2,3,4","Electrician, Mecanician, Inspector Junior, Inspector Senior",,,,,"0,0",Minutes,Brussels,,
237,28,,To do,14,Corrective-Low-7,System Cleanup and Safety Checks,"10,0",Minutes,13,"1,2,3,4","Electrician, Mecanician, Inspector Junior, Inspector Senior",,,,,"0,0",Minutes,Brussels,,
210,29,,To do,8,Corrective-Low-1,Diagnostics and Troubleshooting,"30,0",Minutes,,"1,2,3,4","Electrician, Mecanician, Inspector Junior, Inspector Senior",,,,,"0,0",Minutes,Brussels,,
211,29,,To do,9,Corrective-Low-2,Component Repair and Replacement,"1,0",Hours,8,"1,2,3,4","Electrician, Mecanician, Inspector Junior, Inspector Senior",,,,,"0,0",Minutes,Brussels,,
212,29,,To do,10,Corrective-Low-3,Control System Checks,"5,0",Minutes,9,"1,2,3,4","Electrician, Mecanician, Inspector Junior, Inspector Senior",,,,,"0,0",Minutes,Brussels,,
213,29,,To do,11,Corrective-Low-4,Testing and Validation,"5,0",Minutes,10,"1,2,3,4","Electrician, Mecanician, Inspector Junior, Inspector Senior",,,,,"0,0",Minutes,Brussels,,
214,29,,To do,12,Corrective-Low-5,Documentation and Reporting,"5,0",Minutes,11,"1,2,3,4","Electrician, Mecanician, Inspector Junior, Inspector Senior",,,,,"0,0",Minutes,Brussels,,
215,29,,To do,13,Corrective-Low-6,Post-Maintenance Adjustments,"5,0",Minutes,12,"1,2,3,4","Electrician, Mecanician, Inspector Junior, Inspector Senior",,,,,"0,0",Minutes,Brussels,,
216,29,,To do,14,Corrective-Low-7,System Cleanup and Safety Checks,"10,0",Minutes,13,"1,2,3,4","Electrician, Mecanician, Inspector Junior, Inspector Senior",,,,,"0,0",Minutes,Brussels,,
224,30,,To do,8,Corrective-Low-1,Diagnostics and Troubleshooting,"30,0",Minutes,,"1,2,3,4","Electrician, Mecanician, Inspector Junior, Inspector Senior",,,,,"0,0",Minutes,Brussels,,
225,30,,To do,9,Corrective-Low-2,Component Repair and Replacement,"1,0",Hours,8,"1,2,3,4","Electrician, Mecanician, Inspector Junior, Inspector Senior",,,,,"0,0",Minutes,Brussels,,
226,30,,To do,10,Corrective-Low-3,Control System Checks,"5,0",Minutes,9,"1,2,3,4","Electrician, Mecanician, Inspector Junior, Inspector Senior",,,,,"0,0",Minutes,Brussels,,
227,30,,To do,11,Corrective-Low-4,Testing and Validation,"5,0",Minutes,10,"1,2,3,4","Electrician, Mecanician, Inspector Junior, Inspector Senior",,,,,"0,0",Minutes,Brussels,,
228,30,,To do,12,Corrective-Low-5,Documentation and Reporting,"5,0",Minutes,11,"1,2,3,4","Electrician, Mecanician, Inspector Junior, Inspector Senior",,,,,"0,0",Minutes,Brussels,,
229,30,,To do,13,Corrective-Low-6,Post-Maintenance Adjustments,"5,0",Minutes,12,"1,2,3,4","Electrician, Mecanician, Inspector Junior, Inspector Senior",,,,,"0,0",Minutes,Brussels,,
230,30,,To do,14,Corrective-Low-7,System Cleanup and Safety Checks,"10,0",Minutes,13,"1,2,3,4","Electrician, Mecanician, Inspector Junior, Inspector Senior",,,,,"0,0",Minutes,Brussels,,
217,31,,To do,8,Corrective-Low-1,Diagnostics and Troubleshooting,"30,0",Minutes,,"1,2,3,4","Electrician, Mecanician, Inspector Junior, Inspector Senior",,,,,"0,0",Minutes,Brussels,,
218,31,,To do,9,Corrective-Low-2,Component Repair and Replacement,"1,0",Hours,8,"1,2,3,4","Electrician, Mecanician, Inspector Junior, Inspector Senior",,,,,"0,0",Minutes,Brussels,,
219,31,,To do,10,Corrective-Low-3,Control System Checks,"5,0",Minutes,9,"1,2,3,4","Electrician, Mecanician, Inspector Junior, Inspector Senior",,,,,"0,0",Minutes,Brussels,,
220,31,,To do,11,Corrective-Low-4,Testing and Validation,"5,0",Minutes,10,"1,2,3,4","Electrician, Mecanician, Inspector Junior, Inspector Senior",,,,,"0,0",Minutes,Brussels,,
221,31,,To do,12,Corrective-Low-5,Documentation and Reporting,"5,0",Minutes,11,"1,2,3,4","Electrician, Mecanician, Inspector Junior, Inspector Senior",,,,,"0,0",Minutes,Brussels,,
222,31,,To do,13,Corrective-Low-6,Post-Maintenance Adjustments,"5,0",Minutes,12,"1,2,3,4","Electrician, Mecanician, Inspector Junior, Inspector Senior",,,,,"0,0",Minutes,Brussels,,
223,31,,To do,14,Corrective-Low-7,System Cleanup and Safety Checks,"10,0",Minutes,13,"1,2,3,4","Electrician, Mecanician, Inspector Junior, Inspector Senior",,,,,"0,0",Minutes,Brussels,,
344,32,,To do,8,Corrective-Low-1,Diagnostics and Troubleshooting,"30,0",Minutes,,"1,2,3,4","Electrician, Mecanician, Inspector Junior, Inspector Senior",4/11/2024,8/11/2024,,,"0,0",Minutes,Flanders,,
345,32,,To do,9,Corrective-Low-2,Component Repair and Replacement,"1,0",Hours,8,"1,2,3,4","Electrician, Mecanician, Inspector Junior, Inspector Senior",4/11/2024,8/11/2024,,,"0,0",Minutes,Flanders,,
346,32,,To do,10,Corrective-Low-3,Control System Checks,"5,0",Minutes,9,"1,2,3,4","Electrician, Mecanician, Inspector Junior, Inspector Senior",4/11/2024,8/11/2024,,,"0,0",Minutes,Flanders,,
347,32,,To do,11,Corrective-Low-4,Testing and Validation,"5,0",Minutes,10,"1,2,3,4","Electrician, Mecanician, Inspector Junior, Inspector Senior",4/11/2024,8/11/2024,,,"0,0",Minutes,Flanders,,
348,32,,To do,12,Corrective-Low-5,Documentation and Reporting,"5,0",Minutes,11,"1,2,3,4","Electrician, Mecanician, Inspector Junior, Inspector Senior",4/11/2024,8/11/2024,,,"0,0",Minutes,Flanders,,
349,32,,To do,13,Corrective-Low-6,Post-Maintenance Adjustments,"5,0",Minutes,12,"1,2,3,4","Electrician, Mecanician, Inspector Junior, Inspector Senior",4/11/2024,8/11/2024,,,"0,0",Minutes,Flanders,,
350,32,,To do,14,Corrective-Low-7,System Cleanup and Safety Checks,"10,0",Minutes,13,"1,2,3,4","Electrician, Mecanician, Inspector Junior, Inspector Senior",4/11/2024,8/11/2024,,,"0,0",Minutes,Flanders,,
386,33,,To do,8,Corrective-Low-1,Diagnostics and Troubleshooting,"30,0",Minutes,,"1,2,3,4","Electrician, Mecanician, Inspector Junior, Inspector Senior",4/11/2024,8/11/2024,,,"0,0",Minutes,Flanders,,
387,33,,To do,9,Corrective-Low-2,Component Repair and Replacement,"1,0",Hours,8,"1,2,3,4","Electrician, Mecanician, Inspector Junior, Inspector Senior",4/11/2024,8/11/2024,,,"0,0",Minutes,Flanders,,
388,33,,To do,10,Corrective-Low-3,Control System Checks,"5,0",Minutes,9,"1,2,3,4","Electrician, Mecanician, Inspector Junior, Inspector Senior",4/11/2024,8/11/2024,,,"0,0",Minutes,Flanders,,
389,33,,To do,11,Corrective-Low-4,Testing and Validation,"5,0",Minutes,10,"1,2,3,4","Electrician, Mecanician, Inspector Junior, Inspector Senior",4/11/2024,8/11/2024,,,"0,0",Minutes,Flanders,,
390,33,,To do,12,Corrective-Low-5,Documentation and Reporting,"5,0",Minutes,11,"1,2,3,4","Electrician, Mecanician, Inspector Junior, Inspector Senior",4/11/2024,8/11/2024,,,"0,0",Minutes,Flanders,,
391,33,,To do,13,Corrective-Low-6,Post-Maintenance Adjustments,"5,0",Minutes,12,"1,2,3,4","Electrician, Mecanician, Inspector Junior, Inspector Senior",4/11/2024,8/11/2024,,,"0,0",Minutes,Flanders,,
392,33,,To do,14,Corrective-Low-7,System Cleanup and Safety Checks,"10,0",Minutes,13,"1,2,3,4","Electrician, Mecanician, Inspector Junior, Inspector Senior",4/11/2024,8/11/2024,,,"0,0",Minutes,Flanders,,
379,34,,To do,8,Corrective-Low-1,Diagnostics and Troubleshooting,"30,0",Minutes,,"1,2,3,4","Electrician, Mecanician, Inspector Junior, Inspector Senior",4/11/2024,8/11/2024,,,"0,0",Minutes,Flanders,,
380,34,,To do,9,Corrective-Low-2,Component Repair and Replacement,"1,0",Hours,8,"1,2,3,4","Electrician, Mecanician, Inspector Junior, Inspector Senior",4/11/2024,8/11/2024,,,"0,0",Minutes,Flanders,,
381,34,,To do,10,Corrective-Low-3,Control System Checks,"5,0",Minutes,9,"1,2,3,4","Electrician, Mecanician, Inspector Junior, Inspector Senior",4/11/2024,8/11/2024,,,"0,0",Minutes,Flanders,,
382,34,,To do,11,Corrective-Low-4,Testing and Validation,"5,0",Minutes,10,"1,2,3,4","Electrician, Mecanician, Inspector Junior, Inspector Senior",4/11/2024,8/11/2024,,,"0,0",Minutes,Flanders,,
383,34,,To do,12,Corrective-Low-5,Documentation and Reporting,"5,0",Minutes,11,"1,2,3,4","Electrician, Mecanician, Inspector Junior, Inspector Senior",4/11/2024,8/11/2024,,,"0,0",Minutes,Flanders,,
384,34,,To do,13,Corrective-Low-6,Post-Maintenance Adjustments,"5,0",Minutes,12,"1,2,3,4","Electrician, Mecanician, Inspector Junior, Inspector Senior",4/11/2024,8/11/2024,,,"0,0",Minutes,Flanders,,
385,34,,To do,14,Corrective-Low-7,System Cleanup and Safety Checks,"10,0",Minutes,13,"1,2,3,4","Electrician, Mecanician, Inspector Junior, Inspector Senior",4/11/2024,8/11/2024,,,"0,0",Minutes,Flanders,,
372,35,,To do,8,Corrective-Low-1,Diagnostics and Troubleshooting,"30,0",Minutes,,"1,2,3,4","Electrician, Mecanician, Inspector Junior, Inspector Senior",4/11/2024,8/11/2024,,,"0,0",Minutes,Flanders,,
373,35,,To do,9,Corrective-Low-2,Component Repair and Replacement,"1,0",Hours,8,"1,2,3,4","Electrician, Mecanician, Inspector Junior, Inspector Senior",4/11/2024,8/11/2024,,,"0,0",Minutes,Flanders,,
374,35,,To do,10,Corrective-Low-3,Control System Checks,"5,0",Minutes,9,"1,2,3,4","Electrician, Mecanician, Inspector Junior, Inspector Senior",4/11/2024,8/11/2024,,,"0,0",Minutes,Flanders,,
375,35,,To do,11,Corrective-Low-4,Testing and Validation,"5,0",Minutes,10,"1,2,3,4","Electrician, Mecanician, Inspector Junior, Inspector Senior",4/11/2024,8/11/2024,,,"0,0",Minutes,Flanders,,
376,35,,To do,12,Corrective-Low-5,Documentation and Reporting,"5,0",Minutes,11,"1,2,3,4","Electrician, Mecanician, Inspector Junior, Inspector Senior",4/11/2024,8/11/2024,,,"0,0",Minutes,Flanders,,
377,35,,To do,13,Corrective-Low-6,Post-Maintenance Adjustments,"5,0",Minutes,12,"1,2,3,4","Electrician, Mecanician, Inspector Junior, Inspector Senior",4/11/2024,8/11/2024,,,"0,0",Minutes,Flanders,,
378,35,,To do,14,Corrective-Low-7,System Cleanup and Safety Checks,"10,0",Minutes,13,"1,2,3,4","Electrician, Mecanician, Inspector Junior, Inspector Senior",4/11/2024,8/11/2024,,,"0,0",Minutes,Flanders,,
358,36,,To do,8,Corrective-Low-1,Diagnostics and Troubleshooting,"30,0",Minutes,,"1,2,3,4","Electrician, Mecanician, Inspector Junior, Inspector Senior",4/11/2024,8/11/2024,,,"0,0",Minutes,Flanders,,
359,36,,To do,9,Corrective-Low-2,Component Repair and Replacement,"1,0",Hours,8,"1,2,3,4","Electrician, Mecanician, Inspector Junior, Inspector Senior",4/11/2024,8/11/2024,,,"0,0",Minutes,Flanders,,
360,36,,To do,10,Corrective-Low-3,Control System Checks,"5,0",Minutes,9,"1,2,3,4","Electrician, Mecanician, Inspector Junior, Inspector Senior",4/11/2024,8/11/2024,,,"0,0",Minutes,Flanders,,
361,36,,To do,11,Corrective-Low-4,Testing and Validation,"5,0",Minutes,10,"1,2,3,4","Electrician, Mecanician, Inspector Junior, Inspector Senior",4/11/2024,8/11/2024,,,"0,0",Minutes,Flanders,,
362,36,,To do,12,Corrective-Low-5,Documentation and Reporting,"5,0",Minutes,11,"1,2,3,4","Electrician, Mecanician, Inspector Junior, Inspector Senior",4/11/2024,8/11/2024,,,"0,0",Minutes,Flanders,,
363,36,,To do,13,Corrective-Low-6,Post-Maintenance Adjustments,"5,0",Minutes,12,"1,2,3,4","Electrician, Mecanician, Inspector Junior, Inspector Senior",4/11/2024,8/11/2024,,,"0,0",Minutes,Flanders,,
364,36,,To do,14,Corrective-Low-7,System Cleanup and Safety Checks,"10,0",Minutes,13,"1,2,3,4","Electrician, Mecanician, Inspector Junior, Inspector Senior",4/11/2024,8/11/2024,,,"0,0",Minutes,Flanders,,
365,37,,To do,8,Corrective-Low-1,Diagnostics and Troubleshooting,"30,0",Minutes,,"1,2,3,4","Electrician, Mecanician, Inspector Junior, Inspector Senior",11/11/2024,15/11/2024,,,"0,0",Minutes,Flanders,,
366,37,,To do,9,Corrective-Low-2,Component Repair and Replacement,"1,0",Hours,8,"1,2,3,4","Electrician, Mecanician, Inspector Junior, Inspector Senior",11/11/2024,15/11/2024,,,"0,0",Minutes,Flanders,,
367,37,,To do,10,Corrective-Low-3,Control System Checks,"5,0",Minutes,9,"1,2,3,4","Electrician, Mecanician, Inspector Junior, Inspector Senior",11/11/2024,15/11/2024,,,"0,0",Minutes,Flanders,,
368,37,,To do,11,Corrective-Low-4,Testing and Validation,"5,0",Minutes,10,"1,2,3,4","Electrician, Mecanician, Inspector Junior, Inspector Senior",11/11/2024,15/11/2024,,,"0,0",Minutes,Flanders,,
369,37,,To do,12,Corrective-Low-5,Documentation and Reporting,"5,0",Minutes,11,"1,2,3,4","Electrician, Mecanician, Inspector Junior, Inspector Senior",11/11/2024,15/11/2024,,,"0,0",Minutes,Flanders,,
370,37,,To do,13,Corrective-Low-6,Post-Maintenance Adjustments,"5,0",Minutes,12,"1,2,3,4","Electrician, Mecanician, Inspector Junior, Inspector Senior",11/11/2024,15/11/2024,,,"0,0",Minutes,Flanders,,
371,37,,To do,14,Corrective-Low-7,System Cleanup and Safety Checks,"10,0",Minutes,13,"1,2,3,4","Electrician, Mecanician, Inspector Junior, Inspector Senior",11/11/2024,15/11/2024,,,"0,0",Minutes,Flanders,,
351,38,,To do,8,Corrective-Low-1,Diagnostics and Troubleshooting,"30,0",Minutes,,"1,2,3,4","Electrician, Mecanician, Inspector Junior, Inspector Senior",4/11/2024,8/11/2024,,,"0,0",Minutes,Flanders,,
352,38,,To do,9,Corrective-Low-2,Component Repair and Replacement,"1,0",Hours,8,"1,2,3,4","Electrician, Mecanician, Inspector Junior, Inspector Senior",4/11/2024,8/11/2024,,,"0,0",Minutes,Flanders,,
353,38,,To do,10,Corrective-Low-3,Control System Checks,"5,0",Minutes,9,"1,2,3,4","Electrician, Mecanician, Inspector Junior, Inspector Senior",4/11/2024,8/11/2024,,,"0,0",Minutes,Flanders,,
354,38,,To do,11,Corrective-Low-4,Testing and Validation,"5,0",Minutes,10,"1,2,3,4","Electrician, Mecanician, Inspector Junior, Inspector Senior",4/11/2024,8/11/2024,,,"0,0",Minutes,Flanders,,
355,38,,To do,12,Corrective-Low-5,Documentation and Reporting,"5,0",Minutes,11,"1,2,3,4","Electrician, Mecanician, Inspector Junior, Inspector Senior",4/11/2024,8/11/2024,,,"0,0",Minutes,Flanders,,
356,38,,To do,13,Corrective-Low-6,Post-Maintenance Adjustments,"5,0",Minutes,12,"1,2,3,4","Electrician, Mecanician, Inspector Junior, Inspector Senior",4/11/2024,8/11/2024,,,"0,0",Minutes,Flanders,,
357,38,,To do,14,Corrective-Low-7,System Cleanup and Safety Checks,"10,0",Minutes,13,"1,2,3,4","Electrician, Mecanician, Inspector Junior, Inspector Senior",4/11/2024,8/11/2024,,,"0,0",Minutes,Flanders,,
421,39,,To do,8,Corrective-Low-1,Diagnostics and Troubleshooting,"30,0",Minutes,,"1,2,3,4","Electrician, Mecanician, Inspector Junior, Inspector Senior",11/11/2024,15/11/2024,,,"0,0",Minutes,Flanders,,
422,39,,To do,9,Corrective-Low-2,Component Repair and Replacement,"1,0",Hours,8,"1,2,3,4","Electrician, Mecanician, Inspector Junior, Inspector Senior",11/11/2024,15/11/2024,,,"0,0",Minutes,Flanders,,
423,39,,To do,10,Corrective-Low-3,Control System Checks,"5,0",Minutes,9,"1,2,3,4","Electrician, Mecanician, Inspector Junior, Inspector Senior",11/11/2024,15/11/2024,,,"0,0",Minutes,Flanders,,
424,39,,To do,11,Corrective-Low-4,Testing and Validation,"5,0",Minutes,10,"1,2,3,4","Electrician, Mecanician, Inspector Junior, Inspector Senior",11/11/2024,15/11/2024,,,"0,0",Minutes,Flanders,,
425,39,,To do,12,Corrective-Low-5,Documentation and Reporting,"5,0",Minutes,11,"1,2,3,4","Electrician, Mecanician, Inspector Junior, Inspector Senior",11/11/2024,15/11/2024,,,"0,0",Minutes,Flanders,,
426,39,,To do,13,Corrective-Low-6,Post-Maintenance Adjustments,"5,0",Minutes,12,"1,2,3,4","Electrician, Mecanician, Inspector Junior, Inspector Senior",11/11/2024,15/11/2024,,,"0,0",Minutes,Flanders,,
427,39,,To do,14,Corrective-Low-7,System Cleanup and Safety Checks,"10,0",Minutes,13,"1,2,3,4","Electrician, Mecanician, Inspector Junior, Inspector Senior",11/11/2024,15/11/2024,,,"0,0",Minutes,Flanders,,
414,40,,To do,8,Corrective-Low-1,Diagnostics and Troubleshooting,"30,0",Minutes,,"1,2,3,4","Electrician, Mecanician, Inspector Junior, Inspector Senior",4/11/2024,8/11/2024,,,"0,0",Minutes,Flanders,,
415,40,,To do,9,Corrective-Low-2,Component Repair and Replacement,"1,0",Hours,8,"1,2,3,4","Electrician, Mecanician, Inspector Junior, Inspector Senior",4/11/2024,8/11/2024,,,"0,0",Minutes,Flanders,,
416,40,,To do,10,Corrective-Low-3,Control System Checks,"5,0",Minutes,9,"1,2,3,4","Electrician, Mecanician, Inspector Junior, Inspector Senior",4/11/2024,8/11/2024,,,"0,0",Minutes,Flanders,,
417,40,,To do,11,Corrective-Low-4,Testing and Validation,"5,0",Minutes,10,"1,2,3,4","Electrician, Mecanician, Inspector Junior, Inspector Senior",4/11/2024,8/11/2024,,,"0,0",Minutes,Flanders,,
418,40,,To do,12,Corrective-Low-5,Documentation and Reporting,"5,0",Minutes,11,"1,2,3,4","Electrician, Mecanician, Inspector Junior, Inspector Senior",4/11/2024,8/11/2024,,,"0,0",Minutes,Flanders,,
419,40,,To do,13,Corrective-Low-6,Post-Maintenance Adjustments,"5,0",Minutes,12,"1,2,3,4","Electrician, Mecanician, Inspector Junior, Inspector Senior",4/11/2024,8/11/2024,,,"0,0",Minutes,Flanders,,
420,40,,To do,14,Corrective-Low-7,System Cleanup and Safety Checks,"10,0",Minutes,13,"1,2,3,4","Electrician, Mecanician, Inspector Junior, Inspector Senior",4/11/2024,8/11/2024,,,"0,0",Minutes,Flanders,,
407,41,,To do,8,Corrective-Low-1,Diagnostics and Troubleshooting,"30,0",Minutes,,"1,2,3,4","Electrician, Mecanician, Inspector Junior, Inspector Senior",4/11/2024,8/11/2024,,,"0,0",Minutes,Flanders,,
408,41,,To do,9,Corrective-Low-2,Component Repair and Replacement,"1,0",Hours,8,"1,2,3,4","Electrician, Mecanician, Inspector Junior, Inspector Senior",4/11/2024,8/11/2024,,,"0,0",Minutes,Flanders,,
409,41,,To do,10,Corrective-Low-3,Control System Checks,"5,0",Minutes,9,"1,2,3,4","Electrician, Mecanician, Inspector Junior, Inspector Senior",4/11/2024,8/11/2024,,,"0,0",Minutes,Flanders,,
410,41,,To do,11,Corrective-Low-4,Testing and Validation,"5,0",Minutes,10,"1,2,3,4","Electrician, Mecanician, Inspector Junior, Inspector Senior",4/11/2024,8/11/2024,,,"0,0",Minutes,Flanders,,
411,41,,To do,12,Corrective-Low-5,Documentation and Reporting,"5,0",Minutes,11,"1,2,3,4","Electrician, Mecanician, Inspector Junior, Inspector Senior",4/11/2024,8/11/2024,,,"0,0",Minutes,Flanders,,
412,41,,To do,13,Corrective-Low-6,Post-Maintenance Adjustments,"5,0",Minutes,12,"1,2,3,4","Electrician, Mecanician, Inspector Junior, Inspector Senior",4/11/2024,8/11/2024,,,"0,0",Minutes,Flanders,,
413,41,,To do,14,Corrective-Low-7,System Cleanup and Safety Checks,"10,0",Minutes,13,"1,2,3,4","Electrician, Mecanician, Inspector Junior, Inspector Senior",4/11/2024,8/11/2024,,,"0,0",Minutes,Flanders,,
400,42,,To do,8,Corrective-Low-1,Diagnostics and Troubleshooting,"30,0",Minutes,,"1,2,3,4","Electrician, Mecanician, Inspector Junior, Inspector Senior",4/11/2024,8/11/2024,,,"0,0",Minutes,Flanders,,
401,42,,To do,9,Corrective-Low-2,Component Repair and Replacement,"1,0",Hours,8,"1,2,3,4","Electrician, Mecanician, Inspector Junior, Inspector Senior",4/11/2024,8/11/2024,,,"0,0",Minutes,Flanders,,
402,42,,To do,10,Corrective-Low-3,Control System Checks,"5,0",Minutes,9,"1,2,3,4","Electrician, Mecanician, Inspector Junior, Inspector Senior",4/11/2024,8/11/2024,,,"0,0",Minutes,Flanders,,
403,42,,To do,11,Corrective-Low-4,Testing and Validation,"5,0",Minutes,10,"1,2,3,4","Electrician, Mecanician, Inspector Junior, Inspector Senior",4/11/2024,8/11/2024,,,"0,0",Minutes,Flanders,,
404,42,,To do,12,Corrective-Low-5,Documentation and Reporting,"5,0",Minutes,11,"1,2,3,4","Electrician, Mecanician, Inspector Junior, Inspector Senior",4/11/2024,8/11/2024,,,"0,0",Minutes,Flanders,,
405,42,,To do,13,Corrective-Low-6,Post-Maintenance Adjustments,"5,0",Minutes,12,"1,2,3,4","Electrician, Mecanician, Inspector Junior, Inspector Senior",4/11/2024,8/11/2024,,,"0,0",Minutes,Flanders,,
406,42,,To do,14,Corrective-Low-7,System Cleanup and Safety Checks,"10,0",Minutes,13,"1,2,3,4","Electrician, Mecanician, Inspector Junior, Inspector Senior",4/11/2024,8/11/2024,,,"0,0",Minutes,Flanders,,
393,43,,To do,8,Corrective-Low-1,Diagnostics and Troubleshooting,"30,0",Minutes,,"1,2,3,4","Electrician, Mecanician, Inspector Junior, Inspector Senior",11/11/2024,15/11/2024,,,"0,0",Minutes,Flanders,,
394,43,,To do,9,Corrective-Low-2,Component Repair and Replacement,"1,0",Hours,8,"1,2,3,4","Electrician, Mecanician, Inspector Junior, Inspector Senior",11/11/2024,15/11/2024,,,"0,0",Minutes,Flanders,,
395,43,,To do,10,Corrective-Low-3,Control System Checks,"5,0",Minutes,9,"1,2,3,4","Electrician, Mecanician, Inspector Junior, Inspector Senior",11/11/2024,15/11/2024,,,"0,0",Minutes,Flanders,,
396,43,,To do,11,Corrective-Low-4,Testing and Validation,"5,0",Minutes,10,"1,2,3,4","Electrician, Mecanician, Inspector Junior, Inspector Senior",11/11/2024,15/11/2024,,,"0,0",Minutes,Flanders,,
397,43,,To do,12,Corrective-Low-5,Documentation and Reporting,"5,0",Minutes,11,"1,2,3,4","Electrician, Mecanician, Inspector Junior, Inspector Senior",11/11/2024,15/11/2024,,,"0,0",Minutes,Flanders,,
398,43,,To do,13,Corrective-Low-6,Post-Maintenance Adjustments,"5,0",Minutes,12,"1,2,3,4","Electrician, Mecanician, Inspector Junior, Inspector Senior",11/11/2024,15/11/2024,,,"0,0",Minutes,Flanders,,
399,43,,To do,14,Corrective-Low-7,System Cleanup and Safety Checks,"10,0",Minutes,13,"1,2,3,4","Electrician, Mecanician, Inspector Junior, Inspector Senior",11/11/2024,15/11/2024,,,"0,0",Minutes,Flanders,,
435,44,,To do,8,Corrective-Low-1,Diagnostics and Troubleshooting,"30,0",Minutes,,"1,2,3,4","Electrician, Mecanician, Inspector Junior, Inspector Senior",4/11/2024,8/11/2024,,,"0,0",Minutes,Flanders,,
436,44,,To do,9,Corrective-Low-2,Component Repair and Replacement,"1,0",Hours,8,"1,2,3,4","Electrician, Mecanician, Inspector Junior, Inspector Senior",4/11/2024,8/11/2024,,,"0,0",Minutes,Flanders,,
437,44,,To do,10,Corrective-Low-3,Control System Checks,"5,0",Minutes,9,"1,2,3,4","Electrician, Mecanician, Inspector Junior, Inspector Senior",4/11/2024,8/11/2024,,,"0,0",Minutes,Flanders,,
438,44,,To do,11,Corrective-Low-4,Testing and Validation,"5,0",Minutes,10,"1,2,3,4","Electrician, Mecanician, Inspector Junior, Inspector Senior",4/11/2024,8/11/2024,,,"0,0",Minutes,Flanders,,
439,44,,To do,12,Corrective-Low-5,Documentation and Reporting,"5,0",Minutes,11,"1,2,3,4","Electrician, Mecanician, Inspector Junior, Inspector Senior",4/11/2024,8/11/2024,,,"0,0",Minutes,Flanders,,
440,44,,To do,13,Corrective-Low-6,Post-Maintenance Adjustments,"5,0",Minutes,12,"1,2,3,4","Electrician, Mecanician, Inspector Junior, Inspector Senior",4/11/2024,8/11/2024,,,"0,0",Minutes,Flanders,,
441,44,,To do,14,Corrective-Low-7,System Cleanup and Safety Checks,"10,0",Minutes,13,"1,2,3,4","Electrician, Mecanician, Inspector Junior, Inspector Senior",4/11/2024,8/11/2024,,,"0,0",Minutes,Flanders,,
428,45,,To do,8,Corrective-Low-1,Diagnostics and Troubleshooting,"30,0",Minutes,,"1,2,3,4","Electrician, Mecanician, Inspector Junior, Inspector Senior",4/11/2024,8/11/2024,,,"0,0",Minutes,Flanders,,
429,45,,To do,9,Corrective-Low-2,Component Repair and Replacement,"1,0",Hours,8,"1,2,3,4","Electrician, Mecanician, Inspector Junior, Inspector Senior",4/11/2024,8/11/2024,,,"0,0",Minutes,Flanders,,
430,45,,To do,10,Corrective-Low-3,Control System Checks,"5,0",Minutes,9,"1,2,3,4","Electrician, Mecanician, Inspector Junior, Inspector Senior",4/11/2024,8/11/2024,,,"0,0",Minutes,Flanders,,
431,45,,To do,11,Corrective-Low-4,Testing and Validation,"5,0",Minutes,10,"1,2,3,4","Electrician, Mecanician, Inspector Junior, Inspector Senior",4/11/2024,8/11/2024,,,"0,0",Minutes,Flanders,,
432,45,,To do,12,Corrective-Low-5,Documentation and Reporting,"5,0",Minutes,11,"1,2,3,4","Electrician, Mecanician, Inspector Junior, Inspector Senior",4/11/2024,8/11/2024,,,"0,0",Minutes,Flanders,,
433,45,,To do,13,Corrective-Low-6,Post-Maintenance Adjustments,"5,0",Minutes,12,"1,2,3,4","Electrician, Mecanician, Inspector Junior, Inspector Senior",4/11/2024,8/11/2024,,,"0,0",Minutes,Flanders,,
434,45,,To do,14,Corrective-Low-7,System Cleanup and Safety Checks,"10,0",Minutes,13,"1,2,3,4","Electrician, Mecanician, Inspector Junior, Inspector Senior",4/11/2024,8/11/2024,,,"0,0",Minutes,Flanders,,
445,46,,To do,8,Corrective-Low-1,Diagnostics and Troubleshooting,"30,0",Minutes,,"1,2,3,4","Electrician, Mecanician, Inspector Junior, Inspector Senior",,,,,"0,0",Minutes,Flanders,,
446,46,,To do,9,Corrective-Low-2,Component Repair and Replacement,"1,0",Hours,8,"1,2,3,4","Electrician, Mecanician, Inspector Junior, Inspector Senior",,,,,"0,0",Minutes,Flanders,,
447,46,,To do,10,Corrective-Low-3,Control System Checks,"5,0",Minutes,9,"1,2,3,4","Electrician, Mecanician, Inspector Junior, Inspector Senior",,,,,"0,0",Minutes,Flanders,,
448,46,,To do,11,Corrective-Low-4,Testing and Validation,"5,0",Minutes,10,"1,2,3,4","Electrician, Mecanician, Inspector Junior, Inspector Senior",,,,,"0,0",Minutes,Flanders,,
449,46,,To do,12,Corrective-Low-5,Documentation and Reporting,"5,0",Minutes,11,"1,2,3,4","Electrician, Mecanician, Inspector Junior, Inspector Senior",,,,,"0,0",Minutes,Flanders,,
450,46,,To do,13,Corrective-Low-6,Post-Maintenance Adjustments,"5,0",Minutes,12,"1,2,3,4","Electrician, Mecanician, Inspector Junior, Inspector Senior",,,,,"0,0",Minutes,Flanders,,
451,46,,To do,14,Corrective-Low-7,System Cleanup and Safety Checks,"10,0",Minutes,13,"1,2,3,4","Electrician, Mecanician, Inspector Junior, Inspector Senior",,,,,"0,0",Minutes,Flanders,,
452,47,,To do,8,Corrective-Low-1,Diagnostics and Troubleshooting,"30,0",Minutes,,"1,2,3,4","Electrician, Mecanician, Inspector Junior, Inspector Senior",,,,,"0,0",Minutes,Flanders,,
453,47,,To do,9,Corrective-Low-2,Component Repair and Replacement,"1,0",Hours,8,"1,2,3,4","Electrician, Mecanician, Inspector Junior, Inspector Senior",,,,,"0,0",Minutes,Flanders,,
454,47,,To do,10,Corrective-Low-3,Control System Checks,"5,0",Minutes,9,"1,2,3,4","Electrician, Mecanician, Inspector Junior, Inspector Senior",,,,,"0,0",Minutes,Flanders,,
455,47,,To do,11,Corrective-Low-4,Testing and Validation,"5,0",Minutes,10,"1,2,3,4","Electrician, Mecanician, Inspector Junior, Inspector Senior",,,,,"0,0",Minutes,Flanders,,
456,47,,To do,12,Corrective-Low-5,Documentation and Reporting,"5,0",Minutes,11,"1,2,3,4","Electrician, Mecanician, Inspector Junior, Inspector Senior",,,,,"0,0",Minutes,Flanders,,
457,47,,To do,13,Corrective-Low-6,Post-Maintenance Adjustments,"5,0",Minutes,12,"1,2,3,4","Electrician, Mecanician, Inspector Junior, Inspector Senior",,,,,"0,0",Minutes,Flanders,,
458,47,,To do,14,Corrective-Low-7,System Cleanup and Safety Checks,"10,0",Minutes,13,"1,2,3,4","Electrician, Mecanician, Inspector Junior, Inspector Senior",,,,,"0,0",Minutes,Flanders,,
459,48,,To do,8,Corrective-Low-1,Diagnostics and Troubleshooting,"30,0",Minutes,,"1,2,3,4","Electrician, Mecanician, Inspector Junior, Inspector Senior",,,,,"0,0",Minutes,Flanders,,
460,48,,To do,9,Corrective-Low-2,Component Repair and Replacement,"1,0",Hours,8,"1,2,3,4","Electrician, Mecanician, Inspector Junior, Inspector Senior",,,,,"0,0",Minutes,Flanders,,
461,48,,To do,10,Corrective-Low-3,Control System Checks,"5,0",Minutes,9,"1,2,3,4","Electrician, Mecanician, Inspector Junior, Inspector Senior",,,,,"0,0",Minutes,Flanders,,
462,48,,To do,11,Corrective-Low-4,Testing and Validation,"5,0",Minutes,10,"1,2,3,4","Electrician, Mecanician, Inspector Junior, Inspector Senior",,,,,"0,0",Minutes,Flanders,,
463,48,,To do,12,Corrective-Low-5,Documentation and Reporting,"5,0",Minutes,11,"1,2,3,4","Electrician, Mecanician, Inspector Junior, Inspector Senior",,,,,"0,0",Minutes,Flanders,,
464,48,,To do,13,Corrective-Low-6,Post-Maintenance Adjustments,"5,0",Minutes,12,"1,2,3,4","Electrician, Mecanician, Inspector Junior, Inspector Senior",,,,,"0,0",Minutes,Flanders,,
465,48,,To do,14,Corrective-Low-7,System Cleanup and Safety Checks,"10,0",Minutes,13,"1,2,3,4","Electrician, Mecanician, Inspector Junior, Inspector Senior",,,,,"0,0",Minutes,Flanders,,
466,49,,To do,8,Corrective-Low-1,Diagnostics and Troubleshooting,"30,0",Minutes,,"1,2,3,4","Electrician, Mecanician, Inspector Junior, Inspector Senior",,,,,"0,0",Minutes,Flanders,,
467,49,,To do,9,Corrective-Low-2,Component Repair and Replacement,"1,0",Hours,8,"1,2,3,4","Electrician, Mecanician, Inspector Junior, Inspector Senior",,,,,"0,0",Minutes,Flanders,,
468,49,,To do,10,Corrective-Low-3,Control System Checks,"5,0",Minutes,9,"1,2,3,4","Electrician, Mecanician, Inspector Junior, Inspector Senior",,,,,"0,0",Minutes,Flanders,,
469,49,,To do,11,Corrective-Low-4,Testing and Validation,"5,0",Minutes,10,"1,2,3,4","Electrician, Mecanician, Inspector Junior, Inspector Senior",,,,,"0,0",Minutes,Flanders,,
470,49,,To do,12,Corrective-Low-5,Documentation and Reporting,"5,0",Minutes,11,"1,2,3,4","Electrician, Mecanician, Inspector Junior, Inspector Senior",,,,,"0,0",Minutes,Flanders,,
471,49,,To do,13,Corrective-Low-6,Post-Maintenance Adjustments,"5,0",Minutes,12,"1,2,3,4","Electrician, Mecanician, Inspector Junior, Inspector Senior",,,,,"0,0",Minutes,Flanders,,
472,49,,To do,14,Corrective-Low-7,System Cleanup and Safety Checks,"10,0",Minutes,13,"1,2,3,4","Electrician, Mecanician, Inspector Junior, Inspector Senior",,,,,"0,0",Minutes,Flanders,,
473,50,,To do,8,Corrective-Low-1,Diagnostics and Troubleshooting,"30,0",Minutes,,"1,2,3,4","Electrician, Mecanician, Inspector Junior, Inspector Senior",,,,,"0,0",Minutes,Flanders,,
474,50,,To do,9,Corrective-Low-2,Component Repair and Replacement,"1,0",Hours,8,"1,2,3,4","Electrician, Mecanician, Inspector Junior, Inspector Senior",,,,,"0,0",Minutes,Flanders,,
475,50,,To do,10,Corrective-Low-3,Control System Checks,"5,0",Minutes,9,"1,2,3,4","Electrician, Mecanician, Inspector Junior, Inspector Senior",,,,,"0,0",Minutes,Flanders,,
476,50,,To do,11,Corrective-Low-4,Testing and Validation,"5,0",Minutes,10,"1,2,3,4","Electrician, Mecanician, Inspector Junior, Inspector Senior",,,,,"0,0",Minutes,Flanders,,
477,50,,To do,12,Corrective-Low-5,Documentation and Reporting,"5,0",Minutes,11,"1,2,3,4","Electrician, Mecanician, Inspector Junior, Inspector Senior",,,,,"0,0",Minutes,Flanders,,
478,50,,To do,13,Corrective-Low-6,Post-Maintenance Adjustments,"5,0",Minutes,12,"1,2,3,4","Electrician, Mecanician, Inspector Junior, Inspector Senior",,,,,"0,0",Minutes,Flanders,,
479,50,,To do,14,Corrective-Low-7,System Cleanup and Safety Checks,"10,0",Minutes,13,"1,2,3,4","Electrician, Mecanician, Inspector Junior, Inspector Senior",,,,,"0,0",Minutes,Flanders,,
480,51,,To do,8,Corrective-Low-1,Diagnostics and Troubleshooting,"30,0",Minutes,,"1,2,3,4","Electrician, Mecanician, Inspector Junior, Inspector Senior",,,,,"0,0",Minutes,Flanders,,
481,51,,To do,9,Corrective-Low-2,Component Repair and Replacement,"1,0",Hours,8,"1,2,3,4","Electrician, Mecanician, Inspector Junior, Inspector Senior",,,,,"0,0",Minutes,Flanders,,
482,51,,To do,10,Corrective-Low-3,Control System Checks,"5,0",Minutes,9,"1,2,3,4","Electrician, Mecanician, Inspector Junior, Inspector Senior",,,,,"0,0",Minutes,Flanders,,
483,51,,To do,11,Corrective-Low-4,Testing and Validation,"5,0",Minutes,10,"1,2,3,4","Electrician, Mecanician, Inspector Junior, Inspector Senior",,,,,"0,0",Minutes,Flanders,,
484,51,,To do,12,Corrective-Low-5,Documentation and Reporting,"5,0",Minutes,11,"1,2,3,4","Electrician, Mecanician, Inspector Junior, Inspector Senior",,,,,"0,0",Minutes,Flanders,,
485,51,,To do,13,Corrective-Low-6,Post-Maintenance Adjustments,"5,0",Minutes,12,"1,2,3,4","Electrician, Mecanician, Inspector Junior, Inspector Senior",,,,,"0,0",Minutes,Flanders,,
486,51,,To do,14,Corrective-Low-7,System Cleanup and Safety Checks,"10,0",Minutes,13,"1,2,3,4","Electrician, Mecanician, Inspector Junior, Inspector Senior",,,,,"0,0",Minutes,Flanders,,
487,52,,To do,8,Corrective-Low-1,Diagnostics and Troubleshooting,"30,0",Minutes,,"1,2,3,4","Electrician, Mecanician, Inspector Junior, Inspector Senior",,,,,"0,0",Minutes,Flanders,,
488,52,,To do,9,Corrective-Low-2,Component Repair and Replacement,"1,0",Hours,8,"1,2,3,4","Electrician, Mecanician, Inspector Junior, Inspector Senior",,,,,"0,0",Minutes,Flanders,,
489,52,,To do,10,Corrective-Low-3,Control System Checks,"5,0",Minutes,9,"1,2,3,4","Electrician, Mecanician, Inspector Junior, Inspector Senior",,,,,"0,0",Minutes,Flanders,,
490,52,,To do,11,Corrective-Low-4,Testing and Validation,"5,0",Minutes,10,"1,2,3,4","Electrician, Mecanician, Inspector Junior, Inspector Senior",,,,,"0,0",Minutes,Flanders,,
491,52,,To do,12,Corrective-Low-5,Documentation and Reporting,"5,0",Minutes,11,"1,2,3,4","Electrician, Mecanician, Inspector Junior, Inspector Senior",,,,,"0,0",Minutes,Flanders,,
492,52,,To do,13,Corrective-Low-6,Post-Maintenance Adjustments,"5,0",Minutes,12,"1,2,3,4","Electrician, Mecanician, Inspector Junior, Inspector Senior",,,,,"0,0",Minutes,Flanders,,
493,52,,To do,14,Corrective-Low-7,System Cleanup and Safety Checks,"10,0",Minutes,13,"1,2,3,4","Electrician, Mecanician, Inspector Junior, Inspector Senior",,,,,"0,0",Minutes,Flanders,,
559,53,,To do,8,Corrective-Low-1,Diagnostics and Troubleshooting,"30,0",Minutes,,"1,2,3,4","Electrician, Mecanician, Inspector Junior, Inspector Senior",,,,,"0,0",Minutes,Flanders,,
560,53,,To do,9,Corrective-Low-2,Component Repair and Replacement,"1,0",Hours,8,"1,2,3,4","Electrician, Mecanician, Inspector Junior, Inspector Senior",,,,,"0,0",Minutes,Flanders,,
561,53,,To do,10,Corrective-Low-3,Control System Checks,"5,0",Minutes,9,"1,2,3,4","Electrician, Mecanician, Inspector Junior, Inspector Senior",,,,,"0,0",Minutes,Flanders,,
562,53,,To do,11,Corrective-Low-4,Testing and Validation,"5,0",Minutes,10,"1,2,3,4","Electrician, Mecanician, Inspector Junior, Inspector Senior",,,,,"0,0",Minutes,Flanders,,
563,53,,To do,12,Corrective-Low-5,Documentation and Reporting,"5,0",Minutes,11,"1,2,3,4","Electrician, Mecanician, Inspector Junior, Inspector Senior",,,,,"0,0",Minutes,Flanders,,
564,53,,To do,13,Corrective-Low-6,Post-Maintenance Adjustments,"5,0",Minutes,12,"1,2,3,4","Electrician, Mecanician, Inspector Junior, Inspector Senior",,,,,"0,0",Minutes,Flanders,,
565,53,,To do,14,Corrective-Low-7,System Cleanup and Safety Checks,"10,0",Minutes,13,"1,2,3,4","Electrician, Mecanician, Inspector Junior, Inspector Senior",,,,,"0,0",Minutes,Flanders,,
552,54,,To do,8,Corrective-Low-1,Diagnostics and Troubleshooting,"30,0",Minutes,,"1,2,3,4","Electrician, Mecanician, Inspector Junior, Inspector Senior",,,,,"0,0",Minutes,Flanders,,
553,54,,To do,9,Corrective-Low-2,Component Repair and Replacement,"1,0",Hours,8,"1,2,3,4","Electrician, Mecanician, Inspector Junior, Inspector Senior",,,,,"0,0",Minutes,Flanders,,
554,54,,To do,10,Corrective-Low-3,Control System Checks,"5,0",Minutes,9,"1,2,3,4","Electrician, Mecanician, Inspector Junior, Inspector Senior",,,,,"0,0",Minutes,Flanders,,
555,54,,To do,11,Corrective-Low-4,Testing and Validation,"5,0",Minutes,10,"1,2,3,4","Electrician, Mecanician, Inspector Junior, Inspector Senior",,,,,"0,0",Minutes,Flanders,,
556,54,,To do,12,Corrective-Low-5,Documentation and Reporting,"5,0",Minutes,11,"1,2,3,4","Electrician, Mecanician, Inspector Junior, Inspector Senior",,,,,"0,0",Minutes,Flanders,,
557,54,,To do,13,Corrective-Low-6,Post-Maintenance Adjustments,"5,0",Minutes,12,"1,2,3,4","Electrician, Mecanician, Inspector Junior, Inspector Senior",,,,,"0,0",Minutes,Flanders,,
558,54,,To do,14,Corrective-Low-7,System Cleanup and Safety Checks,"10,0",Minutes,13,"1,2,3,4","Electrician, Mecanician, Inspector Junior, Inspector Senior",,,,,"0,0",Minutes,Flanders,,
545,55,,To do,8,Corrective-Low-1,Diagnostics and Troubleshooting,"30,0",Minutes,,"1,2,3,4","Electrician, Mecanician, Inspector Junior, Inspector Senior",,,,,"0,0",Minutes,Flanders,,
546,55,,To do,9,Corrective-Low-2,Component Repair and Replacement,"1,0",Hours,8,"1,2,3,4","Electrician, Mecanician, Inspector Junior, Inspector Senior",,,,,"0,0",Minutes,Flanders,,
547,55,,To do,10,Corrective-Low-3,Control System Checks,"5,0",Minutes,9,"1,2,3,4","Electrician, Mecanician, Inspector Junior, Inspector Senior",,,,,"0,0",Minutes,Flanders,,
548,55,,To do,11,Corrective-Low-4,Testing and Validation,"5,0",Minutes,10,"1,2,3,4","Electrician, Mecanician, Inspector Junior, Inspector Senior",,,,,"0,0",Minutes,Flanders,,
549,55,,To do,12,Corrective-Low-5,Documentation and Reporting,"5,0",Minutes,11,"1,2,3,4","Electrician, Mecanician, Inspector Junior, Inspector Senior",,,,,"0,0",Minutes,Flanders,,
550,55,,To do,13,Corrective-Low-6,Post-Maintenance Adjustments,"5,0",Minutes,12,"1,2,3,4","Electrician, Mecanician, Inspector Junior, Inspector Senior",,,,,"0,0",Minutes,Flanders,,
551,55,,To do,14,Corrective-Low-7,System Cleanup and Safety Checks,"10,0",Minutes,13,"1,2,3,4","Electrician, Mecanician, Inspector Junior, Inspector Senior",,,,,"0,0",Minutes,Flanders,,
538,56,,To do,8,Corrective-Low-1,Diagnostics and Troubleshooting,"30,0",Minutes,,"1,2,3,4","Electrician, Mecanician, Inspector Junior, Inspector Senior",,,,,"0,0",Minutes,Flanders,,
539,56,,To do,9,Corrective-Low-2,Component Repair and Replacement,"1,0",Hours,8,"1,2,3,4","Electrician, Mecanician, Inspector Junior, Inspector Senior",,,,,"0,0",Minutes,Flanders,,
540,56,,To do,10,Corrective-Low-3,Control System Checks,"5,0",Minutes,9,"1,2,3,4","Electrician, Mecanician, Inspector Junior, Inspector Senior",,,,,"0,0",Minutes,Flanders,,
541,56,,To do,11,Corrective-Low-4,Testing and Validation,"5,0",Minutes,10,"1,2,3,4","Electrician, Mecanician, Inspector Junior, Inspector Senior",,,,,"0,0",Minutes,Flanders,,
542,56,,To do,12,Corrective-Low-5,Documentation and Reporting,"5,0",Minutes,11,"1,2,3,4","Electrician, Mecanician, Inspector Junior, Inspector Senior",,,,,"0,0",Minutes,Flanders,,
543,56,,To do,13,Corrective-Low-6,Post-Maintenance Adjustments,"5,0",Minutes,12,"1,2,3,4","Electrician, Mecanician, Inspector Junior, Inspector Senior",,,,,"0,0",Minutes,Flanders,,
544,56,,To do,14,Corrective-Low-7,System Cleanup and Safety Checks,"10,0",Minutes,13,"1,2,3,4","Electrician, Mecanician, Inspector Junior, Inspector Senior",,,,,"0,0",Minutes,Flanders,,
531,57,,To do,8,Corrective-Low-1,Diagnostics and Troubleshooting,"30,0",Minutes,,"1,2,3,4","Electrician, Mecanician, Inspector Junior, Inspector Senior",,,,,"0,0",Minutes,Flanders,,
532,57,,To do,9,Corrective-Low-2,Component Repair and Replacement,"1,0",Hours,8,"1,2,3,4","Electrician, Mecanician, Inspector Junior, Inspector Senior",,,,,"0,0",Minutes,Flanders,,
533,57,,To do,10,Corrective-Low-3,Control System Checks,"5,0",Minutes,9,"1,2,3,4","Electrician, Mecanician, Inspector Junior, Inspector Senior",,,,,"0,0",Minutes,Flanders,,
534,57,,To do,11,Corrective-Low-4,Testing and Validation,"5,0",Minutes,10,"1,2,3,4","Electrician, Mecanician, Inspector Junior, Inspector Senior",,,,,"0,0",Minutes,Flanders,,
535,57,,To do,12,Corrective-Low-5,Documentation and Reporting,"5,0",Minutes,11,"1,2,3,4","Electrician, Mecanician, Inspector Junior, Inspector Senior",,,,,"0,0",Minutes,Flanders,,
536,57,,To do,13,Corrective-Low-6,Post-Maintenance Adjustments,"5,0",Minutes,12,"1,2,3,4","Electrician, Mecanician, Inspector Junior, Inspector Senior",,,,,"0,0",Minutes,Flanders,,
537,57,,To do,14,Corrective-Low-7,System Cleanup and Safety Checks,"10,0",Minutes,13,"1,2,3,4","Electrician, Mecanician, Inspector Junior, Inspector Senior",,,,,"0,0",Minutes,Flanders,,
524,58,,To do,8,Corrective-Low-1,Diagnostics and Troubleshooting,"30,0",Minutes,,"1,2,3,4","Electrician, Mecanician, Inspector Junior, Inspector Senior",,,,,"0,0",Minutes,Flanders,,
525,58,,To do,9,Corrective-Low-2,Component Repair and Replacement,"1,0",Hours,8,"1,2,3,4","Electrician, Mecanician, Inspector Junior, Inspector Senior",,,,,"0,0",Minutes,Flanders,,
526,58,,To do,10,Corrective-Low-3,Control System Checks,"5,0",Minutes,9,"1,2,3,4","Electrician, Mecanician, Inspector Junior, Inspector Senior",,,,,"0,0",Minutes,Flanders,,
527,58,,To do,11,Corrective-Low-4,Testing and Validation,"5,0",Minutes,10,"1,2,3,4","Electrician, Mecanician, Inspector Junior, Inspector Senior",,,,,"0,0",Minutes,Flanders,,
528,58,,To do,12,Corrective-Low-5,Documentation and Reporting,"5,0",Minutes,11,"1,2,3,4","Electrician, Mecanician, Inspector Junior, Inspector Senior",,,,,"0,0",Minutes,Flanders,,
529,58,,To do,13,Corrective-Low-6,Post-Maintenance Adjustments,"5,0",Minutes,12,"1,2,3,4","Electrician, Mecanician, Inspector Junior, Inspector Senior",,,,,"0,0",Minutes,Flanders,,
530,58,,To do,14,Corrective-Low-7,System Cleanup and Safety Checks,"10,0",Minutes,13,"1,2,3,4","Electrician, Mecanician, Inspector Junior, Inspector Senior",,,,,"0,0",Minutes,Flanders,,
517,59,,To do,8,Corrective-Low-1,Diagnostics and Troubleshooting,"30,0",Minutes,,"1,2,3,4","Electrician, Mecanician, Inspector Junior, Inspector Senior",,,,,"0,0",Minutes,Flanders,,
518,59,,To do,9,Corrective-Low-2,Component Repair and Replacement,"1,0",Hours,8,"1,2,3,4","Electrician, Mecanician, Inspector Junior, Inspector Senior",,,,,"0,0",Minutes,Flanders,,
519,59,,To do,10,Corrective-Low-3,Control System Checks,"5,0",Minutes,9,"1,2,3,4","Electrician, Mecanician, Inspector Junior, Inspector Senior",,,,,"0,0",Minutes,Flanders,,
520,59,,To do,11,Corrective-Low-4,Testing and Validation,"5,0",Minutes,10,"1,2,3,4","Electrician, Mecanician, Inspector Junior, Inspector Senior",,,,,"0,0",Minutes,Flanders,,
521,59,,To do,12,Corrective-Low-5,Documentation and Reporting,"5,0",Minutes,11,"1,2,3,4","Electrician, Mecanician, Inspector Junior, Inspector Senior",,,,,"0,0",Minutes,Flanders,,
522,59,,To do,13,Corrective-Low-6,Post-Maintenance Adjustments,"5,0",Minutes,12,"1,2,3,4","Electrician, Mecanician, Inspector Junior, Inspector Senior",,,,,"0,0",Minutes,Flanders,,
523,59,,To do,14,Corrective-Low-7,System Cleanup and Safety Checks,"10,0",Minutes,13,"1,2,3,4","Electrician, Mecanician, Inspector Junior, Inspector Senior",,,,,"0,0",Minutes,Flanders,,
510,60,,To do,8,Corrective-Low-1,Diagnostics and Troubleshooting,"30,0",Minutes,,"1,2,3,4","Electrician, Mecanician, Inspector Junior, Inspector Senior",,,,,"0,0",Minutes,Flanders,,
511,60,,To do,9,Corrective-Low-2,Component Repair and Replacement,"1,0",Hours,8,"1,2,3,4","Electrician, Mecanician, Inspector Junior, Inspector Senior",,,,,"0,0",Minutes,Flanders,,
512,60,,To do,10,Corrective-Low-3,Control System Checks,"5,0",Minutes,9,"1,2,3,4","Electrician, Mecanician, Inspector Junior, Inspector Senior",,,,,"0,0",Minutes,Flanders,,
513,60,,To do,11,Corrective-Low-4,Testing and Validation,"5,0",Minutes,10,"1,2,3,4","Electrician, Mecanician, Inspector Junior, Inspector Senior",,,,,"0,0",Minutes,Flanders,,
514,60,,To do,12,Corrective-Low-5,Documentation and Reporting,"5,0",Minutes,11,"1,2,3,4","Electrician, Mecanician, Inspector Junior, Inspector Senior",,,,,"0,0",Minutes,Flanders,,
515,60,,To do,13,Corrective-Low-6,Post-Maintenance Adjustments,"5,0",Minutes,12,"1,2,3,4","Electrician, Mecanician, Inspector Junior, Inspector Senior",,,,,"0,0",Minutes,Flanders,,
516,60,,To do,14,Corrective-Low-7,System Cleanup and Safety Checks,"10,0",Minutes,13,"1,2,3,4","Electrician, Mecanician, Inspector Junior, Inspector Senior",,,,,"0,0",Minutes,Flanders,,
566,61,,To do,15,Preventive-monthly-1,Safety Systems Check,"30,0",Minutes,,"3,4","Inspector Junior, Inspector Senior",4/11/2024,8/11/2024,,,"0,0",Minutes,Wallonia,,
567,61,,To do,16,Preventive-monthly-2,Structural and Mechanical Inspection,"30,0",Minutes,15,"3,4","Inspector Junior, Inspector Senior",4/11/2024,8/11/2024,,,"0,0",Minutes,Wallonia,,
568,61,,To do,17,Preventive-monthly-3,Electrical and Control Systems Examination,"30,0",Minutes,16,"3,4","Inspector Junior, Inspector Senior",4/11/2024,8/11/2024,,,"0,0",Minutes,Wallonia,,
569,61,,To do,18,Preventive-monthly-4,Performance and Load Testing,"50,0",Minutes,17,"3,4","Inspector Junior, Inspector Senior",4/11/2024,8/11/2024,,,"0,0",Minutes,Wallonia,,
570,61,,To do,19,Preventive-monthly-5,Documentation and Compliance Verification,"10,0",Minutes,18,"3,4","Inspector Junior, Inspector Senior",4/11/2024,8/11/2024,,,"0,0",Minutes,Wallonia,,
631,62,,To do,15,Preventive-monthly-1,Safety Systems Check,"30,0",Minutes,,"3,4","Inspector Junior, Inspector Senior",4/11/2024,8/11/2024,,,"0,0",Minutes,Wallonia,,
632,62,,To do,16,Preventive-monthly-2,Structural and Mechanical Inspection,"30,0",Minutes,15,"3,4","Inspector Junior, Inspector Senior",4/11/2024,8/11/2024,,,"0,0",Minutes,Wallonia,,
633,62,,To do,17,Preventive-monthly-3,Electrical and Control Systems Examination,"30,0",Minutes,16,"3,4","Inspector Junior, Inspector Senior",4/11/2024,8/11/2024,,,"0,0",Minutes,Wallonia,,
634,62,,To do,18,Preventive-monthly-4,Performance and Load Testing,"50,0",Minutes,17,"3,4","Inspector Junior, Inspector Senior",4/11/2024,8/11/2024,,,"0,0",Minutes,Wallonia,,
635,62,,To do,19,Preventive-monthly-5,Documentation and Compliance Verification,"10,0",Minutes,18,"3,4","Inspector Junior, Inspector Senior",4/11/2024,8/11/2024,,,"0,0",Minutes,Wallonia,,
626,63,,To do,15,Preventive-monthly-1,Safety Systems Check,"30,0",Minutes,,"3,4","Inspector Junior, Inspector Senior",4/11/2024,8/11/2024,,,"0,0",Minutes,Wallonia,,
627,63,,To do,16,Preventive-monthly-2,Structural and Mechanical Inspection,"30,0",Minutes,15,"3,4","Inspector Junior, Inspector Senior",4/11/2024,8/11/2024,,,"0,0",Minutes,Wallonia,,
628,63,,To do,17,Preventive-monthly-3,Electrical and Control Systems Examination,"30,0",Minutes,16,"3,4","Inspector Junior, Inspector Senior",4/11/2024,8/11/2024,,,"0,0",Minutes,Wallonia,,
629,63,,To do,18,Preventive-monthly-4,Performance and Load Testing,"50,0",Minutes,17,"3,4","Inspector Junior, Inspector Senior",4/11/2024,8/11/2024,,,"0,0",Minutes,Wallonia,,
630,63,,To do,19,Preventive-monthly-5,Documentation and Compliance Verification,"10,0",Minutes,18,"3,4","Inspector Junior, Inspector Senior",4/11/2024,8/11/2024,,,"0,0",Minutes,Wallonia,,
639,64,,To do,15,Preventive-monthly-1,Safety Systems Check,"30,0",Minutes,,"3,4","Inspector Junior, Inspector Senior",11/11/2024,15/11/2024,,,"0,0",Minutes,Wallonia,,
640,64,,To do,16,Preventive-monthly-2,Structural and Mechanical Inspection,"30,0",Minutes,15,"3,4","Inspector Junior, Inspector Senior",11/11/2024,15/11/2024,,,"0,0",Minutes,Wallonia,,
641,64,,To do,17,Preventive-monthly-3,Electrical and Control Systems Examination,"30,0",Minutes,16,"3,4","Inspector Junior, Inspector Senior",11/11/2024,15/11/2024,,,"0,0",Minutes,Wallonia,,
642,64,,To do,18,Preventive-monthly-4,Performance and Load Testing,"50,0",Minutes,17,"3,4","Inspector Junior, Inspector Senior",11/11/2024,15/11/2024,,,"0,0",Minutes,Wallonia,,
643,64,,To do,19,Preventive-monthly-5,Documentation and Compliance Verification,"10,0",Minutes,18,"3,4","Inspector Junior, Inspector Senior",11/11/2024,15/11/2024,,,"0,0",Minutes,Wallonia,,
621,65,,To do,15,Preventive-monthly-1,Safety Systems Check,"30,0",Minutes,,"3,4","Inspector Junior, Inspector Senior",4/11/2024,8/11/2024,,,"0,0",Minutes,Wallonia,,
622,65,,To do,16,Preventive-monthly-2,Structural and Mechanical Inspection,"30,0",Minutes,15,"3,4","Inspector Junior, Inspector Senior",4/11/2024,8/11/2024,,,"0,0",Minutes,Wallonia,,
623,65,,To do,17,Preventive-monthly-3,Electrical and Control Systems Examination,"30,0",Minutes,16,"3,4","Inspector Junior, Inspector Senior",4/11/2024,8/11/2024,,,"0,0",Minutes,Wallonia,,
624,65,,To do,18,Preventive-monthly-4,Performance and Load Testing,"50,0",Minutes,17,"3,4","Inspector Junior, Inspector Senior",4/11/2024,8/11/2024,,,"0,0",Minutes,Wallonia,,
625,65,,To do,19,Preventive-monthly-5,Documentation and Compliance Verification,"10,0",Minutes,18,"3,4","Inspector Junior, Inspector Senior",4/11/2024,8/11/2024,,,"0,0",Minutes,Wallonia,,
616,66,,To do,15,Preventive-monthly-1,Safety Systems Check,"30,0",Minutes,,"3,4","Inspector Junior, Inspector Senior",4/11/2024,8/11/2024,,,"0,0",Minutes,Wallonia,,
617,66,,To do,16,Preventive-monthly-2,Structural and Mechanical Inspection,"30,0",Minutes,15,"3,4","Inspector Junior, Inspector Senior",4/11/2024,8/11/2024,,,"0,0",Minutes,Wallonia,,
618,66,,To do,17,Preventive-monthly-3,Electrical and Control Systems Examination,"30,0",Minutes,16,"3,4","Inspector Junior, Inspector Senior",4/11/2024,8/11/2024,,,"0,0",Minutes,Wallonia,,
619,66,,To do,18,Preventive-monthly-4,Performance and Load Testing,"50,0",Minutes,17,"3,4","Inspector Junior, Inspector Senior",4/11/2024,8/11/2024,,,"0,0",Minutes,Wallonia,,
620,66,,To do,19,Preventive-monthly-5,Documentation and Compliance Verification,"10,0",Minutes,18,"3,4","Inspector Junior, Inspector Senior",4/11/2024,8/11/2024,,,"0,0",Minutes,Wallonia,,
611,67,,To do,15,Preventive-monthly-1,Safety Systems Check,"30,0",Minutes,,"3,4","Inspector Junior, Inspector Senior",4/11/2024,8/11/2024,,,"0,0",Minutes,Wallonia,,
612,67,,To do,16,Preventive-monthly-2,Structural and Mechanical Inspection,"30,0",Minutes,15,"3,4","Inspector Junior, Inspector Senior",4/11/2024,8/11/2024,,,"0,0",Minutes,Wallonia,,
613,67,,To do,17,Preventive-monthly-3,Electrical and Control Systems Examination,"30,0",Minutes,16,"3,4","Inspector Junior, Inspector Senior",4/11/2024,8/11/2024,,,"0,0",Minutes,Wallonia,,
614,67,,To do,18,Preventive-monthly-4,Performance and Load Testing,"50,0",Minutes,17,"3,4","Inspector Junior, Inspector Senior",4/11/2024,8/11/2024,,,"0,0",Minutes,Wallonia,,
615,67,,To do,19,Preventive-monthly-5,Documentation and Compliance Verification,"10,0",Minutes,18,"3,4","Inspector Junior, Inspector Senior",4/11/2024,8/11/2024,,,"0,0",Minutes,Wallonia,,
606,68,,To do,15,Preventive-monthly-1,Safety Systems Check,"30,0",Minutes,,"3,4","Inspector Junior, Inspector Senior",4/11/2024,8/11/2024,,,"0,0",Minutes,Wallonia,,
607,68,,To do,16,Preventive-monthly-2,Structural and Mechanical Inspection,"30,0",Minutes,15,"3,4","Inspector Junior, Inspector Senior",4/11/2024,8/11/2024,,,"0,0",Minutes,Wallonia,,
608,68,,To do,17,Preventive-monthly-3,Electrical and Control Systems Examination,"30,0",Minutes,16,"3,4","Inspector Junior, Inspector Senior",4/11/2024,8/11/2024,,,"0,0",Minutes,Wallonia,,
609,68,,To do,18,Preventive-monthly-4,Performance and Load Testing,"50,0",Minutes,17,"3,4","Inspector Junior, Inspector Senior",4/11/2024,8/11/2024,,,"0,0",Minutes,Wallonia,,
610,68,,To do,19,Preventive-monthly-5,Documentation and Compliance Verification,"10,0",Minutes,18,"3,4","Inspector Junior, Inspector Senior",4/11/2024,8/11/2024,,,"0,0",Minutes,Wallonia,,
601,69,,To do,15,Preventive-monthly-1,Safety Systems Check,"30,0",Minutes,,"3,4","Inspector Junior, Inspector Senior",11/11/2024,15/11/2024,,,"0,0",Minutes,Wallonia,,
602,69,,To do,16,Preventive-monthly-2,Structural and Mechanical Inspection,"30,0",Minutes,15,"3,4","Inspector Junior, Inspector Senior",11/11/2024,15/11/2024,,,"0,0",Minutes,Wallonia,,
603,69,,To do,17,Preventive-monthly-3,Electrical and Control Systems Examination,"30,0",Minutes,16,"3,4","Inspector Junior, Inspector Senior",11/11/2024,15/11/2024,,,"0,0",Minutes,Wallonia,,
604,69,,To do,18,Preventive-monthly-4,Performance and Load Testing,"50,0",Minutes,17,"3,4","Inspector Junior, Inspector Senior",11/11/2024,15/11/2024,,,"0,0",Minutes,Wallonia,,
605,69,,To do,19,Preventive-monthly-5,Documentation and Compliance Verification,"10,0",Minutes,18,"3,4","Inspector Junior, Inspector Senior",11/11/2024,15/11/2024,,,"0,0",Minutes,Wallonia,,
596,70,,To do,15,Preventive-monthly-1,Safety Systems Check,"30,0",Minutes,,"3,4","Inspector Junior, Inspector Senior",11/11/2024,15/11/2024,,,"0,0",Minutes,Wallonia,,
597,70,,To do,16,Preventive-monthly-2,Structural and Mechanical Inspection,"30,0",Minutes,15,"3,4","Inspector Junior, Inspector Senior",11/11/2024,15/11/2024,,,"0,0",Minutes,Wallonia,,
598,70,,To do,17,Preventive-monthly-3,Electrical and Control Systems Examination,"30,0",Minutes,16,"3,4","Inspector Junior, Inspector Senior",11/11/2024,15/11/2024,,,"0,0",Minutes,Wallonia,,
599,70,,To do,18,Preventive-monthly-4,Performance and Load Testing,"50,0",Minutes,17,"3,4","Inspector Junior, Inspector Senior",11/11/2024,15/11/2024,,,"0,0",Minutes,Wallonia,,
600,70,,To do,19,Preventive-monthly-5,Documentation and Compliance Verification,"10,0",Minutes,18,"3,4","Inspector Junior, Inspector Senior",11/11/2024,15/11/2024,,,"0,0",Minutes,Wallonia,,
644,71,,To do,15,Preventive-monthly-1,Safety Systems Check,"30,0",Minutes,,"3,4","Inspector Junior, Inspector Senior",4/11/2024,8/11/2024,,,"0,0",Minutes,Wallonia,,
645,71,,To do,16,Preventive-monthly-2,Structural and Mechanical Inspection,"30,0",Minutes,15,"3,4","Inspector Junior, Inspector Senior",4/11/2024,8/11/2024,,,"0,0",Minutes,Wallonia,,
646,71,,To do,17,Preventive-monthly-3,Electrical and Control Systems Examination,"30,0",Minutes,16,"3,4","Inspector Junior, Inspector Senior",4/11/2024,8/11/2024,,,"0,0",Minutes,Wallonia,,
647,71,,To do,18,Preventive-monthly-4,Performance and Load Testing,"50,0",Minutes,17,"3,4","Inspector Junior, Inspector Senior",4/11/2024,8/11/2024,,,"0,0",Minutes,Wallonia,,
648,71,,To do,19,Preventive-monthly-5,Documentation and Compliance Verification,"10,0",Minutes,18,"3,4","Inspector Junior, Inspector Senior",4/11/2024,8/11/2024,,,"0,0",Minutes,Wallonia,,
591,72,,To do,15,Preventive-monthly-1,Safety Systems Check,"30,0",Minutes,,"3,4","Inspector Junior, Inspector Senior",4/11/2024,8/11/2024,,,"0,0",Minutes,Wallonia,,
592,72,,To do,16,Preventive-monthly-2,Structural and Mechanical Inspection,"30,0",Minutes,15,"3,4","Inspector Junior, Inspector Senior",4/11/2024,8/11/2024,,,"0,0",Minutes,Wallonia,,
593,72,,To do,17,Preventive-monthly-3,Electrical and Control Systems Examination,"30,0",Minutes,16,"3,4","Inspector Junior, Inspector Senior",4/11/2024,8/11/2024,,,"0,0",Minutes,Wallonia,,
594,72,,To do,18,Preventive-monthly-4,Performance and Load Testing,"50,0",Minutes,17,"3,4","Inspector Junior, Inspector Senior",4/11/2024,8/11/2024,,,"0,0",Minutes,Wallonia,,
595,72,,To do,19,Preventive-monthly-5,Documentation and Compliance Verification,"10,0",Minutes,18,"3,4","Inspector Junior, Inspector Senior",4/11/2024,8/11/2024,,,"0,0",Minutes,Wallonia,,
586,73,,To do,15,Preventive-monthly-1,Safety Systems Check,"30,0",Minutes,,"3,4","Inspector Junior, Inspector Senior",4/11/2024,8/11/2024,,,"0,0",Minutes,Wallonia,,
587,73,,To do,16,Preventive-monthly-2,Structural and Mechanical Inspection,"30,0",Minutes,15,"3,4","Inspector Junior, Inspector Senior",4/11/2024,8/11/2024,,,"0,0",Minutes,Wallonia,,
588,73,,To do,17,Preventive-monthly-3,Electrical and Control Systems Examination,"30,0",Minutes,16,"3,4","Inspector Junior, Inspector Senior",4/11/2024,8/11/2024,,,"0,0",Minutes,Wallonia,,
589,73,,To do,18,Preventive-monthly-4,Performance and Load Testing,"50,0",Minutes,17,"3,4","Inspector Junior, Inspector Senior",4/11/2024,8/11/2024,,,"0,0",Minutes,Wallonia,,
590,73,,To do,19,Preventive-monthly-5,Documentation and Compliance Verification,"10,0",Minutes,18,"3,4","Inspector Junior, Inspector Senior",4/11/2024,8/11/2024,,,"0,0",Minutes,Wallonia,,
581,74,,To do,15,Preventive-monthly-1,Safety Systems Check,"30,0",Minutes,,"3,4","Inspector Junior, Inspector Senior",4/11/2024,8/11/2024,,,"0,0",Minutes,Wallonia,,
582,74,,To do,16,Preventive-monthly-2,Structural and Mechanical Inspection,"30,0",Minutes,15,"3,4","Inspector Junior, Inspector Senior",4/11/2024,8/11/2024,,,"0,0",Minutes,Wallonia,,
583,74,,To do,17,Preventive-monthly-3,Electrical and Control Systems Examination,"30,0",Minutes,16,"3,4","Inspector Junior, Inspector Senior",4/11/2024,8/11/2024,,,"0,0",Minutes,Wallonia,,
584,74,,To do,18,Preventive-monthly-4,Performance and Load Testing,"50,0",Minutes,17,"3,4","Inspector Junior, Inspector Senior",4/11/2024,8/11/2024,,,"0,0",Minutes,Wallonia,,
585,74,,To do,19,Preventive-monthly-5,Documentation and Compliance Verification,"10,0",Minutes,18,"3,4","Inspector Junior, Inspector Senior",4/11/2024,8/11/2024,,,"0,0",Minutes,Wallonia,,
649,75,,To do,15,Preventive-monthly-1,Safety Systems Check,"30,0",Minutes,,"3,4","Inspector Junior, Inspector Senior",4/11/2024,8/11/2024,,,"0,0",Minutes,Wallonia,,
650,75,,To do,16,Preventive-monthly-2,Structural and Mechanical Inspection,"30,0",Minutes,15,"3,4","Inspector Junior, Inspector Senior",4/11/2024,8/11/2024,,,"0,0",Minutes,Wallonia,,
651,75,,To do,17,Preventive-monthly-3,Electrical and Control Systems Examination,"30,0",Minutes,16,"3,4","Inspector Junior, Inspector Senior",4/11/2024,8/11/2024,,,"0,0",Minutes,Wallonia,,
652,75,,To do,18,Preventive-monthly-4,Performance and Load Testing,"50,0",Minutes,17,"3,4","Inspector Junior, Inspector Senior",4/11/2024,8/11/2024,,,"0,0",Minutes,Wallonia,,
653,75,,To do,19,Preventive-monthly-5,Documentation and Compliance Verification,"10,0",Minutes,18,"3,4","Inspector Junior, Inspector Senior",4/11/2024,8/11/2024,,,"0,0",Minutes,Wallonia,,
654,76,,To do,15,Preventive-monthly-1,Safety Systems Check,"30,0",Minutes,,"3,4","Inspector Junior, Inspector Senior",4/11/2024,8/11/2024,,,"0,0",Minutes,Wallonia,,
655,76,,To do,16,Preventive-monthly-2,Structural and Mechanical Inspection,"30,0",Minutes,15,"3,4","Inspector Junior, Inspector Senior",4/11/2024,8/11/2024,,,"0,0",Minutes,Wallonia,,
656,76,,To do,17,Preventive-monthly-3,Electrical and Control Systems Examination,"30,0",Minutes,16,"3,4","Inspector Junior, Inspector Senior",4/11/2024,8/11/2024,,,"0,0",Minutes,Wallonia,,
657,76,,To do,18,Preventive-monthly-4,Performance and Load Testing,"50,0",Minutes,17,"3,4","Inspector Junior, Inspector Senior",4/11/2024,8/11/2024,,,"0,0",Minutes,Wallonia,,
658,76,,To do,19,Preventive-monthly-5,Documentation and Compliance Verification,"10,0",Minutes,18,"3,4","Inspector Junior, Inspector Senior",4/11/2024,8/11/2024,,,"0,0",Minutes,Wallonia,,
659,77,,To do,8,Corrective-Low-1,Diagnostics and Troubleshooting,"30,0",Minutes,,"1,2,3,4","Electrician, Mecanician, Inspector Junior, Inspector Senior",,,,,"0,0",Minutes,Wallonia,,
660,77,,To do,9,Corrective-Low-2,Component Repair and Replacement,"1,0",Hours,8,"1,2,3,4","Electrician, Mecanician, Inspector Junior, Inspector Senior",,,,,"0,0",Minutes,Wallonia,,
661,77,,To do,10,Corrective-Low-3,Control System Checks,"5,0",Minutes,9,"1,2,3,4","Electrician, Mecanician, Inspector Junior, Inspector Senior",,,,,"0,0",Minutes,Wallonia,,
662,77,,To do,11,Corrective-Low-4,Testing and Validation,"5,0",Minutes,10,"1,2,3,4","Electrician, Mecanician, Inspector Junior, Inspector Senior",,,,,"0,0",Minutes,Wallonia,,
663,77,,To do,12,Corrective-Low-5,Documentation and Reporting,"5,0",Minutes,11,"1,2,3,4","Electrician, Mecanician, Inspector Junior, Inspector Senior",,,,,"0,0",Minutes,Wallonia,,
664,77,,To do,13,Corrective-Low-6,Post-Maintenance Adjustments,"5,0",Minutes,12,"1,2,3,4","Electrician, Mecanician, Inspector Junior, Inspector Senior",,,,,"0,0",Minutes,Wallonia,,
665,77,,To do,14,Corrective-Low-7,System Cleanup and Safety Checks,"10,0",Minutes,13,"1,2,3,4","Electrician, Mecanician, Inspector Junior, Inspector Senior",,,,,"0,0",Minutes,Wallonia,,
666,78,,To do,8,Corrective-Low-1,Diagnostics and Troubleshooting,"30,0",Minutes,,"1,2,3,4","Electrician, Mecanician, Inspector Junior, Inspector Senior",,,,,"0,0",Minutes,Wallonia,,
667,78,,To do,9,Corrective-Low-2,Component Repair and Replacement,"1,0",Hours,8,"1,2,3,4","Electrician, Mecanician, Inspector Junior, Inspector Senior",,,,,"0,0",Minutes,Wallonia,,
668,78,,To do,10,Corrective-Low-3,Control System Checks,"5,0",Minutes,9,"1,2,3,4","Electrician, Mecanician, Inspector Junior, Inspector Senior",,,,,"0,0",Minutes,Wallonia,,
669,78,,To do,11,Corrective-Low-4,Testing and Validation,"5,0",Minutes,10,"1,2,3,4","Electrician, Mecanician, Inspector Junior, Inspector Senior",,,,,"0,0",Minutes,Wallonia,,
670,78,,To do,12,Corrective-Low-5,Documentation and Reporting,"5,0",Minutes,11,"1,2,3,4","Electrician, Mecanician, Inspector Junior, Inspector Senior",,,,,"0,0",Minutes,Wallonia,,
671,78,,To do,13,Corrective-Low-6,Post-Maintenance Adjustments,"5,0",Minutes,12,"1,2,3,4","Electrician, Mecanician, Inspector Junior, Inspector Senior",,,,,"0,0",Minutes,Wallonia,,
672,78,,To do,14,Corrective-Low-7,System Cleanup and Safety Checks,"10,0",Minutes,13,"1,2,3,4","Electrician, Mecanician, Inspector Junior, Inspector Senior",,,,,"0,0",Minutes,Wallonia,,
673,79,,To do,8,Corrective-Low-1,Diagnostics and Troubleshooting,"30,0",Minutes,,"1,2,3,4","Electrician, Mecanician, Inspector Junior, Inspector Senior",,,,,"0,0",Minutes,Wallonia,,
674,79,,To do,9,Corrective-Low-2,Component Repair and Replacement,"1,0",Hours,8,"1,2,3,4","Electrician, Mecanician, Inspector Junior, Inspector Senior",,,,,"0,0",Minutes,Wallonia,,
675,79,,To do,10,Corrective-Low-3,Control System Checks,"5,0",Minutes,9,"1,2,3,4","Electrician, Mecanician, Inspector Junior, Inspector Senior",,,,,"0,0",Minutes,Wallonia,,
676,79,,To do,11,Corrective-Low-4,Testing and Validation,"5,0",Minutes,10,"1,2,3,4","Electrician, Mecanician, Inspector Junior, Inspector Senior",,,,,"0,0",Minutes,Wallonia,,
677,79,,To do,12,Corrective-Low-5,Documentation and Reporting,"5,0",Minutes,11,"1,2,3,4","Electrician, Mecanician, Inspector Junior, Inspector Senior",,,,,"0,0",Minutes,Wallonia,,
678,79,,To do,13,Corrective-Low-6,Post-Maintenance Adjustments,"5,0",Minutes,12,"1,2,3,4","Electrician, Mecanician, Inspector Junior, Inspector Senior",,,,,"0,0",Minutes,Wallonia,,
679,79,,To do,14,Corrective-Low-7,System Cleanup and Safety Checks,"10,0",Minutes,13,"1,2,3,4","Electrician, Mecanician, Inspector Junior, Inspector Senior",,,,,"0,0",Minutes,Wallonia,,
680,80,,To do,8,Corrective-Low-1,Diagnostics and Troubleshooting,"30,0",Minutes,,"1,2,3,4","Electrician, Mecanician, Inspector Junior, Inspector Senior",,,,,"0,0",Minutes,Wallonia,,
681,80,,To do,9,Corrective-Low-2,Component Repair and Replacement,"1,0",Hours,8,"1,2,3,4","Electrician, Mecanician, Inspector Junior, Inspector Senior",,,,,"0,0",Minutes,Wallonia,,
682,80,,To do,10,Corrective-Low-3,Control System Checks,"5,0",Minutes,9,"1,2,3,4","Electrician, Mecanician, Inspector Junior, Inspector Senior",,,,,"0,0",Minutes,Wallonia,,
683,80,,To do,11,Corrective-Low-4,Testing and Validation,"5,0",Minutes,10,"1,2,3,4","Electrician, Mecanician, Inspector Junior, Inspector Senior",,,,,"0,0",Minutes,Wallonia,,
684,80,,To do,12,Corrective-Low-5,Documentation and Reporting,"5,0",Minutes,11,"1,2,3,4","Electrician, Mecanician, Inspector Junior, Inspector Senior",,,,,"0,0",Minutes,Wallonia,,
685,80,,To do,13,Corrective-Low-6,Post-Maintenance Adjustments,"5,0",Minutes,12,"1,2,3,4","Electrician, Mecanician, Inspector Junior, Inspector Senior",,,,,"0,0",Minutes,Wallonia,,
686,80,,To do,14,Corrective-Low-7,System Cleanup and Safety Checks,"10,0",Minutes,13,"1,2,3,4","Electrician, Mecanician, Inspector Junior, Inspector Senior",,,,,"0,0",Minutes,Wallonia,,
687,81,,To do,8,Corrective-Low-1,Diagnostics and Troubleshooting,"30,0",Minutes,,"1,2,3,4","Electrician, Mecanician, Inspector Junior, Inspector Senior",,,,,"0,0",Minutes,Wallonia,,
688,81,,To do,9,Corrective-Low-2,Component Repair and Replacement,"1,0",Hours,8,"1,2,3,4","Electrician, Mecanician, Inspector Junior, Inspector Senior",,,,,"0,0",Minutes,Wallonia,,
689,81,,To do,10,Corrective-Low-3,Control System Checks,"5,0",Minutes,9,"1,2,3,4","Electrician, Mecanician, Inspector Junior, Inspector Senior",,,,,"0,0",Minutes,Wallonia,,
690,81,,To do,11,Corrective-Low-4,Testing and Validation,"5,0",Minutes,10,"1,2,3,4","Electrician, Mecanician, Inspector Junior, Inspector Senior",,,,,"0,0",Minutes,Wallonia,,
691,81,,To do,12,Corrective-Low-5,Documentation and Reporting,"5,0",Minutes,11,"1,2,3,4","Electrician, Mecanician, Inspector Junior, Inspector Senior",,,,,"0,0",Minutes,Wallonia,,
692,81,,To do,13,Corrective-Low-6,Post-Maintenance Adjustments,"5,0",Minutes,12,"1,2,3,4","Electrician, Mecanician, Inspector Junior, Inspector Senior",,,,,"0,0",Minutes,Wallonia,,
693,81,,To do,14,Corrective-Low-7,System Cleanup and Safety Checks,"10,0",Minutes,13,"1,2,3,4","Electrician, Mecanician, Inspector Junior, Inspector Senior",,,,,"0,0",Minutes,Wallonia,,
694,82,,To do,8,Corrective-Low-1,Diagnostics and Troubleshooting,"30,0",Minutes,,"1,2,3,4","Electrician, Mecanician, Inspector Junior, Inspector Senior",,,,,"0,0",Minutes,Wallonia,,
695,82,,To do,9,Corrective-Low-2,Component Repair and Replacement,"1,0",Hours,8,"1,2,3,4","Electrician, Mecanician, Inspector Junior, Inspector Senior",,,,,"0,0",Minutes,Wallonia,,
696,82,,To do,10,Corrective-Low-3,Control System Checks,"5,0",Minutes,9,"1,2,3,4","Electrician, Mecanician, Inspector Junior, Inspector Senior",,,,,"0,0",Minutes,Wallonia,,
697,82,,To do,11,Corrective-Low-4,Testing and Validation,"5,0",Minutes,10,"1,2,3,4","Electrician, Mecanician, Inspector Junior, Inspector Senior",,,,,"0,0",Minutes,Wallonia,,
698,82,,To do,12,Corrective-Low-5,Documentation and Reporting,"5,0",Minutes,11,"1,2,3,4","Electrician, Mecanician, Inspector Junior, Inspector Senior",,,,,"0,0",Minutes,Wallonia,,
699,82,,To do,13,Corrective-Low-6,Post-Maintenance Adjustments,"5,0",Minutes,12,"1,2,3,4","Electrician, Mecanician, Inspector Junior, Inspector Senior",,,,,"0,0",Minutes,Wallonia,,
700,82,,To do,14,Corrective-Low-7,System Cleanup and Safety Checks,"10,0",Minutes,13,"1,2,3,4","Electrician, Mecanician, Inspector Junior, Inspector Senior",,,,,"0,0",Minutes,Wallonia,,
701,83,,To do,8,Corrective-Low-1,Diagnostics and Troubleshooting,"30,0",Minutes,,"1,2,3,4","Electrician, Mecanician, Inspector Junior, Inspector Senior",,,,,"0,0",Minutes,Wallonia,,
702,83,,To do,9,Corrective-Low-2,Component Repair and Replacement,"1,0",Hours,8,"1,2,3,4","Electrician, Mecanician, Inspector Junior, Inspector Senior",,,,,"0,0",Minutes,Wallonia,,
703,83,,To do,10,Corrective-Low-3,Control System Checks,"5,0",Minutes,9,"1,2,3,4","Electrician, Mecanician, Inspector Junior, Inspector Senior",,,,,"0,0",Minutes,Wallonia,,
704,83,,To do,11,Corrective-Low-4,Testing and Validation,"5,0",Minutes,10,"1,2,3,4","Electrician, Mecanician, Inspector Junior, Inspector Senior",,,,,"0,0",Minutes,Wallonia,,
705,83,,To do,12,Corrective-Low-5,Documentation and Reporting,"5,0",Minutes,11,"1,2,3,4","Electrician, Mecanician, Inspector Junior, Inspector Senior",,,,,"0,0",Minutes,Wallonia,,
706,83,,To do,13,Corrective-Low-6,Post-Maintenance Adjustments,"5,0",Minutes,12,"1,2,3,4","Electrician, Mecanician, Inspector Junior, Inspector Senior",,,,,"0,0",Minutes,Wallonia,,
707,83,,To do,14,Corrective-Low-7,System Cleanup and Safety Checks,"10,0",Minutes,13,"1,2,3,4","Electrician, Mecanician, Inspector Junior, Inspector Senior",,,,,"0,0",Minutes,Wallonia,,
708,84,,To do,8,Corrective-Low-1,Diagnostics and Troubleshooting,"30,0",Minutes,,"1,2,3,4","Electrician, Mecanician, Inspector Junior, Inspector Senior",,,,,"0,0",Minutes,Wallonia,,
709,84,,To do,9,Corrective-Low-2,Component Repair and Replacement,"1,0",Hours,8,"1,2,3,4","Electrician, Mecanician, Inspector Junior, Inspector Senior",,,,,"0,0",Minutes,Wallonia,,
710,84,,To do,10,Corrective-Low-3,Control System Checks,"5,0",Minutes,9,"1,2,3,4","Electrician, Mecanician, Inspector Junior, Inspector Senior",,,,,"0,0",Minutes,Wallonia,,
711,84,,To do,11,Corrective-Low-4,Testing and Validation,"5,0",Minutes,10,"1,2,3,4","Electrician, Mecanician, Inspector Junior, Inspector Senior",,,,,"0,0",Minutes,Wallonia,,
712,84,,To do,12,Corrective-Low-5,Documentation and Reporting,"5,0",Minutes,11,"1,2,3,4","Electrician, Mecanician, Inspector Junior, Inspector Senior",,,,,"0,0",Minutes,Wallonia,,
713,84,,To do,13,Corrective-Low-6,Post-Maintenance Adjustments,"5,0",Minutes,12,"1,2,3,4","Electrician, Mecanician, Inspector Junior, Inspector Senior",,,,,"0,0",Minutes,Wallonia,,
714,84,,To do,14,Corrective-Low-7,System Cleanup and Safety Checks,"10,0",Minutes,13,"1,2,3,4","Electrician, Mecanician, Inspector Junior, Inspector Senior",,,,,"0,0",Minutes,Wallonia,,
715,85,,To do,8,Corrective-Low-1,Diagnostics and Troubleshooting,"30,0",Minutes,,"1,2,3,4","Electrician, Mecanician, Inspector Junior, Inspector Senior",,,,,"0,0",Minutes,Wallonia,,
716,85,,To do,9,Corrective-Low-2,Component Repair and Replacement,"1,0",Hours,8,"1,2,3,4","Electrician, Mecanician, Inspector Junior, Inspector Senior",,,,,"0,0",Minutes,Wallonia,,
717,85,,To do,10,Corrective-Low-3,Control System Checks,"5,0",Minutes,9,"1,2,3,4","Electrician, Mecanician, Inspector Junior, Inspector Senior",,,,,"0,0",Minutes,Wallonia,,
718,85,,To do,11,Corrective-Low-4,Testing and Validation,"5,0",Minutes,10,"1,2,3,4","Electrician, Mecanician, Inspector Junior, Inspector Senior",,,,,"0,0",Minutes,Wallonia,,
719,85,,To do,12,Corrective-Low-5,Documentation and Reporting,"5,0",Minutes,11,"1,2,3,4","Electrician, Mecanician, Inspector Junior, Inspector Senior",,,,,"0,0",Minutes,Wallonia,,
720,85,,To do,13,Corrective-Low-6,Post-Maintenance Adjustments,"5,0",Minutes,12,"1,2,3,4","Electrician, Mecanician, Inspector Junior, Inspector Senior",,,,,"0,0",Minutes,Wallonia,,
721,85,,To do,14,Corrective-Low-7,System Cleanup and Safety Checks,"10,0",Minutes,13,"1,2,3,4","Electrician, Mecanician, Inspector Junior, Inspector Senior",,,,,"0,0",Minutes,Wallonia,,
722,86,,To do,8,Corrective-Low-1,Diagnostics and Troubleshooting,"30,0",Minutes,,"1,2,3,4","Electrician, Mecanician, Inspector Junior, Inspector Senior",,,,,"0,0",Minutes,Wallonia,,
723,86,,To do,9,Corrective-Low-2,Component Repair and Replacement,"1,0",Hours,8,"1,2,3,4","Electrician, Mecanician, Inspector Junior, Inspector Senior",,,,,"0,0",Minutes,Wallonia,,
724,86,,To do,10,Corrective-Low-3,Control System Checks,"5,0",Minutes,9,"1,2,3,4","Electrician, Mecanician, Inspector Junior, Inspector Senior",,,,,"0,0",Minutes,Wallonia,,
725,86,,To do,11,Corrective-Low-4,Testing and Validation,"5,0",Minutes,10,"1,2,3,4","Electrician, Mecanician, Inspector Junior, Inspector Senior",,,,,"0,0",Minutes,Wallonia,,
726,86,,To do,12,Corrective-Low-5,Documentation and Reporting,"5,0",Minutes,11,"1,2,3,4","Electrician, Mecanician, Inspector Junior, Inspector Senior",,,,,"0,0",Minutes,Wallonia,,
727,86,,To do,13,Corrective-Low-6,Post-Maintenance Adjustments,"5,0",Minutes,12,"1,2,3,4","Electrician, Mecanician, Inspector Junior, Inspector Senior",,,,,"0,0",Minutes,Wallonia,,
728,86,,To do,14,Corrective-Low-7,System Cleanup and Safety Checks,"10,0",Minutes,13,"1,2,3,4","Electrician, Mecanician, Inspector Junior, Inspector Senior",,,,,"0,0",Minutes,Wallonia,,
729,87,,To do,8,Corrective-Low-1,Diagnostics and Troubleshooting,"30,0",Minutes,,"1,2,3,4","Electrician, Mecanician, Inspector Junior, Inspector Senior",,,,,"0,0",Minutes,Wallonia,,
730,87,,To do,9,Corrective-Low-2,Component Repair and Replacement,"1,0",Hours,8,"1,2,3,4","Electrician, Mecanician, Inspector Junior, Inspector Senior",,,,,"0,0",Minutes,Wallonia,,
731,87,,To do,10,Corrective-Low-3,Control System Checks,"5,0",Minutes,9,"1,2,3,4","Electrician, Mecanician, Inspector Junior, Inspector Senior",,,,,"0,0",Minutes,Wallonia,,
732,87,,To do,11,Corrective-Low-4,Testing and Validation,"5,0",Minutes,10,"1,2,3,4","Electrician, Mecanician, Inspector Junior, Inspector Senior",,,,,"0,0",Minutes,Wallonia,,
733,87,,To do,12,Corrective-Low-5,Documentation and Reporting,"5,0",Minutes,11,"1,2,3,4","Electrician, Mecanician, Inspector Junior, Inspector Senior",,,,,"0,0",Minutes,Wallonia,,
734,87,,To do,13,Corrective-Low-6,Post-Maintenance Adjustments,"5,0",Minutes,12,"1,2,3,4","Electrician, Mecanician, Inspector Junior, Inspector Senior",,,,,"0,0",Minutes,Wallonia,,
735,87,,To do,14,Corrective-Low-7,System Cleanup and Safety Checks,"10,0",Minutes,13,"1,2,3,4","Electrician, Mecanician, Inspector Junior, Inspector Senior",,,,,"0,0",Minutes,Wallonia,,
736,88,,To do,8,Corrective-Low-1,Diagnostics and Troubleshooting,"30,0",Minutes,,"1,2,3,4","Electrician, Mecanician, Inspector Junior, Inspector Senior",,,,,"0,0",Minutes,Wallonia,,
737,88,,To do,9,Corrective-Low-2,Component Repair and Replacement,"1,0",Hours,8,"1,2,3,4","Electrician, Mecanician, Inspector Junior, Inspector Senior",,,,,"0,0",Minutes,Wallonia,,
738,88,,To do,10,Corrective-Low-3,Control System Checks,"5,0",Minutes,9,"1,2,3,4","Electrician, Mecanician, Inspector Junior, Inspector Senior",,,,,"0,0",Minutes,Wallonia,,
739,88,,To do,11,Corrective-Low-4,Testing and Validation,"5,0",Minutes,10,"1,2,3,4","Electrician, Mecanician, Inspector Junior, Inspector Senior",,,,,"0,0",Minutes,Wallonia,,
740,88,,To do,12,Corrective-Low-5,Documentation and Reporting,"5,0",Minutes,11,"1,2,3,4","Electrician, Mecanician, Inspector Junior, Inspector Senior",,,,,"0,0",Minutes,Wallonia,,
741,88,,To do,13,Corrective-Low-6,Post-Maintenance Adjustments,"5,0",Minutes,12,"1,2,3,4","Electrician, Mecanician, Inspector Junior, Inspector Senior",,,,,"0,0",Minutes,Wallonia,,
742,88,,To do,14,Corrective-Low-7,System Cleanup and Safety Checks,"10,0",Minutes,13,"1,2,3,4","Electrician, Mecanician, Inspector Junior, Inspector Senior",,,,,"0,0",Minutes,Wallonia,,
743,89,,To do,8,Corrective-Low-1,Diagnostics and Troubleshooting,"30,0",Minutes,,"1,2,3,4","Electrician, Mecanician, Inspector Junior, Inspector Senior",,,,,"0,0",Minutes,Wallonia,,
744,89,,To do,9,Corrective-Low-2,Component Repair and Replacement,"1,0",Hours,8,"1,2,3,4","Electrician, Mecanician, Inspector Junior, Inspector Senior",,,,,"0,0",Minutes,Wallonia,,
745,89,,To do,10,Corrective-Low-3,Control System Checks,"5,0",Minutes,9,"1,2,3,4","Electrician, Mecanician, Inspector Junior, Inspector Senior",,,,,"0,0",Minutes,Wallonia,,
746,89,,To do,11,Corrective-Low-4,Testing and Validation,"5,0",Minutes,10,"1,2,3,4","Electrician, Mecanician, Inspector Junior, Inspector Senior",,,,,"0,0",Minutes,Wallonia,,
747,89,,To do,12,Corrective-Low-5,Documentation and Reporting,"5,0",Minutes,11,"1,2,3,4","Electrician, Mecanician, Inspector Junior, Inspector Senior",,,,,"0,0",Minutes,Wallonia,,
748,89,,To do,13,Corrective-Low-6,Post-Maintenance Adjustments,"5,0",Minutes,12,"1,2,3,4","Electrician, Mecanician, Inspector Junior, Inspector Senior",,,,,"0,0",Minutes,Wallonia,,
749,89,,To do,14,Corrective-Low-7,System Cleanup and Safety Checks,"10,0",Minutes,13,"1,2,3,4","Electrician, Mecanician, Inspector Junior, Inspector Senior",,,,,"0,0",Minutes,Wallonia,,
750,90,,To do,8,Corrective-Low-1,Diagnostics and Troubleshooting,"30,0",Minutes,,"1,2,3,4","Electrician, Mecanician, Inspector Junior, Inspector Senior",,,,,"0,0",Minutes,Wallonia,,
751,90,,To do,9,Corrective-Low-2,Component Repair and Replacement,"1,0",Hours,8,"1,2,3,4","Electrician, Mecanician, Inspector Junior, Inspector Senior",,,,,"0,0",Minutes,Wallonia,,
752,90,,To do,10,Corrective-Low-3,Control System Checks,"5,0",Minutes,9,"1,2,3,4","Electrician, Mecanician, Inspector Junior, Inspector Senior",,,,,"0,0",Minutes,Wallonia,,
753,90,,To do,11,Corrective-Low-4,Testing and Validation,"5,0",Minutes,10,"1,2,3,4","Electrician, Mecanician, Inspector Junior, Inspector Senior",,,,,"0,0",Minutes,Wallonia,,
754,90,,To do,12,Corrective-Low-5,Documentation and Reporting,"5,0",Minutes,11,"1,2,3,4","Electrician, Mecanician, Inspector Junior, Inspector Senior",,,,,"0,0",Minutes,Wallonia,,
755,90,,To do,13,Corrective-Low-6,Post-Maintenance Adjustments,"5,0",Minutes,12,"1,2,3,4","Electrician, Mecanician, Inspector Junior, Inspector Senior",,,,,"0,0",Minutes,Wallonia,,
756,90,,To do,14,Corrective-Low-7,System Cleanup and Safety Checks,"10,0",Minutes,13,"1,2,3,4","Electrician, Mecanician, Inspector Junior, Inspector Senior",,,,,"0,0",Minutes,Wallonia,,
757,91,,To do,8,Corrective-Low-1,Diagnostics and Troubleshooting,"30,0",Minutes,,"1,2,3,4","Electrician, Mecanician, Inspector Junior, Inspector Senior",,,,,"0,0",Minutes,Wallonia,,
758,91,,To do,9,Corrective-Low-2,Component Repair and Replacement,"1,0",Hours,8,"1,2,3,4","Electrician, Mecanician, Inspector Junior, Inspector Senior",,,,,"0,0",Minutes,Wallonia,,
759,91,,To do,10,Corrective-Low-3,Control System Checks,"5,0",Minutes,9,"1,2,3,4","Electrician, Mecanician, Inspector Junior, Inspector Senior",,,,,"0,0",Minutes,Wallonia,,
760,91,,To do,11,Corrective-Low-4,Testing and Validation,"5,0",Minutes,10,"1,2,3,4","Electrician, Mecanician, Inspector Junior, Inspector Senior",,,,,"0,0",Minutes,Wallonia,,
761,91,,To do,12,Corrective-Low-5,Documentation and Reporting,"5,0",Minutes,11,"1,2,3,4","Electrician, Mecanician, Inspector Junior, Inspector Senior",,,,,"0,0",Minutes,Wallonia,,
762,91,,To do,13,Corrective-Low-6,Post-Maintenance Adjustments,"5,0",Minutes,12,"1,2,3,4","Electrician, Mecanician, Inspector Junior, Inspector Senior",,,,,"0,0",Minutes,Wallonia,,
763,91,,To do,14,Corrective-Low-7,System Cleanup and Safety Checks,"10,0",Minutes,13,"1,2,3,4","Electrician, Mecanician, Inspector Junior, Inspector Senior",,,,,"0,0",Minutes,Wallonia,,
771,92,,To do,1,Corrective-Breakdown-1,Secure the Area,"15,0",Minutes,,"1,2,4","Electrician, Mecanician, Inspector Senior",,,,,"0,0",Minutes,Brussels,,
772,92,,To do,2,Corrective-Breakdown-2,Preliminary Inspection,"20,0",Minutes,1,"1,2,4","Electrician, Mecanician, Inspector Senior",,,,,"0,0",Minutes,Brussels,,
773,92,,To do,3,Corrective-Breakdown-3,Diagnostics and Troubleshooting,"1,0",Hours,2,"1,2,4","Electrician, Mecanician, Inspector Senior",,,,,"0,0",Minutes,Brussels,,
774,92,,To do,4,Corrective-Breakdown-4,Component Repair or Replacement,"1,0",Hours,3,"1,2,4","Electrician, Mecanician, Inspector Senior",,,,,"0,0",Minutes,Brussels,,
775,92,,To do,7,Corrective-Breakdown-7,Post-Repair Adjustments,"20,0",Minutes,6,"1,2,4","Electrician, Mecanician, Inspector Senior",,,,,"0,0",Minutes,Brussels,,
776,92,,To do,5,Corrective-Breakdown-5,Control System Reset,"30,0",Minutes,4,"1,2,4","Electrician, Mecanician, Inspector Senior",,,,,"0,0",Minutes,Brussels,,
777,92,,To do,6,Corrective-Breakdown-6,Detailed Testing and Validation,"45,0",Minutes,5,"1,2,4","Electrician, Mecanician, Inspector Senior",,,,,"0,0",Minutes,Brussels,,
778,92,,To do,20,Corrective-Breakdown-8,System Cleanup and Safety Checks,"15,0",Minutes,7,"1,2,4","Electrician, Mecanician, Inspector Senior",,,,,"0,0",Minutes,Brussels,,
779,92,,To do,22,Corrective-Breakdown-10,Restore Service,"15,0",Minutes,21,"1,2,4","Electrician, Mecanician, Inspector Senior",,,,,"0,0",Minutes,Brussels,,
780,92,,To do,21,Corrective-Breakdown-9,Documentation and Reporting,"20,0",Minutes,20,"1,2,4","Electrician, Mecanician, Inspector Senior",,,,,"0,0",Minutes,Brussels,,
788,93,,To do,1,Corrective-Breakdown-1,Secure the Area,"15,0",Minutes,,"1,2,4","Electrician, Mecanician, Inspector Senior",,,,,"0,0",Minutes,Brussels,,
789,93,,To do,2,Corrective-Breakdown-2,Preliminary Inspection,"20,0",Minutes,1,"1,2,4","Electrician, Mecanician, Inspector Senior",,,,,"0,0",Minutes,Brussels,,
790,93,,To do,3,Corrective-Breakdown-3,Diagnostics and Troubleshooting,"1,0",Hours,2,"1,2,4","Electrician, Mecanician, Inspector Senior",,,,,"0,0",Minutes,Brussels,,
791,93,,To do,4,Corrective-Breakdown-4,Component Repair or Replacement,"1,0",Hours,3,"1,2,4","Electrician, Mecanician, Inspector Senior",,,,,"0,0",Minutes,Brussels,,
792,93,,To do,7,Corrective-Breakdown-7,Post-Repair Adjustments,"20,0",Minutes,6,"1,2,4","Electrician, Mecanician, Inspector Senior",,,,,"0,0",Minutes,Brussels,,
793,93,,To do,5,Corrective-Breakdown-5,Control System Reset,"30,0",Minutes,4,"1,2,4","Electrician, Mecanician, Inspector Senior",,,,,"0,0",Minutes,Brussels,,
794,93,,To do,6,Corrective-Breakdown-6,Detailed Testing and Validation,"45,0",Minutes,5,"1,2,4","Electrician, Mecanician, Inspector Senior",,,,,"0,0",Minutes,Brussels,,
795,93,,To do,20,Corrective-Breakdown-8,System Cleanup and Safety Checks,"15,0",Minutes,7,"1,2,4","Electrician, Mecanician, Inspector Senior",,,,,"0,0",Minutes,Brussels,,
796,93,,To do,22,Corrective-Breakdown-10,Restore Service,"15,0",Minutes,21,"1,2,4","Electrician, Mecanician, Inspector Senior",,,,,"0,0",Minutes,Brussels,,
797,93,,To do,21,Corrective-Breakdown-9,Documentation and Reporting,"20,0",Minutes,20,"1,2,4","Electrician, Mecanician, Inspector Senior",,,,,"0,0",Minutes,Brussels,,
798,94,,To do,1,Corrective-Breakdown-1,Secure the Area,"15,0",Minutes,,"1,2,4","Electrician, Mecanician, Inspector Senior",,,,,"0,0",Minutes,Brussels,,
799,94,,To do,2,Corrective-Breakdown-2,Preliminary Inspection,"20,0",Minutes,1,"1,2,4","Electrician, Mecanician, Inspector Senior",,,,,"0,0",Minutes,Brussels,,
800,94,,To do,3,Corrective-Breakdown-3,Diagnostics and Troubleshooting,"1,0",Hours,2,"1,2,4","Electrician, Mecanician, Inspector Senior",,,,,"0,0",Minutes,Brussels,,
801,94,,To do,4,Corrective-Breakdown-4,Component Repair or Replacement,"1,0",Hours,3,"1,2,4","Electrician, Mecanician, Inspector Senior",,,,,"0,0",Minutes,Brussels,,
802,94,,To do,7,Corrective-Breakdown-7,Post-Repair Adjustments,"20,0",Minutes,6,"1,2,4","Electrician, Mecanician, Inspector Senior",,,,,"0,0",Minutes,Brussels,,
803,94,,To do,5,Corrective-Breakdown-5,Control System Reset,"30,0",Minutes,4,"1,2,4","Electrician, Mecanician, Inspector Senior",,,,,"0,0",Minutes,Brussels,,
804,94,,To do,6,Corrective-Breakdown-6,Detailed Testing and Validation,"45,0",Minutes,5,"1,2,4","Electrician, Mecanician, Inspector Senior",,,,,"0,0",Minutes,Brussels,,
805,94,,To do,20,Corrective-Breakdown-8,System Cleanup and Safety Checks,"15,0",Minutes,7,"1,2,4","Electrician, Mecanician, Inspector Senior",,,,,"0,0",Minutes,Brussels,,
806,94,,To do,22,Corrective-Breakdown-10,Restore Service,"15,0",Minutes,21,"1,2,4","Electrician, Mecanician, Inspector Senior",,,,,"0,0",Minutes,Brussels,,
807,94,,To do,21,Corrective-Breakdown-9,Documentation and Reporting,"20,0",Minutes,20,"1,2,4","Electrician, Mecanician, Inspector Senior",,,,,"0,0",Minutes,Brussels,,
808,95,,To do,1,Corrective-Breakdown-1,Secure the Area,"15,0",Minutes,,"1,2,4","Electrician, Mecanician, Inspector Senior",,,,,"0,0",Minutes,Brussels,,
809,95,,To do,2,Corrective-Breakdown-2,Preliminary Inspection,"20,0",Minutes,1,"1,2,4","Electrician, Mecanician, Inspector Senior",,,,,"0,0",Minutes,Brussels,,
810,95,,To do,3,Corrective-Breakdown-3,Diagnostics and Troubleshooting,"1,0",Hours,2,"1,2,4","Electrician, Mecanician, Inspector Senior",,,,,"0,0",Minutes,Brussels,,
811,95,,To do,4,Corrective-Breakdown-4,Component Repair or Replacement,"1,0",Hours,3,"1,2,4","Electrician, Mecanician, Inspector Senior",,,,,"0,0",Minutes,Brussels,,
812,95,,To do,7,Corrective-Breakdown-7,Post-Repair Adjustments,"20,0",Minutes,6,"1,2,4","Electrician, Mecanician, Inspector Senior",,,,,"0,0",Minutes,Brussels,,
813,95,,To do,5,Corrective-Breakdown-5,Control System Reset,"30,0",Minutes,4,"1,2,4","Electrician, Mecanician, Inspector Senior",,,,,"0,0",Minutes,Brussels,,
814,95,,To do,6,Corrective-Breakdown-6,Detailed Testing and Validation,"45,0",Minutes,5,"1,2,4","Electrician, Mecanician, Inspector Senior",,,,,"0,0",Minutes,Brussels,,
815,95,,To do,20,Corrective-Breakdown-8,System Cleanup and Safety Checks,"15,0",Minutes,7,"1,2,4","Electrician, Mecanician, Inspector Senior",,,,,"0,0",Minutes,Brussels,,
816,95,,To do,22,Corrective-Breakdown-10,Restore Service,"15,0",Minutes,21,"1,2,4","Electrician, Mecanician, Inspector Senior",,,,,"0,0",Minutes,Brussels,,
817,95,,To do,21,Corrective-Breakdown-9,Documentation and Reporting,"20,0",Minutes,20,"1,2,4","Electrician, Mecanician, Inspector Senior",,,,,"0,0",Minutes,Brussels,,
818,96,,To do,1,Corrective-Breakdown-1,Secure the Area,"15,0",Minutes,,"1,2,4","Electrician, Mecanician, Inspector Senior",,,,,"0,0",Minutes,Brussels,,
819,96,,To do,2,Corrective-Breakdown-2,Preliminary Inspection,"20,0",Minutes,1,"1,2,4","Electrician, Mecanician, Inspector Senior",,,,,"0,0",Minutes,Brussels,,
820,96,,To do,3,Corrective-Breakdown-3,Diagnostics and Troubleshooting,"1,0",Hours,2,"1,2,4","Electrician, Mecanician, Inspector Senior",,,,,"0,0",Minutes,Brussels,,
821,96,,To do,4,Corrective-Breakdown-4,Component Repair or Replacement,"1,0",Hours,3,"1,2,4","Electrician, Mecanician, Inspector Senior",,,,,"0,0",Minutes,Brussels,,
822,96,,To do,7,Corrective-Breakdown-7,Post-Repair Adjustments,"20,0",Minutes,6,"1,2,4","Electrician, Mecanician, Inspector Senior",,,,,"0,0",Minutes,Brussels,,
823,96,,To do,5,Corrective-Breakdown-5,Control System Reset,"30,0",Minutes,4,"1,2,4","Electrician, Mecanician, Inspector Senior",,,,,"0,0",Minutes,Brussels,,
824,96,,To do,6,Corrective-Breakdown-6,Detailed Testing and Validation,"45,0",Minutes,5,"1,2,4","Electrician, Mecanician, Inspector Senior",,,,,"0,0",Minutes,Brussels,,
825,96,,To do,20,Corrective-Breakdown-8,System Cleanup and Safety Checks,"15,0",Minutes,7,"1,2,4","Electrician, Mecanician, Inspector Senior",,,,,"0,0",Minutes,Brussels,,
826,96,,To do,22,Corrective-Breakdown-10,Restore Service,"15,0",Minutes,21,"1,2,4","Electrician, Mecanician, Inspector Senior",,,,,"0,0",Minutes,Brussels,,
827,96,,To do,21,Corrective-Breakdown-9,Documentation and Reporting,"20,0",Minutes,20,"1,2,4","Electrician, Mecanician, Inspector Senior",,,,,"0,0",Minutes,Brussels,,
828,97,,To do,1,Corrective-Breakdown-1,Secure the Area,"15,0",Minutes,,"1,2,4","Electrician, Mecanician, Inspector Senior",,,,,"0,0",Minutes,Brussels,,
829,97,,To do,2,Corrective-Breakdown-2,Preliminary Inspection,"20,0",Minutes,1,"1,2,4","Electrician, Mecanician, Inspector Senior",,,,,"0,0",Minutes,Brussels,,
830,97,,To do,3,Corrective-Breakdown-3,Diagnostics and Troubleshooting,"1,0",Hours,2,"1,2,4","Electrician, Mecanician, Inspector Senior",,,,,"0,0",Minutes,Brussels,,
831,97,,To do,4,Corrective-Breakdown-4,Component Repair or Replacement,"1,0",Hours,3,"1,2,4","Electrician, Mecanician, Inspector Senior",,,,,"0,0",Minutes,Brussels,,
832,97,,To do,7,Corrective-Breakdown-7,Post-Repair Adjustments,"20,0",Minutes,6,"1,2,4","Electrician, Mecanician, Inspector Senior",,,,,"0,0",Minutes,Brussels,,
833,97,,To do,5,Corrective-Breakdown-5,Control System Reset,"30,0",Minutes,4,"1,2,4","Electrician, Mecanician, Inspector Senior",,,,,"0,0",Minutes,Brussels,,
834,97,,To do,6,Corrective-Breakdown-6,Detailed Testing and Validation,"45,0",Minutes,5,"1,2,4","Electrician, Mecanician, Inspector Senior",,,,,"0,0",Minutes,Brussels,,
835,97,,To do,20,Corrective-Breakdown-8,System Cleanup and Safety Checks,"15,0",Minutes,7,"1,2,4","Electrician, Mecanician, Inspector Senior",,,,,"0,0",Minutes,Brussels,,
836,97,,To do,22,Corrective-Breakdown-10,Restore Service,"15,0",Minutes,21,"1,2,4","Electrician, Mecanician, Inspector Senior",,,,,"0,0",Minutes,Brussels,,
837,97,,To do,21,Corrective-Breakdown-9,Documentation and Reporting,"20,0",Minutes,20,"1,2,4","Electrician, Mecanician, Inspector Senior",,,,,"0,0",Minutes,Brussels,,
858,98,,To do,1,Corrective-Breakdown-1,Secure the Area,"15,0",Minutes,,"1,2,4","Electrician, Mecanician, Inspector Senior",,,,,"0,0",Minutes,Flanders,,
859,98,,To do,2,Corrective-Breakdown-2,Preliminary Inspection,"20,0",Minutes,1,"1,2,4","Electrician, Mecanician, Inspector Senior",,,,,"0,0",Minutes,Flanders,,
860,98,,To do,3,Corrective-Breakdown-3,Diagnostics and Troubleshooting,"1,0",Hours,2,"1,2,4","Electrician, Mecanician, Inspector Senior",,,,,"0,0",Minutes,Flanders,,
861,98,,To do,4,Corrective-Breakdown-4,Component Repair or Replacement,"1,0",Hours,3,"1,2,4","Electrician, Mecanician, Inspector Senior",,,,,"0,0",Minutes,Flanders,,
862,98,,To do,7,Corrective-Breakdown-7,Post-Repair Adjustments,"20,0",Minutes,6,"1,2,4","Electrician, Mecanician, Inspector Senior",,,,,"0,0",Minutes,Flanders,,
863,98,,To do,5,Corrective-Breakdown-5,Control System Reset,"30,0",Minutes,4,"1,2,4","Electrician, Mecanician, Inspector Senior",,,,,"0,0",Minutes,Flanders,,
864,98,,To do,6,Corrective-Breakdown-6,Detailed Testing and Validation,"45,0",Minutes,5,"1,2,4","Electrician, Mecanician, Inspector Senior",,,,,"0,0",Minutes,Flanders,,
865,98,,To do,20,Corrective-Breakdown-8,System Cleanup and Safety Checks,"15,0",Minutes,7,"1,2,4","Electrician, Mecanician, Inspector Senior",,,,,"0,0",Minutes,Flanders,,
866,98,,To do,22,Corrective-Breakdown-10,Restore Service,"15,0",Minutes,21,"1,2,4","Electrician, Mecanician, Inspector Senior",,,,,"0,0",Minutes,Flanders,,
867,98,,To do,21,Corrective-Breakdown-9,Documentation and Reporting,"20,0",Minutes,20,"1,2,4","Electrician, Mecanician, Inspector Senior",,,,,"0,0",Minutes,Flanders,,
848,99,,To do,1,Corrective-Breakdown-1,Secure the Area,"15,0",Minutes,,"1,2,4","Electrician, Mecanician, Inspector Senior",,,,,"0,0",Minutes,Flanders,,
849,99,,To do,2,Corrective-Breakdown-2,Preliminary Inspection,"20,0",Minutes,1,"1,2,4","Electrician, Mecanician, Inspector Senior",,,,,"0,0",Minutes,Flanders,,
850,99,,To do,3,Corrective-Breakdown-3,Diagnostics and Troubleshooting,"1,0",Hours,2,"1,2,4","Electrician, Mecanician, Inspector Senior",,,,,"0,0",Minutes,Flanders,,
851,99,,To do,4,Corrective-Breakdown-4,Component Repair or Replacement,"1,0",Hours,3,"1,2,4","Electrician, Mecanician, Inspector Senior",,,,,"0,0",Minutes,Flanders,,
852,99,,To do,7,Corrective-Breakdown-7,Post-Repair Adjustments,"20,0",Minutes,6,"1,2,4","Electrician, Mecanician, Inspector Senior",,,,,"0,0",Minutes,Flanders,,
853,99,,To do,5,Corrective-Breakdown-5,Control System Reset,"30,0",Minutes,4,"1,2,4","Electrician, Mecanician, Inspector Senior",,,,,"0,0",Minutes,Flanders,,
854,99,,To do,6,Corrective-Breakdown-6,Detailed Testing and Validation,"45,0",Minutes,5,"1,2,4","Electrician, Mecanician, Inspector Senior",,,,,"0,0",Minutes,Flanders,,
855,99,,To do,20,Corrective-Breakdown-8,System Cleanup and Safety Checks,"15,0",Minutes,7,"1,2,4","Electrician, Mecanician, Inspector Senior",,,,,"0,0",Minutes,Flanders,,
856,99,,To do,22,Corrective-Breakdown-10,Restore Service,"15,0",Minutes,21,"1,2,4","Electrician, Mecanician, Inspector Senior",,,,,"0,0",Minutes,Flanders,,
857,99,,To do,21,Corrective-Breakdown-9,Documentation and Reporting,"20,0",Minutes,20,"1,2,4","Electrician, Mecanician, Inspector Senior",,,,,"0,0",Minutes,Flanders,,
868,100,,To do,1,Corrective-Breakdown-1,Secure the Area,"15,0",Minutes,,"1,2,4","Electrician, Mecanician, Inspector Senior",,,,,"0,0",Minutes,Flanders,,
869,100,,To do,2,Corrective-Breakdown-2,Preliminary Inspection,"20,0",Minutes,1,"1,2,4","Electrician, Mecanician, Inspector Senior",,,,,"0,0",Minutes,Flanders,,
870,100,,To do,3,Corrective-Breakdown-3,Diagnostics and Troubleshooting,"1,0",Hours,2,"1,2,4","Electrician, Mecanician, Inspector Senior",,,,,"0,0",Minutes,Flanders,,
871,100,,To do,4,Corrective-Breakdown-4,Component Repair or Replacement,"1,0",Hours,3,"1,2,4","Electrician, Mecanician, Inspector Senior",,,,,"0,0",Minutes,Flanders,,
872,100,,To do,7,Corrective-Breakdown-7,Post-Repair Adjustments,"20,0",Minutes,6,"1,2,4","Electrician, Mecanician, Inspector Senior",,,,,"0,0",Minutes,Flanders,,
873,100,,To do,5,Corrective-Breakdown-5,Control System Reset,"30,0",Minutes,4,"1,2,4","Electrician, Mecanician, Inspector Senior",,,,,"0,0",Minutes,Flanders,,
874,100,,To do,6,Corrective-Breakdown-6,Detailed Testing and Validation,"45,0",Minutes,5,"1,2,4","Electrician, Mecanician, Inspector Senior",,,,,"0,0",Minutes,Flanders,,
875,100,,To do,20,Corrective-Breakdown-8,System Cleanup and Safety Checks,"15,0",Minutes,7,"1,2,4","Electrician, Mecanician, Inspector Senior",,,,,"0,0",Minutes,Flanders,,
876,100,,To do,22,Corrective-Breakdown-10,Restore Service,"15,0",Minutes,21,"1,2,4","Electrician, Mecanician, Inspector Senior",,,,,"0,0",Minutes,Flanders,,
877,100,,To do,21,Corrective-Breakdown-9,Documentation and Reporting,"20,0",Minutes,20,"1,2,4","Electrician, Mecanician, Inspector Senior",,,,,"0,0",Minutes,Flanders,,
880,101,,To do,1,Corrective-Breakdown-1,Secure the Area,"15,0",Minutes,,"1,2,4","Electrician, Mecanician, Inspector Senior",,,,,"0,0",Minutes,Flanders,,
881,101,,To do,2,Corrective-Breakdown-2,Preliminary Inspection,"20,0",Minutes,1,"1,2,4","Electrician, Mecanician, Inspector Senior",,,,,"0,0",Minutes,Flanders,,
882,101,,To do,3,Corrective-Breakdown-3,Diagnostics and Troubleshooting,"1,0",Hours,2,"1,2,4","Electrician, Mecanician, Inspector Senior",,,,,"0,0",Minutes,Flanders,,
883,101,,To do,4,Corrective-Breakdown-4,Component Repair or Replacement,"1,0",Hours,3,"1,2,4","Electrician, Mecanician, Inspector Senior",,,,,"0,0",Minutes,Flanders,,
884,101,,To do,7,Corrective-Breakdown-7,Post-Repair Adjustments,"20,0",Minutes,6,"1,2,4","Electrician, Mecanician, Inspector Senior",,,,,"0,0",Minutes,Flanders,,
885,101,,To do,5,Corrective-Breakdown-5,Control System Reset,"30,0",Minutes,4,"1,2,4","Electrician, Mecanician, Inspector Senior",,,,,"0,0",Minutes,Flanders,,
886,101,,To do,6,Corrective-Breakdown-6,Detailed Testing and Validation,"45,0",Minutes,5,"1,2,4","Electrician, Mecanician, Inspector Senior",,,,,"0,0",Minutes,Flanders,,
887,101,,To do,20,Corrective-Breakdown-8,System Cleanup and Safety Checks,"15,0",Minutes,7,"1,2,4","Electrician, Mecanician, Inspector Senior",,,,,"0,0",Minutes,Flanders,,
888,101,,To do,22,Corrective-Breakdown-10,Restore Service,"15,0",Minutes,21,"1,2,4","Electrician, Mecanician, Inspector Senior",,,,,"0,0",Minutes,Flanders,,
889,101,,To do,21,Corrective-Breakdown-9,Documentation and Reporting,"20,0",Minutes,20,"1,2,4","Electrician, Mecanician, Inspector Senior",,,,,"0,0",Minutes,Flanders,,
890,102,,To do,1,Corrective-Breakdown-1,Secure the Area,"15,0",Minutes,,"1,2,4","Electrician, Mecanician, Inspector Senior",,,,,"0,0",Minutes,Flanders,,
891,102,,To do,2,Corrective-Breakdown-2,Preliminary Inspection,"20,0",Minutes,1,"1,2,4","Electrician, Mecanician, Inspector Senior",,,,,"0,0",Minutes,Flanders,,
892,102,,To do,3,Corrective-Breakdown-3,Diagnostics and Troubleshooting,"1,0",Hours,2,"1,2,4","Electrician, Mecanician, Inspector Senior",,,,,"0,0",Minutes,Flanders,,
893,102,,To do,4,Corrective-Breakdown-4,Component Repair or Replacement,"1,0",Hours,3,"1,2,4","Electrician, Mecanician, Inspector Senior",,,,,"0,0",Minutes,Flanders,,
894,102,,To do,7,Corrective-Breakdown-7,Post-Repair Adjustments,"20,0",Minutes,6,"1,2,4","Electrician, Mecanician, Inspector Senior",,,,,"0,0",Minutes,Flanders,,
895,102,,To do,5,Corrective-Breakdown-5,Control System Reset,"30,0",Minutes,4,"1,2,4","Electrician, Mecanician, Inspector Senior",,,,,"0,0",Minutes,Flanders,,
896,102,,To do,6,Corrective-Breakdown-6,Detailed Testing and Validation,"45,0",Minutes,5,"1,2,4","Electrician, Mecanician, Inspector Senior",,,,,"0,0",Minutes,Flanders,,
897,102,,To do,20,Corrective-Breakdown-8,System Cleanup and Safety Checks,"15,0",Minutes,7,"1,2,4","Electrician, Mecanician, Inspector Senior",,,,,"0,0",Minutes,Flanders,,
898,102,,To do,22,Corrective-Breakdown-10,Restore Service,"15,0",Minutes,21,"1,2,4","Electrician, Mecanician, Inspector Senior",,,,,"0,0",Minutes,Flanders,,
899,102,,To do,21,Corrective-Breakdown-9,Documentation and Reporting,"20,0",Minutes,20,"1,2,4","Electrician, Mecanician, Inspector Senior",,,,,"0,0",Minutes,Flanders,,
900,103,,To do,1,Corrective-Breakdown-1,Secure the Area,"15,0",Minutes,,"1,2,4","Electrician, Mecanician, Inspector Senior",,,,,"0,0",Minutes,Flanders,,
901,103,,To do,2,Corrective-Breakdown-2,Preliminary Inspection,"20,0",Minutes,1,"1,2,4","Electrician, Mecanician, Inspector Senior",,,,,"0,0",Minutes,Flanders,,
902,103,,To do,3,Corrective-Breakdown-3,Diagnostics and Troubleshooting,"1,0",Hours,2,"1,2,4","Electrician, Mecanician, Inspector Senior",,,,,"0,0",Minutes,Flanders,,
903,103,,To do,4,Corrective-Breakdown-4,Component Repair or Replacement,"1,0",Hours,3,"1,2,4","Electrician, Mecanician, Inspector Senior",,,,,"0,0",Minutes,Flanders,,
904,103,,To do,7,Corrective-Breakdown-7,Post-Repair Adjustments,"20,0",Minutes,6,"1,2,4","Electrician, Mecanician, Inspector Senior",,,,,"0,0",Minutes,Flanders,,
905,103,,To do,5,Corrective-Breakdown-5,Control System Reset,"30,0",Minutes,4,"1,2,4","Electrician, Mecanician, Inspector Senior",,,,,"0,0",Minutes,Flanders,,
906,103,,To do,6,Corrective-Breakdown-6,Detailed Testing and Validation,"45,0",Minutes,5,"1,2,4","Electrician, Mecanician, Inspector Senior",,,,,"0,0",Minutes,Flanders,,
907,103,,To do,20,Corrective-Breakdown-8,System Cleanup and Safety Checks,"15,0",Minutes,7,"1,2,4","Electrician, Mecanician, Inspector Senior",,,,,"0,0",Minutes,Flanders,,
908,103,,To do,22,Corrective-Breakdown-10,Restore Service,"15,0",Minutes,21,"1,2,4","Electrician, Mecanician, Inspector Senior",,,,,"0,0",Minutes,Flanders,,
909,103,,To do,21,Corrective-Breakdown-9,Documentation and Reporting,"20,0",Minutes,20,"1,2,4","Electrician, Mecanician, Inspector Senior",,,,,"0,0",Minutes,Flanders,,
910,104,,To do,1,Corrective-Breakdown-1,Secure the Area,"15,0",Minutes,,"1,2,4","Electrician, Mecanician, Inspector Senior",,,,,"0,0",Minutes,Wallonia,,
911,104,,To do,2,Corrective-Breakdown-2,Preliminary Inspection,"20,0",Minutes,1,"1,2,4","Electrician, Mecanician, Inspector Senior",,,,,"0,0",Minutes,Wallonia,,
912,104,,To do,3,Corrective-Breakdown-3,Diagnostics and Troubleshooting,"1,0",Hours,2,"1,2,4","Electrician, Mecanician, Inspector Senior",,,,,"0,0",Minutes,Wallonia,,
913,104,,To do,4,Corrective-Breakdown-4,Component Repair or Replacement,"1,0",Hours,3,"1,2,4","Electrician, Mecanician, Inspector Senior",,,,,"0,0",Minutes,Wallonia,,
914,104,,To do,7,Corrective-Breakdown-7,Post-Repair Adjustments,"20,0",Minutes,6,"1,2,4","Electrician, Mecanician, Inspector Senior",,,,,"0,0",Minutes,Wallonia,,
915,104,,To do,5,Corrective-Breakdown-5,Control System Reset,"30,0",Minutes,4,"1,2,4","Electrician, Mecanician, Inspector Senior",,,,,"0,0",Minutes,Wallonia,,
916,104,,To do,6,Corrective-Breakdown-6,Detailed Testing and Validation,"45,0",Minutes,5,"1,2,4","Electrician, Mecanician, Inspector Senior",,,,,"0,0",Minutes,Wallonia,,
917,104,,To do,20,Corrective-Breakdown-8,System Cleanup and Safety Checks,"15,0",Minutes,7,"1,2,4","Electrician, Mecanician, Inspector Senior",,,,,"0,0",Minutes,Wallonia,,
918,104,,To do,22,Corrective-Breakdown-10,Restore Service,"15,0",Minutes,21,"1,2,4","Electrician, Mecanician, Inspector Senior",,,,,"0,0",Minutes,Wallonia,,
919,104,,To do,21,Corrective-Breakdown-9,Documentation and Reporting,"20,0",Minutes,20,"1,2,4","Electrician, Mecanician, Inspector Senior",,,,,"0,0",Minutes,Wallonia,,
920,105,,To do,1,Corrective-Breakdown-1,Secure the Area,"15,0",Minutes,,"1,2,4","Electrician, Mecanician, Inspector Senior",,,,,"0,0",Minutes,Wallonia,,
921,105,,To do,2,Corrective-Breakdown-2,Preliminary Inspection,"20,0",Minutes,1,"1,2,4","Electrician, Mecanician, Inspector Senior",,,,,"0,0",Minutes,Wallonia,,
922,105,,To do,3,Corrective-Breakdown-3,Diagnostics and Troubleshooting,"1,0",Hours,2,"1,2,4","Electrician, Mecanician, Inspector Senior",,,,,"0,0",Minutes,Wallonia,,
923,105,,To do,4,Corrective-Breakdown-4,Component Repair or Replacement,"1,0",Hours,3,"1,2,4","Electrician, Mecanician, Inspector Senior",,,,,"0,0",Minutes,Wallonia,,
924,105,,To do,7,Corrective-Breakdown-7,Post-Repair Adjustments,"20,0",Minutes,6,"1,2,4","Electrician, Mecanician, Inspector Senior",,,,,"0,0",Minutes,Wallonia,,
925,105,,To do,5,Corrective-Breakdown-5,Control System Reset,"30,0",Minutes,4,"1,2,4","Electrician, Mecanician, Inspector Senior",,,,,"0,0",Minutes,Wallonia,,
926,105,,To do,6,Corrective-Breakdown-6,Detailed Testing and Validation,"45,0",Minutes,5,"1,2,4","Electrician, Mecanician, Inspector Senior",,,,,"0,0",Minutes,Wallonia,,
927,105,,To do,20,Corrective-Breakdown-8,System Cleanup and Safety Checks,"15,0",Minutes,7,"1,2,4","Electrician, Mecanician, Inspector Senior",,,,,"0,0",Minutes,Wallonia,,
928,105,,To do,22,Corrective-Breakdown-10,Restore Service,"15,0",Minutes,21,"1,2,4","Electrician, Mecanician, Inspector Senior",,,,,"0,0",Minutes,Wallonia,,
929,105,,To do,21,Corrective-Breakdown-9,Documentation and Reporting,"20,0",Minutes,20,"1,2,4","Electrician, Mecanician, Inspector Senior",,,,,"0,0",Minutes,Wallonia,,
930,106,,To do,1,Corrective-Breakdown-1,Secure the Area,"15,0",Minutes,,"1,2,4","Electrician, Mecanician, Inspector Senior",,,,,"0,0",Minutes,Wallonia,,
931,106,,To do,2,Corrective-Breakdown-2,Preliminary Inspection,"20,0",Minutes,1,"1,2,4","Electrician, Mecanician, Inspector Senior",,,,,"0,0",Minutes,Wallonia,,
932,106,,To do,3,Corrective-Breakdown-3,Diagnostics and Troubleshooting,"1,0",Hours,2,"1,2,4","Electrician, Mecanician, Inspector Senior",,,,,"0,0",Minutes,Wallonia,,
933,106,,To do,4,Corrective-Breakdown-4,Component Repair or Replacement,"1,0",Hours,3,"1,2,4","Electrician, Mecanician, Inspector Senior",,,,,"0,0",Minutes,Wallonia,,
934,106,,To do,7,Corrective-Breakdown-7,Post-Repair Adjustments,"20,0",Minutes,6,"1,2,4","Electrician, Mecanician, Inspector Senior",,,,,"0,0",Minutes,Wallonia,,
935,106,,To do,5,Corrective-Breakdown-5,Control System Reset,"30,0",Minutes,4,"1,2,4","Electrician, Mecanician, Inspector Senior",,,,,"0,0",Minutes,Wallonia,,
936,106,,To do,6,Corrective-Breakdown-6,Detailed Testing and Validation,"45,0",Minutes,5,"1,2,4","Electrician, Mecanician, Inspector Senior",,,,,"0,0",Minutes,Wallonia,,
937,106,,To do,20,Corrective-Breakdown-8,System Cleanup and Safety Checks,"15,0",Minutes,7,"1,2,4","Electrician, Mecanician, Inspector Senior",,,,,"0,0",Minutes,Wallonia,,
938,106,,To do,22,Corrective-Breakdown-10,Restore Service,"15,0",Minutes,21,"1,2,4","Electrician, Mecanician, Inspector Senior",,,,,"0,0",Minutes,Wallonia,,
939,106,,To do,21,Corrective-Breakdown-9,Documentation and Reporting,"20,0",Minutes,20,"1,2,4","Electrician, Mecanician, Inspector Senior",,,,,"0,0",Minutes,Wallonia,,
940,107,,To do,1,Corrective-Breakdown-1,Secure the Area,"15,0",Minutes,,"1,2,4","Electrician, Mecanician, Inspector Senior",,,,,"0,0",Minutes,Wallonia,,
941,107,,To do,2,Corrective-Breakdown-2,Preliminary Inspection,"20,0",Minutes,1,"1,2,4","Electrician, Mecanician, Inspector Senior",,,,,"0,0",Minutes,Wallonia,,
942,107,,To do,3,Corrective-Breakdown-3,Diagnostics and Troubleshooting,"1,0",Hours,2,"1,2,4","Electrician, Mecanician, Inspector Senior",,,,,"0,0",Minutes,Wallonia,,
943,107,,To do,4,Corrective-Breakdown-4,Component Repair or Replacement,"1,0",Hours,3,"1,2,4","Electrician, Mecanician, Inspector Senior",,,,,"0,0",Minutes,Wallonia,,
944,107,,To do,7,Corrective-Breakdown-7,Post-Repair Adjustments,"20,0",Minutes,6,"1,2,4","Electrician, Mecanician, Inspector Senior",,,,,"0,0",Minutes,Wallonia,,
945,107,,To do,5,Corrective-Breakdown-5,Control System Reset,"30,0",Minutes,4,"1,2,4","Electrician, Mecanician, Inspector Senior",,,,,"0,0",Minutes,Wallonia,,
946,107,,To do,6,Corrective-Breakdown-6,Detailed Testing and Validation,"45,0",Minutes,5,"1,2,4","Electrician, Mecanician, Inspector Senior",,,,,"0,0",Minutes,Wallonia,,
947,107,,To do,20,Corrective-Breakdown-8,System Cleanup and Safety Checks,"15,0",Minutes,7,"1,2,4","Electrician, Mecanician, Inspector Senior",,,,,"0,0",Minutes,Wallonia,,
948,107,,To do,22,Corrective-Breakdown-10,Restore Service,"15,0",Minutes,21,"1,2,4","Electrician, Mecanician, Inspector Senior",,,,,"0,0",Minutes,Wallonia,,
949,107,,To do,21,Corrective-Breakdown-9,Documentation and Reporting,"20,0",Minutes,20,"1,2,4","Electrician, Mecanician, Inspector Senior",,,,,"0,0",Minutes,Wallonia,,
950,108,,To do,1,Corrective-Breakdown-1,Secure the Area,"15,0",Minutes,,"1,2,4","Electrician, Mecanician, Inspector Senior",,,,,"0,0",Minutes,Wallonia,,
951,108,,To do,2,Corrective-Breakdown-2,Preliminary Inspection,"20,0",Minutes,1,"1,2,4","Electrician, Mecanician, Inspector Senior",,,,,"0,0",Minutes,Wallonia,,
952,108,,To do,3,Corrective-Breakdown-3,Diagnostics and Troubleshooting,"1,0",Hours,2,"1,2,4","Electrician, Mecanician, Inspector Senior",,,,,"0,0",Minutes,Wallonia,,
953,108,,To do,4,Corrective-Breakdown-4,Component Repair or Replacement,"1,0",Hours,3,"1,2,4","Electrician, Mecanician, Inspector Senior",,,,,"0,0",Minutes,Wallonia,,
954,108,,To do,7,Corrective-Breakdown-7,Post-Repair Adjustments,"20,0",Minutes,6,"1,2,4","Electrician, Mecanician, Inspector Senior",,,,,"0,0",Minutes,Wallonia,,
955,108,,To do,5,Corrective-Breakdown-5,Control System Reset,"30,0",Minutes,4,"1,2,4","Electrician, Mecanician, Inspector Senior",,,,,"0,0",Minutes,Wallonia,,
956,108,,To do,6,Corrective-Breakdown-6,Detailed Testing and Validation,"45,0",Minutes,5,"1,2,4","Electrician, Mecanician, Inspector Senior",,,,,"0,0",Minutes,Wallonia,,
957,108,,To do,20,Corrective-Breakdown-8,System Cleanup and Safety Checks,"15,0",Minutes,7,"1,2,4","Electrician, Mecanician, Inspector Senior",,,,,"0,0",Minutes,Wallonia,,
958,108,,To do,22,Corrective-Breakdown-10,Restore Service,"15,0",Minutes,21,"1,2,4","Electrician, Mecanician, Inspector Senior",,,,,"0,0",Minutes,Wallonia,,
959,108,,To do,21,Corrective-Breakdown-9,Documentation and Reporting,"20,0",Minutes,20,"1,2,4","Electrician, Mecanician, Inspector Senior",,,,,"0,0",Minutes,Wallonia,,
961,109,,To do,1,Corrective-Breakdown-1,Secure the Area,"15,0",Minutes,,"1,2,4","Electrician, Mecanician, Inspector Senior",,,,,"0,0",Minutes,Wallonia,,
962,109,,To do,2,Corrective-Breakdown-2,Preliminary Inspection,"20,0",Minutes,1,"1,2,4","Electrician, Mecanician, Inspector Senior",,,,,"0,0",Minutes,Wallonia,,
963,109,,To do,3,Corrective-Breakdown-3,Diagnostics and Troubleshooting,"1,0",Hours,2,"1,2,4","Electrician, Mecanician, Inspector Senior",,,,,"0,0",Minutes,Wallonia,,
964,109,,To do,4,Corrective-Breakdown-4,Component Repair or Replacement,"1,0",Hours,3,"1,2,4","Electrician, Mecanician, Inspector Senior",,,,,"0,0",Minutes,Wallonia,,
965,109,,To do,7,Corrective-Breakdown-7,Post-Repair Adjustments,"20,0",Minutes,6,"1,2,4","Electrician, Mecanician, Inspector Senior",,,,,"0,0",Minutes,Wallonia,,
966,109,,To do,5,Corrective-Breakdown-5,Control System Reset,"30,0",Minutes,4,"1,2,4","Electrician, Mecanician, Inspector Senior",,,,,"0,0",Minutes,Wallonia,,
967,109,,To do,6,Corrective-Breakdown-6,Detailed Testing and Validation,"45,0",Minutes,5,"1,2,4","Electrician, Mecanician, Inspector Senior",,,,,"0,0",Minutes,Wallonia,,
968,109,,To do,20,Corrective-Breakdown-8,System Cleanup and Safety Checks,"15,0",Minutes,7,"1,2,4","Electrician, Mecanician, Inspector Senior",,,,,"0,0",Minutes,Wallonia,,
969,109,,To do,22,Corrective-Breakdown-10,Restore Service,"15,0",Minutes,21,"1,2,4","Electrician, Mecanician, Inspector Senior",,,,,"0,0",Minutes,Wallonia,,
970,109,,To do,21,Corrective-Breakdown-9,Documentation and Reporting,"20,0",Minutes,20,"1,2,4","Electrician, Mecanician, Inspector Senior",,,,,"0,0",Minutes,Wallonia,,
975,110,,To do,8,Corrective-Low-1,Diagnostics and Troubleshooting,"30,0",Minutes,,"1,2,3,4","Electrician, Mecanician, Inspector Junior, Inspector Senior",,,,,"0,0",Minutes,Brussels,,
976,110,,To do,9,Corrective-Low-2,Component Repair and Replacement,"1,0",Hours,8,"1,2,3,4","Electrician, Mecanician, Inspector Junior, Inspector Senior",,,,,"0,0",Minutes,Brussels,,
977,110,,To do,10,Corrective-Low-3,Control System Checks,"5,0",Minutes,9,"1,2,3,4","Electrician, Mecanician, Inspector Junior, Inspector Senior",,,,,"0,0",Minutes,Brussels,,
978,110,,To do,11,Corrective-Low-4,Testing and Validation,"5,0",Minutes,10,"1,2,3,4","Electrician, Mecanician, Inspector Junior, Inspector Senior",,,,,"0,0",Minutes,Brussels,,
979,110,,To do,12,Corrective-Low-5,Documentation and Reporting,"5,0",Minutes,11,"1,2,3,4","Electrician, Mecanician, Inspector Junior, Inspector Senior",,,,,"0,0",Minutes,Brussels,,
980,110,,To do,13,Corrective-Low-6,Post-Maintenance Adjustments,"5,0",Minutes,12,"1,2,3,4","Electrician, Mecanician, Inspector Junior, Inspector Senior",,,,,"0,0",Minutes,Brussels,,
981,110,,To do,14,Corrective-Low-7,System Cleanup and Safety Checks,"10,0",Minutes,13,"1,2,3,4","Electrician, Mecanician, Inspector Junior, Inspector Senior",,,,,"0,0",Minutes,Brussels,,
983,111,,To do,8,Corrective-Low-1,Diagnostics and Troubleshooting,"30,0",Minutes,,"1,2,3,4","Electrician, Mecanician, Inspector Junior, Inspector Senior",,,,,"0,0",Minutes,Brussels,,
984,111,,To do,9,Corrective-Low-2,Component Repair and Replacement,"1,0",Hours,8,"1,2,3,4","Electrician, Mecanician, Inspector Junior, Inspector Senior",,,,,"0,0",Minutes,Brussels,,
985,111,,To do,10,Corrective-Low-3,Control System Checks,"5,0",Minutes,9,"1,2,3,4","Electrician, Mecanician, Inspector Junior, Inspector Senior",,,,,"0,0",Minutes,Brussels,,
986,111,,To do,11,Corrective-Low-4,Testing and Validation,"5,0",Minutes,10,"1,2,3,4","Electrician, Mecanician, Inspector Junior, Inspector Senior",,,,,"0,0",Minutes,Brussels,,
987,111,,To do,12,Corrective-Low-5,Documentation and Reporting,"5,0",Minutes,11,"1,2,3,4","Electrician, Mecanician, Inspector Junior, Inspector Senior",,,,,"0,0",Minutes,Brussels,,
988,111,,To do,13,Corrective-Low-6,Post-Maintenance Adjustments,"5,0",Minutes,12,"1,2,3,4","Electrician, Mecanician, Inspector Junior, Inspector Senior",,,,,"0,0",Minutes,Brussels,,
989,111,,To do,14,Corrective-Low-7,System Cleanup and Safety Checks,"10,0",Minutes,13,"1,2,3,4","Electrician, Mecanician, Inspector Junior, Inspector Senior",,,,,"0,0",Minutes,Brussels,,
990,112,,To do,8,Corrective-Low-1,Diagnostics and Troubleshooting,"30,0",Minutes,,"1,2,3,4","Electrician, Mecanician, Inspector Junior, Inspector Senior",,,,,"0,0",Minutes,Brussels,,
991,112,,To do,9,Corrective-Low-2,Component Repair and Replacement,"1,0",Hours,8,"1,2,3,4","Electrician, Mecanician, Inspector Junior, Inspector Senior",,,,,"0,0",Minutes,Brussels,,
992,112,,To do,10,Corrective-Low-3,Control System Checks,"5,0",Minutes,9,"1,2,3,4","Electrician, Mecanician, Inspector Junior, Inspector Senior",,,,,"0,0",Minutes,Brussels,,
993,112,,To do,11,Corrective-Low-4,Testing and Validation,"5,0",Minutes,10,"1,2,3,4","Electrician, Mecanician, Inspector Junior, Inspector Senior",,,,,"0,0",Minutes,Brussels,,
994,112,,To do,12,Corrective-Low-5,Documentation and Reporting,"5,0",Minutes,11,"1,2,3,4","Electrician, Mecanician, Inspector Junior, Inspector Senior",,,,,"0,0",Minutes,Brussels,,
995,112,,To do,13,Corrective-Low-6,Post-Maintenance Adjustments,"5,0",Minutes,12,"1,2,3,4","Electrician, Mecanician, Inspector Junior, Inspector Senior",,,,,"0,0",Minutes,Brussels,,
996,112,,To do,14,Corrective-Low-7,System Cleanup and Safety Checks,"10,0",Minutes,13,"1,2,3,4","Electrician, Mecanician, Inspector Junior, Inspector Senior",,,,,"0,0",Minutes,Brussels,,
997,113,,To do,8,Corrective-Low-1,Diagnostics and Troubleshooting,"30,0",Minutes,,"1,2,3,4","Electrician, Mecanician, Inspector Junior, Inspector Senior",,,,,"0,0",Minutes,Brussels,,
998,113,,To do,9,Corrective-Low-2,Component Repair and Replacement,"1,0",Hours,8,"1,2,3,4","Electrician, Mecanician, Inspector Junior, Inspector Senior",,,,,"0,0",Minutes,Brussels,,
999,113,,To do,10,Corrective-Low-3,Control System Checks,"5,0",Minutes,9,"1,2,3,4","Electrician, Mecanician, Inspector Junior, Inspector Senior",,,,,"0,0",Minutes,Brussels,,
1000,113,,To do,11,Corrective-Low-4,Testing and Validation,"5,0",Minutes,10,"1,2,3,4","Electrician, Mecanician, Inspector Junior, Inspector Senior",,,,,"0,0",Minutes,Brussels,,
1001,113,,To do,12,Corrective-Low-5,Documentation and Reporting,"5,0",Minutes,11,"1,2,3,4","Electrician, Mecanician, Inspector Junior, Inspector Senior",,,,,"0,0",Minutes,Brussels,,
1002,113,,To do,13,Corrective-Low-6,Post-Maintenance Adjustments,"5,0",Minutes,12,"1,2,3,4","Electrician, Mecanician, Inspector Junior, Inspector Senior",,,,,"0,0",Minutes,Brussels,,
1003,113,,To do,14,Corrective-Low-7,System Cleanup and Safety Checks,"10,0",Minutes,13,"1,2,3,4","Electrician, Mecanician, Inspector Junior, Inspector Senior",,,,,"0,0",Minutes,Brussels,,
1004,114,,To do,8,Corrective-Low-1,Diagnostics and Troubleshooting,"30,0",Minutes,,"1,2,3,4","Electrician, Mecanician, Inspector Junior, Inspector Senior",,,,,"0,0",Minutes,Brussels,,
1005,114,,To do,9,Corrective-Low-2,Component Repair and Replacement,"1,0",Hours,8,"1,2,3,4","Electrician, Mecanician, Inspector Junior, Inspector Senior",,,,,"0,0",Minutes,Brussels,,
1006,114,,To do,10,Corrective-Low-3,Control System Checks,"5,0",Minutes,9,"1,2,3,4","Electrician, Mecanician, Inspector Junior, Inspector Senior",,,,,"0,0",Minutes,Brussels,,
1007,114,,To do,11,Corrective-Low-4,Testing and Validation,"5,0",Minutes,10,"1,2,3,4","Electrician, Mecanician, Inspector Junior, Inspector Senior",,,,,"0,0",Minutes,Brussels,,
1008,114,,To do,12,Corrective-Low-5,Documentation and Reporting,"5,0",Minutes,11,"1,2,3,4","Electrician, Mecanician, Inspector Junior, Inspector Senior",,,,,"0,0",Minutes,Brussels,,
1009,114,,To do,13,Corrective-Low-6,Post-Maintenance Adjustments,"5,0",Minutes,12,"1,2,3,4","Electrician, Mecanician, Inspector Junior, Inspector Senior",,,,,"0,0",Minutes,Brussels,,
1010,114,,To do,14,Corrective-Low-7,System Cleanup and Safety Checks,"10,0",Minutes,13,"1,2,3,4","Electrician, Mecanician, Inspector Junior, Inspector Senior",,,,,"0,0",Minutes,Brussels,,
1011,115,,To do,8,Corrective-Low-1,Diagnostics and Troubleshooting,"30,0",Minutes,,"1,2,3,4","Electrician, Mecanician, Inspector Junior, Inspector Senior",,,,,"0,0",Minutes,Brussels,,
1012,115,,To do,9,Corrective-Low-2,Component Repair and Replacement,"1,0",Hours,8,"1,2,3,4","Electrician, Mecanician, Inspector Junior, Inspector Senior",,,,,"0,0",Minutes,Brussels,,
1013,115,,To do,10,Corrective-Low-3,Control System Checks,"5,0",Minutes,9,"1,2,3,4","Electrician, Mecanician, Inspector Junior, Inspector Senior",,,,,"0,0",Minutes,Brussels,,
1014,115,,To do,11,Corrective-Low-4,Testing and Validation,"5,0",Minutes,10,"1,2,3,4","Electrician, Mecanician, Inspector Junior, Inspector Senior",,,,,"0,0",Minutes,Brussels,,
1015,115,,To do,12,Corrective-Low-5,Documentation and Reporting,"5,0",Minutes,11,"1,2,3,4","Electrician, Mecanician, Inspector Junior, Inspector Senior",,,,,"0,0",Minutes,Brussels,,
1016,115,,To do,13,Corrective-Low-6,Post-Maintenance Adjustments,"5,0",Minutes,12,"1,2,3,4","Electrician, Mecanician, Inspector Junior, Inspector Senior",,,,,"0,0",Minutes,Brussels,,
1017,115,,To do,14,Corrective-Low-7,System Cleanup and Safety Checks,"10,0",Minutes,13,"1,2,3,4","Electrician, Mecanician, Inspector Junior, Inspector Senior",,,,,"0,0",Minutes,Brussels,,
1018,116,,To do,8,Corrective-Low-1,Diagnostics and Troubleshooting,"30,0",Minutes,,"1,2,3,4","Electrician, Mecanician, Inspector Junior, Inspector Senior",,,,,"0,0",Minutes,Brussels,,
1019,116,,To do,9,Corrective-Low-2,Component Repair and Replacement,"1,0",Hours,8,"1,2,3,4","Electrician, Mecanician, Inspector Junior, Inspector Senior",,,,,"0,0",Minutes,Brussels,,
1020,116,,To do,10,Corrective-Low-3,Control System Checks,"5,0",Minutes,9,"1,2,3,4","Electrician, Mecanician, Inspector Junior, Inspector Senior",,,,,"0,0",Minutes,Brussels,,
1021,116,,To do,11,Corrective-Low-4,Testing and Validation,"5,0",Minutes,10,"1,2,3,4","Electrician, Mecanician, Inspector Junior, Inspector Senior",,,,,"0,0",Minutes,Brussels,,
1022,116,,To do,12,Corrective-Low-5,Documentation and Reporting,"5,0",Minutes,11,"1,2,3,4","Electrician, Mecanician, Inspector Junior, Inspector Senior",,,,,"0,0",Minutes,Brussels,,
1023,116,,To do,13,Corrective-Low-6,Post-Maintenance Adjustments,"5,0",Minutes,12,"1,2,3,4","Electrician, Mecanician, Inspector Junior, Inspector Senior",,,,,"0,0",Minutes,Brussels,,
1024,116,,To do,14,Corrective-Low-7,System Cleanup and Safety Checks,"10,0",Minutes,13,"1,2,3,4","Electrician, Mecanician, Inspector Junior, Inspector Senior",,,,,"0,0",Minutes,Brussels,,
1025,117,,To do,8,Corrective-Low-1,Diagnostics and Troubleshooting,"30,0",Minutes,,"1,2,3,4","Electrician, Mecanician, Inspector Junior, Inspector Senior",,,,,"0,0",Minutes,Wallonia,,
1026,117,,To do,9,Corrective-Low-2,Component Repair and Replacement,"1,0",Hours,8,"1,2,3,4","Electrician, Mecanician, Inspector Junior, Inspector Senior",,,,,"0,0",Minutes,Wallonia,,
1027,117,,To do,10,Corrective-Low-3,Control System Checks,"5,0",Minutes,9,"1,2,3,4","Electrician, Mecanician, Inspector Junior, Inspector Senior",,,,,"0,0",Minutes,Wallonia,,
1028,117,,To do,11,Corrective-Low-4,Testing and Validation,"5,0",Minutes,10,"1,2,3,4","Electrician, Mecanician, Inspector Junior, Inspector Senior",,,,,"0,0",Minutes,Wallonia,,
1029,117,,To do,12,Corrective-Low-5,Documentation and Reporting,"5,0",Minutes,11,"1,2,3,4","Electrician, Mecanician, Inspector Junior, Inspector Senior",,,,,"0,0",Minutes,Wallonia,,
1030,117,,To do,13,Corrective-Low-6,Post-Maintenance Adjustments,"5,0",Minutes,12,"1,2,3,4","Electrician, Mecanician, Inspector Junior, Inspector Senior",,,,,"0,0",Minutes,Wallonia,,
1031,117,,To do,14,Corrective-Low-7,System Cleanup and Safety Checks,"10,0",Minutes,13,"1,2,3,4","Electrician, Mecanician, Inspector Junior, Inspector Senior",,,,,"0,0",Minutes,Wallonia,,
1032,118,,To do,8,Corrective-Low-1,Diagnostics and Troubleshooting,"30,0",Minutes,,"1,2,3,4","Electrician, Mecanician, Inspector Junior, Inspector Senior",,,,,"0,0",Minutes,Wallonia,,
1033,118,,To do,9,Corrective-Low-2,Component Repair and Replacement,"1,0",Hours,8,"1,2,3,4","Electrician, Mecanician, Inspector Junior, Inspector Senior",,,,,"0,0",Minutes,Wallonia,,
1034,118,,To do,10,Corrective-Low-3,Control System Checks,"5,0",Minutes,9,"1,2,3,4","Electrician, Mecanician, Inspector Junior, Inspector Senior",,,,,"0,0",Minutes,Wallonia,,
1035,118,,To do,11,Corrective-Low-4,Testing and Validation,"5,0",Minutes,10,"1,2,3,4","Electrician, Mecanician, Inspector Junior, Inspector Senior",,,,,"0,0",Minutes,Wallonia,,
1036,118,,To do,12,Corrective-Low-5,Documentation and Reporting,"5,0",Minutes,11,"1,2,3,4","Electrician, Mecanician, Inspector Junior, Inspector Senior",,,,,"0,0",Minutes,Wallonia,,
1037,118,,To do,13,Corrective-Low-6,Post-Maintenance Adjustments,"5,0",Minutes,12,"1,2,3,4","Electrician, Mecanician, Inspector Junior, Inspector Senior",,,,,"0,0",Minutes,Wallonia,,
1038,118,,To do,14,Corrective-Low-7,System Cleanup and Safety Checks,"10,0",Minutes,13,"1,2,3,4","Electrician, Mecanician, Inspector Junior, Inspector Senior",,,,,"0,0",Minutes,Wallonia,,
1039,119,,To do,8,Corrective-Low-1,Diagnostics and Troubleshooting,"30,0",Minutes,,"1,2,3,4","Electrician, Mecanician, Inspector Junior, Inspector Senior",,,,,"0,0",Minutes,Wallonia,,
1040,119,,To do,9,Corrective-Low-2,Component Repair and Replacement,"1,0",Hours,8,"1,2,3,4","Electrician, Mecanician, Inspector Junior, Inspector Senior",,,,,"0,0",Minutes,Wallonia,,
1041,119,,To do,10,Corrective-Low-3,Control System Checks,"5,0",Minutes,9,"1,2,3,4","Electrician, Mecanician, Inspector Junior, Inspector Senior",,,,,"0,0",Minutes,Wallonia,,
1042,119,,To do,11,Corrective-Low-4,Testing and Validation,"5,0",Minutes,10,"1,2,3,4","Electrician, Mecanician, Inspector Junior, Inspector Senior",,,,,"0,0",Minutes,Wallonia,,
1043,119,,To do,12,Corrective-Low-5,Documentation and Reporting,"5,0",Minutes,11,"1,2,3,4","Electrician, Mecanician, Inspector Junior, Inspector Senior",,,,,"0,0",Minutes,Wallonia,,
1044,119,,To do,13,Corrective-Low-6,Post-Maintenance Adjustments,"5,0",Minutes,12,"1,2,3,4","Electrician, Mecanician, Inspector Junior, Inspector Senior",,,,,"0,0",Minutes,Wallonia,,
1045,119,,To do,14,Corrective-Low-7,System Cleanup and Safety Checks,"10,0",Minutes,13,"1,2,3,4","Electrician, Mecanician, Inspector Junior, Inspector Senior",,,,,"0,0",Minutes,Wallonia,,
1046,120,,To do,8,Corrective-Low-1,Diagnostics and Troubleshooting,"30,0",Minutes,,"1,2,3,4","Electrician, Mecanician, Inspector Junior, Inspector Senior",,,,,"0,0",Minutes,Wallonia,,
1047,120,,To do,9,Corrective-Low-2,Component Repair and Replacement,"1,0",Hours,8,"1,2,3,4","Electrician, Mecanician, Inspector Junior, Inspector Senior",,,,,"0,0",Minutes,Wallonia,,
1048,120,,To do,10,Corrective-Low-3,Control System Checks,"5,0",Minutes,9,"1,2,3,4","Electrician, Mecanician, Inspector Junior, Inspector Senior",,,,,"0,0",Minutes,Wallonia,,
1049,120,,To do,11,Corrective-Low-4,Testing and Validation,"5,0",Minutes,10,"1,2,3,4","Electrician, Mecanician, Inspector Junior, Inspector Senior",,,,,"0,0",Minutes,Wallonia,,
1050,120,,To do,12,Corrective-Low-5,Documentation and Reporting,"5,0",Minutes,11,"1,2,3,4","Electrician, Mecanician, Inspector Junior, Inspector Senior",,,,,"0,0",Minutes,Wallonia,,
1051,120,,To do,13,Corrective-Low-6,Post-Maintenance Adjustments,"5,0",Minutes,12,"1,2,3,4","Electrician, Mecanician, Inspector Junior, Inspector Senior",,,,,"0,0",Minutes,Wallonia,,
1052,120,,To do,14,Corrective-Low-7,System Cleanup and Safety Checks,"10,0",Minutes,13,"1,2,3,4","Electrician, Mecanician, Inspector Junior, Inspector Senior",,,,,"0,0",Minutes,Wallonia,,
1060,122,,To do,8,Corrective-Low-1,Diagnostics and Troubleshooting,"30,0",Minutes,,"1,2,3,4","Electrician, Mecanician, Inspector Junior, Inspector Senior",,,,,"0,0",Minutes,Wallonia,,
1061,122,,To do,9,Corrective-Low-2,Component Repair and Replacement,"1,0",Hours,8,"1,2,3,4","Electrician, Mecanician, Inspector Junior, Inspector Senior",,,,,"0,0",Minutes,Wallonia,,
1062,122,,To do,10,Corrective-Low-3,Control System Checks,"5,0",Minutes,9,"1,2,3,4","Electrician, Mecanician, Inspector Junior, Inspector Senior",,,,,"0,0",Minutes,Wallonia,,
1063,122,,To do,11,Corrective-Low-4,Testing and Validation,"5,0",Minutes,10,"1,2,3,4","Electrician, Mecanician, Inspector Junior, Inspector Senior",,,,,"0,0",Minutes,Wallonia,,
1064,122,,To do,12,Corrective-Low-5,Documentation and Reporting,"5,0",Minutes,11,"1,2,3,4","Electrician, Mecanician, Inspector Junior, Inspector Senior",,,,,"0,0",Minutes,Wallonia,,
1065,122,,To do,13,Corrective-Low-6,Post-Maintenance Adjustments,"5,0",Minutes,12,"1,2,3,4","Electrician, Mecanician, Inspector Junior, Inspector Senior",,,,,"0,0",Minutes,Wallonia,,
1066,122,,To do,14,Corrective-Low-7,System Cleanup and Safety Checks,"10,0",Minutes,13,"1,2,3,4","Electrician, Mecanician, Inspector Junior, Inspector Senior",,,,,"0,0",Minutes,Wallonia,,
1067,123,,To do,8,Corrective-Low-1,Diagnostics and Troubleshooting,"30,0",Minutes,,"1,2,3,4","Electrician, Mecanician, Inspector Junior, Inspector Senior",,,,,"0,0",Minutes,Wallonia,,
1068,123,,To do,9,Corrective-Low-2,Component Repair and Replacement,"1,0",Hours,8,"1,2,3,4","Electrician, Mecanician, Inspector Junior, Inspector Senior",,,,,"0,0",Minutes,Wallonia,,
1069,123,,To do,10,Corrective-Low-3,Control System Checks,"5,0",Minutes,9,"1,2,3,4","Electrician, Mecanician, Inspector Junior, Inspector Senior",,,,,"0,0",Minutes,Wallonia,,
1070,123,,To do,11,Corrective-Low-4,Testing and Validation,"5,0",Minutes,10,"1,2,3,4","Electrician, Mecanician, Inspector Junior, Inspector Senior",,,,,"0,0",Minutes,Wallonia,,
1071,123,,To do,12,Corrective-Low-5,Documentation and Reporting,"5,0",Minutes,11,"1,2,3,4","Electrician, Mecanician, Inspector Junior, Inspector Senior",,,,,"0,0",Minutes,Wallonia,,
1072,123,,To do,13,Corrective-Low-6,Post-Maintenance Adjustments,"5,0",Minutes,12,"1,2,3,4","Electrician, Mecanician, Inspector Junior, Inspector Senior",,,,,"0,0",Minutes,Wallonia,,
1073,123,,To do,14,Corrective-Low-7,System Cleanup and Safety Checks,"10,0",Minutes,13,"1,2,3,4","Electrician, Mecanician, Inspector Junior, Inspector Senior",,,,,"0,0",Minutes,Wallonia,,
1074,124,,To do,8,Corrective-Low-1,Diagnostics and Troubleshooting,"30,0",Minutes,,"1,2,3,4","Electrician, Mecanician, Inspector Junior, Inspector Senior",,,,,"0,0",Minutes,Wallonia,,
1075,124,,To do,9,Corrective-Low-2,Component Repair and Replacement,"1,0",Hours,8,"1,2,3,4","Electrician, Mecanician, Inspector Junior, Inspector Senior",,,,,"0,0",Minutes,Wallonia,,
1076,124,,To do,10,Corrective-Low-3,Control System Checks,"5,0",Minutes,9,"1,2,3,4","Electrician, Mecanician, Inspector Junior, Inspector Senior",,,,,"0,0",Minutes,Wallonia,,
1077,124,,To do,11,Corrective-Low-4,Testing and Validation,"5,0",Minutes,10,"1,2,3,4","Electrician, Mecanician, Inspector Junior, Inspector Senior",,,,,"0,0",Minutes,Wallonia,,
1078,124,,To do,12,Corrective-Low-5,Documentation and Reporting,"5,0",Minutes,11,"1,2,3,4","Electrician, Mecanician, Inspector Junior, Inspector Senior",,,,,"0,0",Minutes,Wallonia,,
1079,124,,To do,13,Corrective-Low-6,Post-Maintenance Adjustments,"5,0",Minutes,12,"1,2,3,4","Electrician, Mecanician, Inspector Junior, Inspector Senior",,,,,"0,0",Minutes,Wallonia,,
1080,124,,To do,14,Corrective-Low-7,System Cleanup and Safety Checks,"10,0",Minutes,13,"1,2,3,4","Electrician, Mecanician, Inspector Junior, Inspector Senior",,,,,"0,0",Minutes,Wallonia,,
1081,125,,To do,8,Corrective-Low-1,Diagnostics and Troubleshooting,"30,0",Minutes,,"1,2,3,4","Electrician, Mecanician, Inspector Junior, Inspector Senior",,,,,"0,0",Minutes,Flanders,,
1082,125,,To do,9,Corrective-Low-2,Component Repair and Replacement,"1,0",Hours,8,"1,2,3,4","Electrician, Mecanician, Inspector Junior, Inspector Senior",,,,,"0,0",Minutes,Flanders,,
1083,125,,To do,10,Corrective-Low-3,Control System Checks,"5,0",Minutes,9,"1,2,3,4","Electrician, Mecanician, Inspector Junior, Inspector Senior",,,,,"0,0",Minutes,Flanders,,
1084,125,,To do,11,Corrective-Low-4,Testing and Validation,"5,0",Minutes,10,"1,2,3,4","Electrician, Mecanician, Inspector Junior, Inspector Senior",,,,,"0,0",Minutes,Flanders,,
1085,125,,To do,12,Corrective-Low-5,Documentation and Reporting,"5,0",Minutes,11,"1,2,3,4","Electrician, Mecanician, Inspector Junior, Inspector Senior",,,,,"0,0",Minutes,Flanders,,
1086,125,,To do,13,Corrective-Low-6,Post-Maintenance Adjustments,"5,0",Minutes,12,"1,2,3,4","Electrician, Mecanician, Inspector Junior, Inspector Senior",,,,,"0,0",Minutes,Flanders,,
1087,125,,To do,14,Corrective-Low-7,System Cleanup and Safety Checks,"10,0",Minutes,13,"1,2,3,4","Electrician, Mecanician, Inspector Junior, Inspector Senior",,,,,"0,0",Minutes,Flanders,,
1088,126,,To do,8,Corrective-Low-1,Diagnostics and Troubleshooting,"30,0",Minutes,,"1,2,3,4","Electrician, Mecanician, Inspector Junior, Inspector Senior",,,,,"0,0",Minutes,Flanders,,
1089,126,,To do,9,Corrective-Low-2,Component Repair and Replacement,"1,0",Hours,8,"1,2,3,4","Electrician, Mecanician, Inspector Junior, Inspector Senior",,,,,"0,0",Minutes,Flanders,,
1090,126,,To do,10,Corrective-Low-3,Control System Checks,"5,0",Minutes,9,"1,2,3,4","Electrician, Mecanician, Inspector Junior, Inspector Senior",,,,,"0,0",Minutes,Flanders,,
1091,126,,To do,11,Corrective-Low-4,Testing and Validation,"5,0",Minutes,10,"1,2,3,4","Electrician, Mecanician, Inspector Junior, Inspector Senior",,,,,"0,0",Minutes,Flanders,,
1092,126,,To do,12,Corrective-Low-5,Documentation and Reporting,"5,0",Minutes,11,"1,2,3,4","Electrician, Mecanician, Inspector Junior, Inspector Senior",,,,,"0,0",Minutes,Flanders,,
1093,126,,To do,13,Corrective-Low-6,Post-Maintenance Adjustments,"5,0",Minutes,12,"1,2,3,4","Electrician, Mecanician, Inspector Junior, Inspector Senior",,,,,"0,0",Minutes,Flanders,,
1094,126,,To do,14,Corrective-Low-7,System Cleanup and Safety Checks,"10,0",Minutes,13,"1,2,3,4","Electrician, Mecanician, Inspector Junior, Inspector Senior",,,,,"0,0",Minutes,Flanders,,
1095,127,,To do,8,Corrective-Low-1,Diagnostics and Troubleshooting,"30,0",Minutes,,"1,2,3,4","Electrician, Mecanician, Inspector Junior, Inspector Senior",,,,,"0,0",Minutes,Flanders,,
1096,127,,To do,9,Corrective-Low-2,Component Repair and Replacement,"1,0",Hours,8,"1,2,3,4","Electrician, Mecanician, Inspector Junior, Inspector Senior",,,,,"0,0",Minutes,Flanders,,
1097,127,,To do,10,Corrective-Low-3,Control System Checks,"5,0",Minutes,9,"1,2,3,4","Electrician, Mecanician, Inspector Junior, Inspector Senior",,,,,"0,0",Minutes,Flanders,,
1098,127,,To do,11,Corrective-Low-4,Testing and Validation,"5,0",Minutes,10,"1,2,3,4","Electrician, Mecanician, Inspector Junior, Inspector Senior",,,,,"0,0",Minutes,Flanders,,
1099,127,,To do,12,Corrective-Low-5,Documentation and Reporting,"5,0",Minutes,11,"1,2,3,4","Electrician, Mecanician, Inspector Junior, Inspector Senior",,,,,"0,0",Minutes,Flanders,,
1100,127,,To do,13,Corrective-Low-6,Post-Maintenance Adjustments,"5,0",Minutes,12,"1,2,3,4","Electrician, Mecanician, Inspector Junior, Inspector Senior",,,,,"0,0",Minutes,Flanders,,
1101,127,,To do,14,Corrective-Low-7,System Cleanup and Safety Checks,"10,0",Minutes,13,"1,2,3,4","Electrician, Mecanician, Inspector Junior, Inspector Senior",,,,,"0,0",Minutes,Flanders,,
1102,128,,To do,8,Corrective-Low-1,Diagnostics and Troubleshooting,"30,0",Minutes,,"1,2,3,4","Electrician, Mecanician, Inspector Junior, Inspector Senior",,,,,"0,0",Minutes,Flanders,,
1103,128,,To do,9,Corrective-Low-2,Component Repair and Replacement,"1,0",Hours,8,"1,2,3,4","Electrician, Mecanician, Inspector Junior, Inspector Senior",,,,,"0,0",Minutes,Flanders,,
1104,128,,To do,10,Corrective-Low-3,Control System Checks,"5,0",Minutes,9,"1,2,3,4","Electrician, Mecanician, Inspector Junior, Inspector Senior",,,,,"0,0",Minutes,Flanders,,
1105,128,,To do,11,Corrective-Low-4,Testing and Validation,"5,0",Minutes,10,"1,2,3,4","Electrician, Mecanician, Inspector Junior, Inspector Senior",,,,,"0,0",Minutes,Flanders,,
1106,128,,To do,12,Corrective-Low-5,Documentation and Reporting,"5,0",Minutes,11,"1,2,3,4","Electrician, Mecanician, Inspector Junior, Inspector Senior",,,,,"0,0",Minutes,Flanders,,
1107,128,,To do,13,Corrective-Low-6,Post-Maintenance Adjustments,"5,0",Minutes,12,"1,2,3,4","Electrician, Mecanician, Inspector Junior, Inspector Senior",,,,,"0,0",Minutes,Flanders,,
1108,128,,To do,14,Corrective-Low-7,System Cleanup and Safety Checks,"10,0",Minutes,13,"1,2,3,4","Electrician, Mecanician, Inspector Junior, Inspector Senior",,,,,"0,0",Minutes,Flanders,,
1109,129,,To do,8,Corrective-Low-1,Diagnostics and Troubleshooting,"30,0",Minutes,,"1,2,3,4","Electrician, Mecanician, Inspector Junior, Inspector Senior",,,,,"0,0",Minutes,Flanders,,
1110,129,,To do,9,Corrective-Low-2,Component Repair and Replacement,"1,0",Hours,8,"1,2,3,4","Electrician, Mecanician, Inspector Junior, Inspector Senior",,,,,"0,0",Minutes,Flanders,,
1111,129,,To do,10,Corrective-Low-3,Control System Checks,"5,0",Minutes,9,"1,2,3,4","Electrician, Mecanician, Inspector Junior, Inspector Senior",,,,,"0,0",Minutes,Flanders,,
1112,129,,To do,11,Corrective-Low-4,Testing and Validation,"5,0",Minutes,10,"1,2,3,4","Electrician, Mecanician, Inspector Junior, Inspector Senior",,,,,"0,0",Minutes,Flanders,,
1113,129,,To do,12,Corrective-Low-5,Documentation and Reporting,"5,0",Minutes,11,"1,2,3,4","Electrician, Mecanician, Inspector Junior, Inspector Senior",,,,,"0,0",Minutes,Flanders,,
1114,129,,To do,13,Corrective-Low-6,Post-Maintenance Adjustments,"5,0",Minutes,12,"1,2,3,4","Electrician, Mecanician, Inspector Junior, Inspector Senior",,,,,"0,0",Minutes,Flanders,,
1115,129,,To do,14,Corrective-Low-7,System Cleanup and Safety Checks,"10,0",Minutes,13,"1,2,3,4","Electrician, Mecanician, Inspector Junior, Inspector Senior",,,,,"0,0",Minutes,Flanders,,
1116,130,,To do,8,Corrective-Low-1,Diagnostics and Troubleshooting,"30,0",Minutes,,"1,2,3,4","Electrician, Mecanician, Inspector Junior, Inspector Senior",,,,,"0,0",Minutes,Flanders,,
1117,130,,To do,9,Corrective-Low-2,Component Repair and Replacement,"1,0",Hours,8,"1,2,3,4","Electrician, Mecanician, Inspector Junior, Inspector Senior",,,,,"0,0",Minutes,Flanders,,
1118,130,,To do,10,Corrective-Low-3,Control System Checks,"5,0",Minutes,9,"1,2,3,4","Electrician, Mecanician, Inspector Junior, Inspector Senior",,,,,"0,0",Minutes,Flanders,,
1119,130,,To do,11,Corrective-Low-4,Testing and Validation,"5,0",Minutes,10,"1,2,3,4","Electrician, Mecanician, Inspector Junior, Inspector Senior",,,,,"0,0",Minutes,Flanders,,
1120,130,,To do,12,Corrective-Low-5,Documentation and Reporting,"5,0",Minutes,11,"1,2,3,4","Electrician, Mecanician, Inspector Junior, Inspector Senior",,,,,"0,0",Minutes,Flanders,,
1121,130,,To do,13,Corrective-Low-6,Post-Maintenance Adjustments,"5,0",Minutes,12,"1,2,3,4","Electrician, Mecanician, Inspector Junior, Inspector Senior",,,,,"0,0",Minutes,Flanders,,
1122,130,,To do,14,Corrective-Low-7,System Cleanup and Safety Checks,"10,0",Minutes,13,"1,2,3,4","Electrician, Mecanician, Inspector Junior, Inspector Senior",,,,,"0,0",Minutes,Flanders,,
1123,131,,To do,8,Corrective-Low-1,Diagnostics and Troubleshooting,"30,0",Minutes,,"1,2,3,4","Electrician, Mecanician, Inspector Junior, Inspector Senior",,,,,"0,0",Minutes,Flanders,,
1124,131,,To do,9,Corrective-Low-2,Component Repair and Replacement,"1,0",Hours,8,"1,2,3,4","Electrician, Mecanician, Inspector Junior, Inspector Senior",,,,,"0,0",Minutes,Flanders,,
1125,131,,To do,10,Corrective-Low-3,Control System Checks,"5,0",Minutes,9,"1,2,3,4","Electrician, Mecanician, Inspector Junior, Inspector Senior",,,,,"0,0",Minutes,Flanders,,
1126,131,,To do,11,Corrective-Low-4,Testing and Validation,"5,0",Minutes,10,"1,2,3,4","Electrician, Mecanician, Inspector Junior, Inspector Senior",,,,,"0,0",Minutes,Flanders,,
1127,131,,To do,12,Corrective-Low-5,Documentation and Reporting,"5,0",Minutes,11,"1,2,3,4","Electrician, Mecanician, Inspector Junior, Inspector Senior",,,,,"0,0",Minutes,Flanders,,
1128,131,,To do,13,Corrective-Low-6,Post-Maintenance Adjustments,"5,0",Minutes,12,"1,2,3,4","Electrician, Mecanician, Inspector Junior, Inspector Senior",,,,,"0,0",Minutes,Flanders,,
1129,131,,To do,14,Corrective-Low-7,System Cleanup and Safety Checks,"10,0",Minutes,13,"1,2,3,4","Electrician, Mecanician, Inspector Junior, Inspector Senior",,,,,"0,0",Minutes,Flanders,,
1130,132,,To do,8,Corrective-Low-1,Diagnostics and Troubleshooting,"30,0",Minutes,,"1,2,3,4","Electrician, Mecanician, Inspector Junior, Inspector Senior",,,,,"0,0",Minutes,Flanders,,
1131,132,,To do,9,Corrective-Low-2,Component Repair and Replacement,"1,0",Hours,8,"1,2,3,4","Electrician, Mecanician, Inspector Junior, Inspector Senior",,,,,"0,0",Minutes,Flanders,,
1132,132,,To do,10,Corrective-Low-3,Control System Checks,"5,0",Minutes,9,"1,2,3,4","Electrician, Mecanician, Inspector Junior, Inspector Senior",,,,,"0,0",Minutes,Flanders,,
1133,132,,To do,11,Corrective-Low-4,Testing and Validation,"5,0",Minutes,10,"1,2,3,4","Electrician, Mecanician, Inspector Junior, Inspector Senior",,,,,"0,0",Minutes,Flanders,,
1134,132,,To do,12,Corrective-Low-5,Documentation and Reporting,"5,0",Minutes,11,"1,2,3,4","Electrician, Mecanician, Inspector Junior, Inspector Senior",,,,,"0,0",Minutes,Flanders,,
1135,132,,To do,13,Corrective-Low-6,Post-Maintenance Adjustments,"5,0",Minutes,12,"1,2,3,4","Electrician, Mecanician, Inspector Junior, Inspector Senior",,,,,"0,0",Minutes,Flanders,,
1136,132,,To do,14,Corrective-Low-7,System Cleanup and Safety Checks,"10,0",Minutes,13,"1,2,3,4","Electrician, Mecanician, Inspector Junior, Inspector Senior",,,,,"0,0",Minutes,Flanders,,
1137,133,,To do,8,Corrective-Low-1,Diagnostics and Troubleshooting,"30,0",Minutes,,"1,2,3,4","Electrician, Mecanician, Inspector Junior, Inspector Senior",,,,,"0,0",Minutes,Brussels,,
1138,133,,To do,9,Corrective-Low-2,Component Repair and Replacement,"1,0",Hours,8,"1,2,3,4","Electrician, Mecanician, Inspector Junior, Inspector Senior",,,,,"0,0",Minutes,Brussels,,
1139,133,,To do,10,Corrective-Low-3,Control System Checks,"5,0",Minutes,9,"1,2,3,4","Electrician, Mecanician, Inspector Junior, Inspector Senior",,,,,"0,0",Minutes,Brussels,,
1140,133,,To do,11,Corrective-Low-4,Testing and Validation,"5,0",Minutes,10,"1,2,3,4","Electrician, Mecanician, Inspector Junior, Inspector Senior",,,,,"0,0",Minutes,Brussels,,
1141,133,,To do,12,Corrective-Low-5,Documentation and Reporting,"5,0",Minutes,11,"1,2,3,4","Electrician, Mecanician, Inspector Junior, Inspector Senior",,,,,"0,0",Minutes,Brussels,,
1142,133,,To do,13,Corrective-Low-6,Post-Maintenance Adjustments,"5,0",Minutes,12,"1,2,3,4","Electrician, Mecanician, Inspector Junior, Inspector Senior",,,,,"0,0",Minutes,Brussels,,
1143,133,,To do,14,Corrective-Low-7,System Cleanup and Safety Checks,"10,0",Minutes,13,"1,2,3,4","Electrician, Mecanician, Inspector Junior, Inspector Senior",,,,,"0,0",Minutes,Brussels,,
1144,134,,To do,8,Corrective-Low-1,Diagnostics and Troubleshooting,"30,0",Minutes,,"1,2,3,4","Electrician, Mecanician, Inspector Junior, Inspector Senior",,,,,"0,0",Minutes,Brussels,,
1145,134,,To do,9,Corrective-Low-2,Component Repair and Replacement,"1,0",Hours,8,"1,2,3,4","Electrician, Mecanician, Inspector Junior, Inspector Senior",,,,,"0,0",Minutes,Brussels,,
1146,134,,To do,10,Corrective-Low-3,Control System Checks,"5,0",Minutes,9,"1,2,3,4","Electrician, Mecanician, Inspector Junior, Inspector Senior",,,,,"0,0",Minutes,Brussels,,
1147,134,,To do,11,Corrective-Low-4,Testing and Validation,"5,0",Minutes,10,"1,2,3,4","Electrician, Mecanician, Inspector Junior, Inspector Senior",,,,,"0,0",Minutes,Brussels,,
1148,134,,To do,12,Corrective-Low-5,Documentation and Reporting,"5,0",Minutes,11,"1,2,3,4","Electrician, Mecanician, Inspector Junior, Inspector Senior",,,,,"0,0",Minutes,Brussels,,
1149,134,,To do,13,Corrective-Low-6,Post-Maintenance Adjustments,"5,0",Minutes,12,"1,2,3,4","Electrician, Mecanician, Inspector Junior, Inspector Senior",,,,,"0,0",Minutes,Brussels,,
1150,134,,To do,14,Corrective-Low-7,System Cleanup and Safety Checks,"10,0",Minutes,13,"1,2,3,4","Electrician, Mecanician, Inspector Junior, Inspector Senior",,,,,"0,0",Minutes,Brussels,,
1151,135,,To do,8,Corrective-Low-1,Diagnostics and Troubleshooting,"30,0",Minutes,,"1,2,3,4","Electrician, Mecanician, Inspector Junior, Inspector Senior",,,,,"0,0",Minutes,Brussels,,
1152,135,,To do,9,Corrective-Low-2,Component Repair and Replacement,"1,0",Hours,8,"1,2,3,4","Electrician, Mecanician, Inspector Junior, Inspector Senior",,,,,"0,0",Minutes,Brussels,,
1153,135,,To do,10,Corrective-Low-3,Control System Checks,"5,0",Minutes,9,"1,2,3,4","Electrician, Mecanician, Inspector Junior, Inspector Senior",,,,,"0,0",Minutes,Brussels,,
1154,135,,To do,11,Corrective-Low-4,Testing and Validation,"5,0",Minutes,10,"1,2,3,4","Electrician, Mecanician, Inspector Junior, Inspector Senior",,,,,"0,0",Minutes,Brussels,,
1155,135,,To do,12,Corrective-Low-5,Documentation and Reporting,"5,0",Minutes,11,"1,2,3,4","Electrician, Mecanician, Inspector Junior, Inspector Senior",,,,,"0,0",Minutes,Brussels,,
1156,135,,To do,13,Corrective-Low-6,Post-Maintenance Adjustments,"5,0",Minutes,12,"1,2,3,4","Electrician, Mecanician, Inspector Junior, Inspector Senior",,,,,"0,0",Minutes,Brussels,,
1157,135,,To do,14,Corrective-Low-7,System Cleanup and Safety Checks,"10,0",Minutes,13,"1,2,3,4","Electrician, Mecanician, Inspector Junior, Inspector Senior",,,,,"0,0",Minutes,Brussels,,
1160,136,,To do,8,Corrective-Low-1,Diagnostics and Troubleshooting,"30,0",Minutes,,"1,2,3,4","Electrician, Mecanician, Inspector Junior, Inspector Senior",,,,,"0,0",Minutes,Brussels,,
1161,136,,To do,9,Corrective-Low-2,Component Repair and Replacement,"1,0",Hours,8,"1,2,3,4","Electrician, Mecanician, Inspector Junior, Inspector Senior",,,,,"0,0",Minutes,Brussels,,
1162,136,,To do,10,Corrective-Low-3,Control System Checks,"5,0",Minutes,9,"1,2,3,4","Electrician, Mecanician, Inspector Junior, Inspector Senior",,,,,"0,0",Minutes,Brussels,,
1163,136,,To do,11,Corrective-Low-4,Testing and Validation,"5,0",Minutes,10,"1,2,3,4","Electrician, Mecanician, Inspector Junior, Inspector Senior",,,,,"0,0",Minutes,Brussels,,
1164,136,,To do,12,Corrective-Low-5,Documentation and Reporting,"5,0",Minutes,11,"1,2,3,4","Electrician, Mecanician, Inspector Junior, Inspector Senior",,,,,"0,0",Minutes,Brussels,,
1165,136,,To do,13,Corrective-Low-6,Post-Maintenance Adjustments,"5,0",Minutes,12,"1,2,3,4","Electrician, Mecanician, Inspector Junior, Inspector Senior",,,,,"0,0",Minutes,Brussels,,
1166,136,,To do,14,Corrective-Low-7,System Cleanup and Safety Checks,"10,0",Minutes,13,"1,2,3,4","Electrician, Mecanician, Inspector Junior, Inspector Senior",,,,,"0,0",Minutes,Brussels,,
1167,137,,To do,8,Corrective-Low-1,Diagnostics and Troubleshooting,"30,0",Minutes,,"1,2,3,4","Electrician, Mecanician, Inspector Junior, Inspector Senior",,,,,"0,0",Minutes,Brussels,,
1168,137,,To do,9,Corrective-Low-2,Component Repair and Replacement,"1,0",Hours,8,"1,2,3,4","Electrician, Mecanician, Inspector Junior, Inspector Senior",,,,,"0,0",Minutes,Brussels,,
1169,137,,To do,10,Corrective-Low-3,Control System Checks,"5,0",Minutes,9,"1,2,3,4","Electrician, Mecanician, Inspector Junior, Inspector Senior",,,,,"0,0",Minutes,Brussels,,
1170,137,,To do,11,Corrective-Low-4,Testing and Validation,"5,0",Minutes,10,"1,2,3,4","Electrician, Mecanician, Inspector Junior, Inspector Senior",,,,,"0,0",Minutes,Brussels,,
1171,137,,To do,12,Corrective-Low-5,Documentation and Reporting,"5,0",Minutes,11,"1,2,3,4","Electrician, Mecanician, Inspector Junior, Inspector Senior",,,,,"0,0",Minutes,Brussels,,
1172,137,,To do,13,Corrective-Low-6,Post-Maintenance Adjustments,"5,0",Minutes,12,"1,2,3,4","Electrician, Mecanician, Inspector Junior, Inspector Senior",,,,,"0,0",Minutes,Brussels,,
1173,137,,To do,14,Corrective-Low-7,System Cleanup and Safety Checks,"10,0",Minutes,13,"1,2,3,4","Electrician, Mecanician, Inspector Junior, Inspector Senior",,,,,"0,0",Minutes,Brussels,,
1174,138,,To do,8,Corrective-Low-1,Diagnostics and Troubleshooting,"30,0",Minutes,,"1,2,3,4","Electrician, Mecanician, Inspector Junior, Inspector Senior",,,,,"0,0",Minutes,Brussels,,
1175,138,,To do,9,Corrective-Low-2,Component Repair and Replacement,"1,0",Hours,8,"1,2,3,4","Electrician, Mecanician, Inspector Junior, Inspector Senior",,,,,"0,0",Minutes,Brussels,,
1176,138,,To do,10,Corrective-Low-3,Control System Checks,"5,0",Minutes,9,"1,2,3,4","Electrician, Mecanician, Inspector Junior, Inspector Senior",,,,,"0,0",Minutes,Brussels,,
1177,138,,To do,11,Corrective-Low-4,Testing and Validation,"5,0",Minutes,10,"1,2,3,4","Electrician, Mecanician, Inspector Junior, Inspector Senior",,,,,"0,0",Minutes,Brussels,,
1178,138,,To do,12,Corrective-Low-5,Documentation and Reporting,"5,0",Minutes,11,"1,2,3,4","Electrician, Mecanician, Inspector Junior, Inspector Senior",,,,,"0,0",Minutes,Brussels,,
1179,138,,To do,13,Corrective-Low-6,Post-Maintenance Adjustments,"5,0",Minutes,12,"1,2,3,4","Electrician, Mecanician, Inspector Junior, Inspector Senior",,,,,"0,0",Minutes,Brussels,,
1180,138,,To do,14,Corrective-Low-7,System Cleanup and Safety Checks,"10,0",Minutes,13,"1,2,3,4","Electrician, Mecanician, Inspector Junior, Inspector Senior",,,,,"0,0",Minutes,Brussels,,
1181,139,,To do,8,Corrective-Low-1,Diagnostics and Troubleshooting,"30,0",Minutes,,"1,2,3,4","Electrician, Mecanician, Inspector Junior, Inspector Senior",,,,,"0,0",Minutes,Brussels,,
1182,139,,To do,9,Corrective-Low-2,Component Repair and Replacement,"1,0",Hours,8,"1,2,3,4","Electrician, Mecanician, Inspector Junior, Inspector Senior",,,,,"0,0",Minutes,Brussels,,
1183,139,,To do,10,Corrective-Low-3,Control System Checks,"5,0",Minutes,9,"1,2,3,4","Electrician, Mecanician, Inspector Junior, Inspector Senior",,,,,"0,0",Minutes,Brussels,,
1184,139,,To do,11,Corrective-Low-4,Testing and Validation,"5,0",Minutes,10,"1,2,3,4","Electrician, Mecanician, Inspector Junior, Inspector Senior",,,,,"0,0",Minutes,Brussels,,
1185,139,,To do,12,Corrective-Low-5,Documentation and Reporting,"5,0",Minutes,11,"1,2,3,4","Electrician, Mecanician, Inspector Junior, Inspector Senior",,,,,"0,0",Minutes,Brussels,,
1186,139,,To do,13,Corrective-Low-6,Post-Maintenance Adjustments,"5,0",Minutes,12,"1,2,3,4","Electrician, Mecanician, Inspector Junior, Inspector Senior",,,,,"0,0",Minutes,Brussels,,
1187,139,,To do,14,Corrective-Low-7,System Cleanup and Safety Checks,"10,0",Minutes,13,"1,2,3,4","Electrician, Mecanician, Inspector Junior, Inspector Senior",,,,,"0,0",Minutes,Brussels,,
1188,140,,To do,8,Corrective-Low-1,Diagnostics and Troubleshooting,"30,0",Minutes,,"1,2,3,4","Electrician, Mecanician, Inspector Junior, Inspector Senior",,,,,"0,0",Minutes,Brussels,,
1189,140,,To do,9,Corrective-Low-2,Component Repair and Replacement,"1,0",Hours,8,"1,2,3,4","Electrician, Mecanician, Inspector Junior, Inspector Senior",,,,,"0,0",Minutes,Brussels,,
1190,140,,To do,10,Corrective-Low-3,Control System Checks,"5,0",Minutes,9,"1,2,3,4","Electrician, Mecanician, Inspector Junior, Inspector Senior",,,,,"0,0",Minutes,Brussels,,
1191,140,,To do,11,Corrective-Low-4,Testing and Validation,"5,0",Minutes,10,"1,2,3,4","Electrician, Mecanician, Inspector Junior, Inspector Senior",,,,,"0,0",Minutes,Brussels,,
1192,140,,To do,12,Corrective-Low-5,Documentation and Reporting,"5,0",Minutes,11,"1,2,3,4","Electrician, Mecanician, Inspector Junior, Inspector Senior",,,,,"0,0",Minutes,Brussels,,
1193,140,,To do,13,Corrective-Low-6,Post-Maintenance Adjustments,"5,0",Minutes,12,"1,2,3,4","Electrician, Mecanician, Inspector Junior, Inspector Senior",,,,,"0,0",Minutes,Brussels,,
1194,140,,To do,14,Corrective-Low-7,System Cleanup and Safety Checks,"10,0",Minutes,13,"1,2,3,4","Electrician, Mecanician, Inspector Junior, Inspector Senior",,,,,"0,0",Minutes,Brussels,,
1195,141,,To do,8,Corrective-Low-1,Diagnostics and Troubleshooting,"30,0",Minutes,,"1,2,3,4","Electrician, Mecanician, Inspector Junior, Inspector Senior",,,,,"0,0",Minutes,Brussels,,
1196,141,,To do,9,Corrective-Low-2,Component Repair and Replacement,"1,0",Hours,8,"1,2,3,4","Electrician, Mecanician, Inspector Junior, Inspector Senior",,,,,"0,0",Minutes,Brussels,,
1197,141,,To do,10,Corrective-Low-3,Control System Checks,"5,0",Minutes,9,"1,2,3,4","Electrician, Mecanician, Inspector Junior, Inspector Senior",,,,,"0,0",Minutes,Brussels,,
1198,141,,To do,11,Corrective-Low-4,Testing and Validation,"5,0",Minutes,10,"1,2,3,4","Electrician, Mecanician, Inspector Junior, Inspector Senior",,,,,"0,0",Minutes,Brussels,,
1199,141,,To do,12,Corrective-Low-5,Documentation and Reporting,"5,0",Minutes,11,"1,2,3,4","Electrician, Mecanician, Inspector Junior, Inspector Senior",,,,,"0,0",Minutes,Brussels,,
1200,141,,To do,13,Corrective-Low-6,Post-Maintenance Adjustments,"5,0",Minutes,12,"1,2,3,4","Electrician, Mecanician, Inspector Junior, Inspector Senior",,,,,"0,0",Minutes,Brussels,,
1201,141,,To do,14,Corrective-Low-7,System Cleanup and Safety Checks,"10,0",Minutes,13,"1,2,3,4","Electrician, Mecanician, Inspector Junior, Inspector Senior",,,,,"0,0",Minutes,Brussels,,
1257,143,,To do,15,Preventive-monthly-1,Safety Systems Check,"30,0",Minutes,,"3,4","Inspector Junior, Inspector Senior",4/11/2024,8/11/2024,,,"0,0",Minutes,Brussels,,
1258,143,,To do,16,Preventive-monthly-2,Structural and Mechanical Inspection,"30,0",Minutes,15,"3,4","Inspector Junior, Inspector Senior",4/11/2024,8/11/2024,,,"0,0",Minutes,Brussels,,
1259,143,,To do,17,Preventive-monthly-3,Electrical and Control Systems Examination,"30,0",Minutes,16,"3,4","Inspector Junior, Inspector Senior",4/11/2024,8/11/2024,,,"0,0",Minutes,Brussels,,
1260,143,,To do,18,Preventive-monthly-4,Performance and Load Testing,"50,0",Minutes,17,"3,4","Inspector Junior, Inspector Senior",4/11/2024,8/11/2024,,,"0,0",Minutes,Brussels,,
1261,143,,To do,19,Preventive-monthly-5,Documentation and Compliance Verification,"10,0",Minutes,18,"3,4","Inspector Junior, Inspector Senior",4/11/2024,8/11/2024,,,"0,0",Minutes,Brussels,,
1252,144,,To do,15,Preventive-monthly-1,Safety Systems Check,"30,0",Minutes,,"3,4","Inspector Junior, Inspector Senior",4/11/2024,8/11/2024,,,"0,0",Minutes,Brussels,,
1253,144,,To do,16,Preventive-monthly-2,Structural and Mechanical Inspection,"30,0",Minutes,15,"3,4","Inspector Junior, Inspector Senior",4/11/2024,8/11/2024,,,"0,0",Minutes,Brussels,,
1254,144,,To do,17,Preventive-monthly-3,Electrical and Control Systems Examination,"30,0",Minutes,16,"3,4","Inspector Junior, Inspector Senior",4/11/2024,8/11/2024,,,"0,0",Minutes,Brussels,,
1255,144,,To do,18,Preventive-monthly-4,Performance and Load Testing,"50,0",Minutes,17,"3,4","Inspector Junior, Inspector Senior",4/11/2024,8/11/2024,,,"0,0",Minutes,Brussels,,
1256,144,,To do,19,Preventive-monthly-5,Documentation and Compliance Verification,"10,0",Minutes,18,"3,4","Inspector Junior, Inspector Senior",4/11/2024,8/11/2024,,,"0,0",Minutes,Brussels,,
1247,145,,To do,15,Preventive-monthly-1,Safety Systems Check,"30,0",Minutes,,"3,4","Inspector Junior, Inspector Senior",11/11/2024,15/11/2024,,,"0,0",Minutes,Wallonia,,
1248,145,,To do,16,Preventive-monthly-2,Structural and Mechanical Inspection,"30,0",Minutes,15,"3,4","Inspector Junior, Inspector Senior",11/11/2024,15/11/2024,,,"0,0",Minutes,Wallonia,,
1249,145,,To do,17,Preventive-monthly-3,Electrical and Control Systems Examination,"30,0",Minutes,16,"3,4","Inspector Junior, Inspector Senior",11/11/2024,15/11/2024,,,"0,0",Minutes,Wallonia,,
1250,145,,To do,18,Preventive-monthly-4,Performance and Load Testing,"50,0",Minutes,17,"3,4","Inspector Junior, Inspector Senior",11/11/2024,15/11/2024,,,"0,0",Minutes,Wallonia,,
1251,145,,To do,19,Preventive-monthly-5,Documentation and Compliance Verification,"10,0",Minutes,18,"3,4","Inspector Junior, Inspector Senior",11/11/2024,15/11/2024,,,"0,0",Minutes,Wallonia,,
1242,146,,To do,15,Preventive-monthly-1,Safety Systems Check,"30,0",Minutes,,"3,4","Inspector Junior, Inspector Senior",4/11/2024,8/11/2024,,,"0,0",Minutes,Wallonia,,
1243,146,,To do,16,Preventive-monthly-2,Structural and Mechanical Inspection,"30,0",Minutes,15,"3,4","Inspector Junior, Inspector Senior",4/11/2024,8/11/2024,,,"0,0",Minutes,Wallonia,,
1244,146,,To do,17,Preventive-monthly-3,Electrical and Control Systems Examination,"30,0",Minutes,16,"3,4","Inspector Junior, Inspector Senior",4/11/2024,8/11/2024,,,"0,0",Minutes,Wallonia,,
1245,146,,To do,18,Preventive-monthly-4,Performance and Load Testing,"50,0",Minutes,17,"3,4","Inspector Junior, Inspector Senior",4/11/2024,8/11/2024,,,"0,0",Minutes,Wallonia,,
1246,146,,To do,19,Preventive-monthly-5,Documentation and Compliance Verification,"10,0",Minutes,18,"3,4","Inspector Junior, Inspector Senior",4/11/2024,8/11/2024,,,"0,0",Minutes,Wallonia,,
1237,147,,To do,15,Preventive-monthly-1,Safety Systems Check,"30,0",Minutes,,"3,4","Inspector Junior, Inspector Senior",4/11/2024,8/11/2024,,,"0,0",Minutes,Wallonia,,
1238,147,,To do,16,Preventive-monthly-2,Structural and Mechanical Inspection,"30,0",Minutes,15,"3,4","Inspector Junior, Inspector Senior",4/11/2024,8/11/2024,,,"0,0",Minutes,Wallonia,,
1239,147,,To do,17,Preventive-monthly-3,Electrical and Control Systems Examination,"30,0",Minutes,16,"3,4","Inspector Junior, Inspector Senior",4/11/2024,8/11/2024,,,"0,0",Minutes,Wallonia,,
1240,147,,To do,18,Preventive-monthly-4,Performance and Load Testing,"50,0",Minutes,17,"3,4","Inspector Junior, Inspector Senior",4/11/2024,8/11/2024,,,"0,0",Minutes,Wallonia,,
1241,147,,To do,19,Preventive-monthly-5,Documentation and Compliance Verification,"10,0",Minutes,18,"3,4","Inspector Junior, Inspector Senior",4/11/2024,8/11/2024,,,"0,0",Minutes,Wallonia,,
1232,148,,To do,15,Preventive-monthly-1,Safety Systems Check,"30,0",Minutes,,"3,4","Inspector Junior, Inspector Senior",4/11/2024,8/11/2024,,,"0,0",Minutes,Brussels,,
1233,148,,To do,16,Preventive-monthly-2,Structural and Mechanical Inspection,"30,0",Minutes,15,"3,4","Inspector Junior, Inspector Senior",4/11/2024,8/11/2024,,,"0,0",Minutes,Brussels,,
1234,148,,To do,17,Preventive-monthly-3,Electrical and Control Systems Examination,"30,0",Minutes,16,"3,4","Inspector Junior, Inspector Senior",4/11/2024,8/11/2024,,,"0,0",Minutes,Brussels,,
1235,148,,To do,18,Preventive-monthly-4,Performance and Load Testing,"50,0",Minutes,17,"3,4","Inspector Junior, Inspector Senior",4/11/2024,8/11/2024,,,"0,0",Minutes,Brussels,,
1236,148,,To do,19,Preventive-monthly-5,Documentation and Compliance Verification,"10,0",Minutes,18,"3,4","Inspector Junior, Inspector Senior",4/11/2024,8/11/2024,,,"0,0",Minutes,Brussels,,
1227,149,,To do,15,Preventive-monthly-1,Safety Systems Check,"30,0",Minutes,,"3,4","Inspector Junior, Inspector Senior",11/11/2024,15/11/2024,,,"0,0",Minutes,Brussels,,
1228,149,,To do,16,Preventive-monthly-2,Structural and Mechanical Inspection,"30,0",Minutes,15,"3,4","Inspector Junior, Inspector Senior",11/11/2024,15/11/2024,,,"0,0",Minutes,Brussels,,
1229,149,,To do,17,Preventive-monthly-3,Electrical and Control Systems Examination,"30,0",Minutes,16,"3,4","Inspector Junior, Inspector Senior",11/11/2024,15/11/2024,,,"0,0",Minutes,Brussels,,
1230,149,,To do,18,Preventive-monthly-4,Performance and Load Testing,"50,0",Minutes,17,"3,4","Inspector Junior, Inspector Senior",11/11/2024,15/11/2024,,,"0,0",Minutes,Brussels,,
1231,149,,To do,19,Preventive-monthly-5,Documentation and Compliance Verification,"10,0",Minutes,18,"3,4","Inspector Junior, Inspector Senior",11/11/2024,15/11/2024,,,"0,0",Minutes,Brussels,,
1222,150,,To do,15,Preventive-monthly-1,Safety Systems Check,"30,0",Minutes,,"3,4","Inspector Junior, Inspector Senior",4/11/2024,8/11/2024,,,"0,0",Minutes,Brussels,,
1223,150,,To do,16,Preventive-monthly-2,Structural and Mechanical Inspection,"30,0",Minutes,15,"3,4","Inspector Junior, Inspector Senior",4/11/2024,8/11/2024,,,"0,0",Minutes,Brussels,,
1224,150,,To do,17,Preventive-monthly-3,Electrical and Control Systems Examination,"30,0",Minutes,16,"3,4","Inspector Junior, Inspector Senior",4/11/2024,8/11/2024,,,"0,0",Minutes,Brussels,,
1225,150,,To do,18,Preventive-monthly-4,Performance and Load Testing,"50,0",Minutes,17,"3,4","Inspector Junior, Inspector Senior",4/11/2024,8/11/2024,,,"0,0",Minutes,Brussels,,
1226,150,,To do,19,Preventive-monthly-5,Documentation and Compliance Verification,"10,0",Minutes,18,"3,4","Inspector Junior, Inspector Senior",4/11/2024,8/11/2024,,,"0,0",Minutes,Brussels,,
1217,151,,To do,15,Preventive-monthly-1,Safety Systems Check,"30,0",Minutes,,"3,4","Inspector Junior, Inspector Senior",4/11/2024,8/11/2024,,,"0,0",Minutes,Wallonia,,
1218,151,,To do,16,Preventive-monthly-2,Structural and Mechanical Inspection,"30,0",Minutes,15,"3,4","Inspector Junior, Inspector Senior",4/11/2024,8/11/2024,,,"0,0",Minutes,Wallonia,,
1219,151,,To do,17,Preventive-monthly-3,Electrical and Control Systems Examination,"30,0",Minutes,16,"3,4","Inspector Junior, Inspector Senior",4/11/2024,8/11/2024,,,"0,0",Minutes,Wallonia,,
1220,151,,To do,18,Preventive-monthly-4,Performance and Load Testing,"50,0",Minutes,17,"3,4","Inspector Junior, Inspector Senior",4/11/2024,8/11/2024,,,"0,0",Minutes,Wallonia,,
1221,151,,To do,19,Preventive-monthly-5,Documentation and Compliance Verification,"10,0",Minutes,18,"3,4","Inspector Junior, Inspector Senior",4/11/2024,8/11/2024,,,"0,0",Minutes,Wallonia,,
1212,152,,To do,15,Preventive-monthly-1,Safety Systems Check,"30,0",Minutes,,"3,4","Inspector Junior, Inspector Senior",11/11/2024,15/11/2024,,,"0,0",Minutes,Wallonia,,
1213,152,,To do,16,Preventive-monthly-2,Structural and Mechanical Inspection,"30,0",Minutes,15,"3,4","Inspector Junior, Inspector Senior",11/11/2024,15/11/2024,,,"0,0",Minutes,Wallonia,,
1214,152,,To do,17,Preventive-monthly-3,Electrical and Control Systems Examination,"30,0",Minutes,16,"3,4","Inspector Junior, Inspector Senior",11/11/2024,15/11/2024,,,"0,0",Minutes,Wallonia,,
1215,152,,To do,18,Preventive-monthly-4,Performance and Load Testing,"50,0",Minutes,17,"3,4","Inspector Junior, Inspector Senior",11/11/2024,15/11/2024,,,"0,0",Minutes,Wallonia,,
1216,152,,To do,19,Preventive-monthly-5,Documentation and Compliance Verification,"10,0",Minutes,18,"3,4","Inspector Junior, Inspector Senior",11/11/2024,15/11/2024,,,"0,0",Minutes,Wallonia,,
1207,153,,To do,15,Preventive-monthly-1,Safety Systems Check,"30,0",Minutes,,"3,4","Inspector Junior, Inspector Senior",4/11/2024,8/11/2024,,,"0,0",Minutes,Wallonia,,
1208,153,,To do,16,Preventive-monthly-2,Structural and Mechanical Inspection,"30,0",Minutes,15,"3,4","Inspector Junior, Inspector Senior",4/11/2024,8/11/2024,,,"0,0",Minutes,Wallonia,,
1209,153,,To do,17,Preventive-monthly-3,Electrical and Control Systems Examination,"30,0",Minutes,16,"3,4","Inspector Junior, Inspector Senior",4/11/2024,8/11/2024,,,"0,0",Minutes,Wallonia,,
1210,153,,To do,18,Preventive-monthly-4,Performance and Load Testing,"50,0",Minutes,17,"3,4","Inspector Junior, Inspector Senior",4/11/2024,8/11/2024,,,"0,0",Minutes,Wallonia,,
1211,153,,To do,19,Preventive-monthly-5,Documentation and Compliance Verification,"10,0",Minutes,18,"3,4","Inspector Junior, Inspector Senior",4/11/2024,8/11/2024,,,"0,0",Minutes,Wallonia,,
1202,154,,To do,15,Preventive-monthly-1,Safety Systems Check,"30,0",Minutes,,"3,4","Inspector Junior, Inspector Senior",4/11/2024,8/11/2024,,,"0,0",Minutes,Wallonia,,
1203,154,,To do,16,Preventive-monthly-2,Structural and Mechanical Inspection,"30,0",Minutes,15,"3,4","Inspector Junior, Inspector Senior",4/11/2024,8/11/2024,,,"0,0",Minutes,Wallonia,,
1204,154,,To do,17,Preventive-monthly-3,Electrical and Control Systems Examination,"30,0",Minutes,16,"3,4","Inspector Junior, Inspector Senior",4/11/2024,8/11/2024,,,"0,0",Minutes,Wallonia,,
1205,154,,To do,18,Preventive-monthly-4,Performance and Load Testing,"50,0",Minutes,17,"3,4","Inspector Junior, Inspector Senior",4/11/2024,8/11/2024,,,"0,0",Minutes,Wallonia,,
1206,154,,To do,19,Preventive-monthly-5,Documentation and Compliance Verification,"10,0",Minutes,18,"3,4","Inspector Junior, Inspector Senior",4/11/2024,8/11/2024,,,"0,0",Minutes,Wallonia,,
1264,155,,To do,23,Corrective-Meca-1,Lubrication of Moving Parts,"1,0",Hours,,2,Mecanician,,,,,"0,0",Minutes,Brussels,,
1265,155,,To do,24,Corrective-Meca-2,Inspection and Adjustment of Suspension Cables,"30,0",Minutes,23,2,Mecanician,,,,,"0,0",Minutes,Brussels,,
1266,155,,To do,25,Corrective-Meca-3,Alignment and Adjustment of Door Mechanisms,"30,0",Minutes,24,2,Mecanician,,,,,"0,0",Minutes,Brussels,,
1267,156,,To do,23,Corrective-Meca-1,Lubrication of Moving Parts,"1,0",Hours,,2,Mecanician,,,,,"0,0",Minutes,Brussels,,
1268,156,,To do,24,Corrective-Meca-2,Inspection and Adjustment of Suspension Cables,"30,0",Minutes,23,2,Mecanician,,,,,"0,0",Minutes,Brussels,,
1269,156,,To do,25,Corrective-Meca-3,Alignment and Adjustment of Door Mechanisms,"30,0",Minutes,24,2,Mecanician,,,,,"0,0",Minutes,Brussels,,
1270,157,,To do,23,Corrective-Meca-1,Lubrication of Moving Parts,"1,0",Hours,,2,Mecanician,,,,,"0,0",Minutes,Brussels,,
1271,157,,To do,24,Corrective-Meca-2,Inspection and Adjustment of Suspension Cables,"30,0",Minutes,23,2,Mecanician,,,,,"0,0",Minutes,Brussels,,
1272,157,,To do,25,Corrective-Meca-3,Alignment and Adjustment of Door Mechanisms,"30,0",Minutes,24,2,Mecanician,,,,,"0,0",Minutes,Brussels,,
1273,158,,To do,23,Corrective-Meca-1,Lubrication of Moving Parts,"1,0",Hours,,2,Mecanician,,,,,"0,0",Minutes,Brussels,,
1274,158,,To do,24,Corrective-Meca-2,Inspection and Adjustment of Suspension Cables,"30,0",Minutes,23,2,Mecanician,,,,,"0,0",Minutes,Brussels,,
1275,158,,To do,25,Corrective-Meca-3,Alignment and Adjustment of Door Mechanisms,"30,0",Minutes,24,2,Mecanician,,,,,"0,0",Minutes,Brussels,,
1276,159,,To do,23,Corrective-Meca-1,Lubrication of Moving Parts,"1,0",Hours,,2,Mecanician,,,,,"0,0",Minutes,Brussels,,
1277,159,,To do,24,Corrective-Meca-2,Inspection and Adjustment of Suspension Cables,"30,0",Minutes,23,2,Mecanician,,,,,"0,0",Minutes,Brussels,,
1278,159,,To do,25,Corrective-Meca-3,Alignment and Adjustment of Door Mechanisms,"30,0",Minutes,24,2,Mecanician,,,,,"0,0",Minutes,Brussels,,
1279,160,,To do,23,Corrective-Meca-1,Lubrication of Moving Parts,"1,0",Hours,,2,Mecanician,,,,,"0,0",Minutes,Brussels,,
1280,160,,To do,24,Corrective-Meca-2,Inspection and Adjustment of Suspension Cables,"30,0",Minutes,23,2,Mecanician,,,,,"0,0",Minutes,Brussels,,
1281,160,,To do,25,Corrective-Meca-3,Alignment and Adjustment of Door Mechanisms,"30,0",Minutes,24,2,Mecanician,,,,,"0,0",Minutes,Brussels,,
1282,161,,To do,23,Corrective-Meca-1,Lubrication of Moving Parts,"1,0",Hours,,2,Mecanician,,,,,"0,0",Minutes,Brussels,,
1283,161,,To do,24,Corrective-Meca-2,Inspection and Adjustment of Suspension Cables,"30,0",Minutes,23,2,Mecanician,,,,,"0,0",Minutes,Brussels,,
1284,161,,To do,25,Corrective-Meca-3,Alignment and Adjustment of Door Mechanisms,"30,0",Minutes,24,2,Mecanician,,,,,"0,0",Minutes,Brussels,,
1285,162,,To do,23,Corrective-Meca-1,Lubrication of Moving Parts,"1,0",Hours,,2,Mecanician,,,,,"0,0",Minutes,Flanders,,
1286,162,,To do,24,Corrective-Meca-2,Inspection and Adjustment of Suspension Cables,"30,0",Minutes,23,2,Mecanician,,,,,"0,0",Minutes,Flanders,,
1287,162,,To do,25,Corrective-Meca-3,Alignment and Adjustment of Door Mechanisms,"30,0",Minutes,24,2,Mecanician,,,,,"0,0",Minutes,Flanders,,
1288,163,,To do,23,Corrective-Meca-1,Lubrication of Moving Parts,"1,0",Hours,,2,Mecanician,,,,,"0,0",Minutes,Flanders,,
1289,163,,To do,24,Corrective-Meca-2,Inspection and Adjustment of Suspension Cables,"30,0",Minutes,23,2,Mecanician,,,,,"0,0",Minutes,Flanders,,
1290,163,,To do,25,Corrective-Meca-3,Alignment and Adjustment of Door Mechanisms,"30,0",Minutes,24,2,Mecanician,,,,,"0,0",Minutes,Flanders,,
1291,164,,To do,23,Corrective-Meca-1,Lubrication of Moving Parts,"1,0",Hours,,2,Mecanician,,,,,"0,0",Minutes,Flanders,,
1292,164,,To do,24,Corrective-Meca-2,Inspection and Adjustment of Suspension Cables,"30,0",Minutes,23,2,Mecanician,,,,,"0,0",Minutes,Flanders,,
1293,164,,To do,25,Corrective-Meca-3,Alignment and Adjustment of Door Mechanisms,"30,0",Minutes,24,2,Mecanician,,,,,"0,0",Minutes,Flanders,,
1294,165,,To do,23,Corrective-Meca-1,Lubrication of Moving Parts,"1,0",Hours,,2,Mecanician,,,,,"0,0",Minutes,Wallonia,,
1295,165,,To do,24,Corrective-Meca-2,Inspection and Adjustment of Suspension Cables,"30,0",Minutes,23,2,Mecanician,,,,,"0,0",Minutes,Wallonia,,
1296,165,,To do,25,Corrective-Meca-3,Alignment and Adjustment of Door Mechanisms,"30,0",Minutes,24,2,Mecanician,,,,,"0,0",Minutes,Wallonia,,
1297,166,,To do,23,Corrective-Meca-1,Lubrication of Moving Parts,"1,0",Hours,,2,Mecanician,,,,,"0,0",Minutes,Wallonia,,
1298,166,,To do,24,Corrective-Meca-2,Inspection and Adjustment of Suspension Cables,"30,0",Minutes,23,2,Mecanician,,,,,"0,0",Minutes,Wallonia,,
1299,166,,To do,25,Corrective-Meca-3,Alignment and Adjustment of Door Mechanisms,"30,0",Minutes,24,2,Mecanician,,,,,"0,0",Minutes,Wallonia,,
1300,167,,To do,23,Corrective-Meca-1,Lubrication of Moving Parts,"1,0",Hours,,2,Mecanician,,,,,"0,0",Minutes,Wallonia,,
1301,167,,To do,24,Corrective-Meca-2,Inspection and Adjustment of Suspension Cables,"30,0",Minutes,23,2,Mecanician,,,,,"0,0",Minutes,Wallonia,,
1302,167,,To do,25,Corrective-Meca-3,Alignment and Adjustment of Door Mechanisms,"30,0",Minutes,24,2,Mecanician,,,,,"0,0",Minutes,Wallonia,,
1306,169,,To do,26,Corrective-Elec-1,Inspection and Testing of Control Panels,"45,0",Minutes,,1,Electrician,,,,,"0,0",Minutes,Brussels,,
1307,169,,To do,27,Corrective-Elec-2,Checking and Testing of Safety Circuits,"45,0",Minutes,26,1,Electrician,,,,,"0,0",Minutes,Brussels,,
1309,170,,To do,26,Corrective-Elec-1,Inspection and Testing of Control Panels,"45,0",Minutes,,1,Electrician,,,,,"0,0",Minutes,Brussels,,
1310,170,,To do,27,Corrective-Elec-2,Checking and Testing of Safety Circuits,"45,0",Minutes,26,1,Electrician,,,,,"0,0",Minutes,Brussels,,
1335,171,,To do,26,Corrective-Elec-1,Inspection and Testing of Control Panels,"45,0",Minutes,,1,Electrician,,,,,"0,0",Minutes,Flanders,,
1336,171,,To do,27,Corrective-Elec-2,Checking and Testing of Safety Circuits,"45,0",Minutes,26,1,Electrician,,,,,"0,0",Minutes,Flanders,,
1333,172,,To do,26,Corrective-Elec-1,Inspection and Testing of Control Panels,"45,0",Minutes,,1,Electrician,,,,,"0,0",Minutes,Flanders,,
1334,172,,To do,27,Corrective-Elec-2,Checking and Testing of Safety Circuits,"45,0",Minutes,26,1,Electrician,,,,,"0,0",Minutes,Flanders,,
1331,173,,To do,26,Corrective-Elec-1,Inspection and Testing of Control Panels,"45,0",Minutes,,1,Electrician,,,,,"0,0",Minutes,Flanders,,
1332,173,,To do,27,Corrective-Elec-2,Checking and Testing of Safety Circuits,"45,0",Minutes,26,1,Electrician,,,,,"0,0",Minutes,Flanders,,
1329,174,,To do,26,Corrective-Elec-1,Inspection and Testing of Control Panels,"45,0",Minutes,,1,Electrician,,,,,"0,0",Minutes,Flanders,,
1330,174,,To do,27,Corrective-Elec-2,Checking and Testing of Safety Circuits,"45,0",Minutes,26,1,Electrician,,,,,"0,0",Minutes,Flanders,,
1327,175,,To do,26,Corrective-Elec-1,Inspection and Testing of Control Panels,"45,0",Minutes,,1,Electrician,,,,,"0,0",Minutes,Flanders,,
1328,175,,To do,27,Corrective-Elec-2,Checking and Testing of Safety Circuits,"45,0",Minutes,26,1,Electrician,,,,,"0,0",Minutes,Flanders,,
1325,176,,To do,26,Corrective-Elec-1,Inspection and Testing of Control Panels,"45,0",Minutes,,1,Electrician,,,,,"0,0",Minutes,Flanders,,
1326,176,,To do,27,Corrective-Elec-2,Checking and Testing of Safety Circuits,"45,0",Minutes,26,1,Electrician,,,,,"0,0",Minutes,Flanders,,
1323,177,,To do,26,Corrective-Elec-1,Inspection and Testing of Control Panels,"45,0",Minutes,,1,Electrician,,,,,"0,0",Minutes,Flanders,,
1324,177,,To do,27,Corrective-Elec-2,Checking and Testing of Safety Circuits,"45,0",Minutes,26,1,Electrician,,,,,"0,0",Minutes,Flanders,,
1321,178,,To do,26,Corrective-Elec-1,Inspection and Testing of Control Panels,"45,0",Minutes,,1,Electrician,,,,,"0,0",Minutes,Wallonia,,
1322,178,,To do,27,Corrective-Elec-2,Checking and Testing of Safety Circuits,"45,0",Minutes,26,1,Electrician,,,,,"0,0",Minutes,Wallonia,,
1319,179,,To do,26,Corrective-Elec-1,Inspection and Testing of Control Panels,"45,0",Minutes,,1,Electrician,,,,,"0,0",Minutes,Wallonia,,
1320,179,,To do,27,Corrective-Elec-2,Checking and Testing of Safety Circuits,"45,0",Minutes,26,1,Electrician,,,,,"0,0",Minutes,Wallonia,,
1317,180,,To do,26,Corrective-Elec-1,Inspection and Testing of Control Panels,"45,0",Minutes,,1,Electrician,,,,,"0,0",Minutes,Wallonia,,
1318,180,,To do,27,Corrective-Elec-2,Checking and Testing of Safety Circuits,"45,0",Minutes,26,1,Electrician,,,,,"0,0",Minutes,Wallonia,,